,OG,site_pvalue_0.1,site_pvalue_0.05
0,OG6392.csv,2,0
1,OG14597.csv,2,1
2,OG10083.csv,4,3
3,OG12864.csv,4,2
4,OG18391.csv,10,2
5,OG10054.csv,0,0
6,OG12643.csv,4,0
7,OG5658.csv,1,0
8,OG3229.csv,3,2
9,OG4220.csv,2,0
10,OG9704.csv,2,1
11,OG6423.csv,2,1
12,OG9710.csv,1,0
13,OG2645.csv,2,1
14,OG15110.csv,1,0
15,OG13561.csv,12,5
16,OG10068.csv,1,1
17,OG1402.csv,1,0
18,OG9738.csv,1,1
19,OG7715.csv,5,1
20,OG3567.csv,3,0
21,OG4208.csv,1,0
22,OG5116.csv,4,2
23,OG17075.csv,0,0
24,OG7067.csv,2,1
25,OG3201.csv,3,0
26,OG14795.csv,3,0
27,OG2490.csv,7,3
28,OG4787.csv,4,1
29,OG11821.csv,4,1
30,OG14781.csv,1,0
31,OG14959.csv,2,1
32,OG4963.csv,3,1
33,OG15448.csv,13,7
34,OG4744.csv,0,0
35,OG6153.csv,1,0
36,OG1628.csv,3,1
37,OG16633.csv,8,1
38,OG6147.csv,1,1
39,OG10242.csv,1,0
40,OG4750.csv,4,0
41,OG4988.csv,2,0
42,OG3981.csv,0,0
43,OG9512.csv,3,1
44,OG3771.csv,0,0
45,OG8624.csv,7,3
46,OG1166.csv,1,1
47,OG3017.csv,1,0
48,OG2309.csv,4,2
49,OG3003.csv,4,4
50,OG14018.csv,16,5
51,OG9248.csv,10,3
52,OG8156.csv,0,0
53,OG17277.csv,1,0
54,OG8630.csv,3,2
55,OG5314.csv,0,0
56,OG3765.csv,7,1
57,OG3822.csv,7,2
58,OG8977.csv,1,1
59,OG6782.csv,11,5
60,OG16948.csv,6,1
61,OG2282.csv,1,0
62,OG16784.csv,0,0
63,OG10493.csv,3,1
64,OG16974.csv,9,0
65,OG6972.csv,0,0
66,OG9499.csv,2,0
67,OG10444.csv,1,0
68,OG11982.csv,0,0
69,OG14622.csv,2,1
70,OG4156.csv,3,1
71,OG12253.csv,1,1
72,OG14144.csv,0,0
73,OG6027.csv,7,3
74,OG16753.csv,2,0
75,OG1984.csv,3,0
76,OG6033.csv,3,1
77,OG16747.csv,4,1
78,OG12521.csv,8,4
79,OG10478.csv,3,0
80,OG1774.csv,3,1
81,OG12509.csv,1,0
82,OG5512.csv,2,1
83,OG5506.csv,4,0
84,OG1006.csv,3,0
85,OG8744.csv,0,0
86,OG3611.csv,6,0
87,OG1589.csv,8,5
88,OG17854.csv,3,1
89,OG12092.csv,4,1
90,OG4383.csv,11,1
91,OG12086.csv,2,1
92,OG2094.csv,4,1
93,OG12910.csv,3,0
94,OG9857.csv,2,2
95,OG8591.csv,3,1
96,OG2916.csv,1,1
97,OG12904.csv,1,0
98,OG6225.csv,1,0
99,OG9116.csv,0,0
100,OG8208.csv,7,2
101,OG2043.csv,3,1
102,OG4354.csv,5,2
103,OG14420.csv,9,6
104,OG9664.csv,2,1
105,OG7891.csv,6,2
106,OG1238.csv,1,1
107,OG4340.csv,2,1
108,OG14434.csv,1,1
109,OG5738.csv,8,3
110,OG1576.csv,4,1
111,OG11202.csv,1,0
112,OG5076.csv,6,0
113,OG8546.csv,2,1
114,OG1562.csv,1,1
115,OG15070.csv,0,0
116,OG9881.csv,2,0
117,OG3412.csv,5,2
118,OG5063.csv,6,4
119,OG5705.csv,3,0
120,OG3374.csv,1,1
121,OG18541.csv,1,1
122,OG6218.csv,6,1
123,OG5077.csv,8,2
124,OG15703.csv,1,1
125,OG14435.csv,1,0
126,OG4341.csv,2,1
127,OG2730.csv,7,2
128,OG10653.csv,3,3
129,OG14353.csv,1,0
130,OG4433.csv,1,0
131,OG17896.csv,4,1
132,OG16550.csv,1,0
133,OG2917.csv,2,1
134,OG8584.csv,0,0
135,OG9842.csv,0,0
136,OG12905.csv,3,1
137,OG12911.csv,17,8
138,OG12087.csv,3,0
139,OG4382.csv,3,1
140,OG14390.csv,3,0
141,OG14384.csv,4,2
142,OG2081.csv,4,0
143,OG3176.csv,1,1
144,OG13164.csv,4,1
145,OG3610.csv,2,1
146,OG8745.csv,2,1
147,OG7462.csv,0,0
148,OG16008.csv,1,0
149,OG13170.csv,2,0
150,OG14179.csv,6,1
151,OG5513.csv,5,2
152,OG9329.csv,2,1
153,OG2254.csv,4,0
154,OG16746.csv,5,0
155,OG17458.csv,3,0
156,OG13158.csv,2,2
157,OG12252.csv,3,1
158,OG5249.csv,19,7
159,OG6740.csv,7,2
160,OG9315.csv,10,0
161,OG10323.csv,6,1
162,OG4631.csv,7,0
163,OG12534.csv,1,1
164,OG9498.csv,3,2
165,OG16975.csv,4,1
166,OG4816.csv,11,5
167,OG3823.csv,1,1
168,OG12291.csv,5,4
169,OG14838.csv,0,0
170,OG15298.csv,5,1
171,OG16791.csv,2,0
172,OG15307.csv,6,4
173,OG13776.csv,2,0
174,OG3764.csv,4,1
175,OG13010.csv,5,1
176,OG8625.csv,5,3
177,OG2308.csv,2,2
178,OG11175.csv,4,2
179,OG4989.csv,4,1
180,OG16154.csv,1,1
181,OG18179.csv,1,1
182,OG3758.csv,1,1
183,OG15449.csv,3,2
184,OG10531.csv,7,2
185,OG10257.csv,3,0
186,OG6152.csv,5,2
187,OG2334.csv,0,0
188,OG4745.csv,5,1
189,OG8194.csv,7,2
190,OG16801.csv,2,1
191,OG16829.csv,4,1
192,OG16197.csv,2,0
193,OG8816.csv,1,1
194,OG2491.csv,6,3
195,OG4786.csv,1,0
196,OG5498.csv,1,1
197,OG17074.csv,3,0
198,OG5117.csv,0,0
199,OG1417.csv,4,1
200,OG8355.csv,2,1
201,OG3214.csv,2,1
202,OG5665.csv,2,1
203,OG17060.csv,1,1
204,OG9739.csv,9,2
205,OG1365.csv,1,0
206,OG4235.csv,1,0
207,OG10041.csv,2,2
208,OG4553.csv,3,3
209,OG13548.csv,4,1
210,OG15139.csv,2,2
211,OG3228.csv,3,1
212,OG2136.csv,1,1
213,OG6350.csv,1,0
214,OG18409.csv,0,0
215,OG2650.csv,5,1
216,OG9936.csv,1,0
217,OG18384.csv,5,1
218,OG12865.csv,1,1
219,OG18390.csv,3,0
220,OG9922.csv,5,2
221,OG12695.csv,7,2
222,OG4590.csv,2,2
223,OG10096.csv,3,3
224,OG12859.csv,1,1
225,OG13589.csv,1,0
226,OG2685.csv,6,1
227,OG17089.csv,8,1
228,OG2849.csv,4,1
229,OG12873.csv,1,0
230,OG2861.csv,6,2
231,OG12654.csv,6,3
232,OG4551.csv,12,4
233,OG10043.csv,4,1
234,OG9713.csv,1,0
235,OG10725.csv,2,1
236,OG18379.csv,3,2
237,OG4223.csv,3,1
238,OG14231.csv,1,0
239,OG7064.csv,1,1
240,OG8357.csv,0,0
241,OG9049.csv,3,2
242,OG1415.csv,4,0
243,OG1373.csv,6,3
244,OG7716.csv,6,2
245,OG3570.csv,0,0
246,OG8343.csv,4,3
247,OG6839.csv,2,1
248,OG12495.csv,2,0
249,OG6193.csv,0,0
250,OG13947.csv,3,0
251,OG3955.csv,1,0
252,OG16181.csv,3,1
253,OG16803.csv,15,2
254,OG2444.csv,8,3
255,OG11639.csv,1,0
256,OG16156.csv,2,0
257,OG2322.csv,3,2
258,OG13990.csv,3,1
259,OG15339.csv,2,0
260,OG2336.csv,1,0
261,OG10255.csv,1,0
262,OG1159.csv,1,0
263,OG1171.csv,4,3
264,OG15463.csv,8,1
265,OG13774.csv,1,1
266,OG15305.csv,4,1
267,OG11163.csv,1,0
268,OG10269.csv,1,1
269,OG18635.csv,3,1
270,OG15477.csv,5,1
271,OG11611.csv,3,2
272,OG12287.csv,10,3
273,OG14190.csv,7,1
274,OG16787.csv,3,2
275,OG1944.csv,0,0
276,OG16793.csv,5,0
277,OG1950.csv,8,5
278,OG14184.csv,1,0
279,OG4828.csv,3,1
280,OG8974.csv,1,1
281,OG8784.csv,0,0
282,OG16977.csv,0,0
283,OG12244.csv,3,0
284,OG6756.csv,14,2
285,OG16744.csv,5,1
286,OG2256.csv,1,1
287,OG2242.csv,5,0
288,OG6024.csv,2,2
289,OG10447.csv,1,0
290,OG12250.csv,1,0
291,OG8747.csv,9,3
292,OG7474.csv,8,2
293,OG3612.csv,0,0
294,OG13166.csv,2,0
295,OG5263.csv,4,0
296,OG15517.csv,1,1
297,OG6018.csv,2,1
298,OG4380.csv,2,1
299,OG12085.csv,17,4
300,OG7689.csv,0,0
301,OG4394.csv,6,4
302,OG12091.csv,22,10
303,OG2083.csv,6,1
304,OG17857.csv,2,1
305,OG2915.csv,2,1
306,OG9854.csv,3,1
307,OG6554.csv,0,0
308,OG2726.csv,12,2
309,OG5049.csv,11,5
310,OG9115.csv,2,1
311,OG11215.csv,5,2
312,OG4419.csv,1,0
313,OG5707.csv,0,0
314,OG3410.csv,5,0
315,OG18231.csv,1,0
316,OG8545.csv,7,2
317,OG18225.csv,5,3
318,OG8551.csv,2,1
319,OG10679.csv,3,2
320,OG16208.csv,1,1
321,OG13370.csv,1,1
322,OG18224.csv,3,1
323,OG17671.csv,3,1
324,OG1574.csv,10,1
325,OG15066.csv,1,0
326,OG5706.csv,1,1
327,OG4418.csv,4,1
328,OG18556.csv,0,0
329,OG17665.csv,0,0
330,OG11214.csv,1,0
331,OG1206.csv,5,2
332,OG17103.csv,0,0
333,OG9672.csv,17,9
334,OG5048.csv,2,1
335,OG4430.csv,1,0
336,OG7139.csv,2,1
337,OG1548.csv,1,1
338,OG6233.csv,1,1
339,OG14436.csv,3,1
340,OG13359.csv,1,1
341,OG10650.csv,0,0
342,OG9855.csv,1,0
343,OG12912.csv,10,2
344,OG12906.csv,1,1
345,OG8587.csv,1,1
346,OG9841.csv,6,2
347,OG10687.csv,2,0
348,OG14387.csv,3,0
349,OG3388.csv,13,5
350,OG5510.csv,1,1
351,OG6019.csv,1,1
352,OG7461.csv,3,0
353,OG13173.csv,2,0
354,OG7475.csv,4,0
355,OG8746.csv,4,3
356,OG16751.csv,1,0
357,OG16989.csv,1,0
358,OG2243.csv,9,1
359,OG16962.csv,9,3
360,OG4829.csv,1,0
361,OG16792.csv,6,2
362,OG3834.csv,3,1
363,OG10491.csv,1,1
364,OG16786.csv,4,2
365,OG13826.csv,9,2
366,OG14191.csv,2,1
367,OG13761.csv,2,1
368,OG18634.csv,2,1
369,OG1602.csv,4,0
370,OG8626.csv,1,1
371,OG15476.csv,3,3
372,OG5316.csv,7,3
373,OG2479.csv,7,2
374,OG1170.csv,0,0
375,OG17513.csv,6,2
376,OG6151.csv,1,1
377,OG5458.csv,1,1
378,OG12443.csv,2,1
379,OG2451.csv,4,0
380,OG16157.csv,8,2
381,OG12331.csv,2,0
382,OG15338.csv,0,0
383,OG4752.csv,4,3
384,OG8168.csv,6,4
385,OG16631.csv,5,2
386,OG16802.csv,5,2
387,OG4961.csv,6,3
388,OG14973.csv,1,1
389,OG6810.csv,1,1
390,OG12480.csv,1,1
391,OG3954.csv,0,0
392,OG10283.csv,3,0
393,OG4791.csv,4,3
394,OG8424.csv,8,3
395,OG7717.csv,4,2
396,OG6409.csv,1,0
397,OG13563.csv,1,1
398,OG2109.csv,1,1
399,OG14218.csv,8,1
400,OG1414.csv,5,3
401,OG18422.csv,2,0
402,OG15660.csv,7,2
403,OG9706.csv,1,1
404,OG15648.csv,0,0
405,OG12127.csv,6,1
406,OG4222.csv,4,1
407,OG5882.csv,2,0
408,OG7059.csv,1,1
409,OG14224.csv,2,1
410,OG4550.csv,3,1
411,OG12133.csv,5,1
412,OG3559.csv,5,2
413,OG10724.csv,3,2
414,OG9712.csv,3,1
415,OG18393.csv,4,0
416,OG2874.csv,7,3
417,OG8381.csv,3,0
418,OG18387.csv,9,1
419,OG2848.csv,0,0
420,OG6390.csv,6,3
421,OG5841.csv,1,0
422,OG4587.csv,6,2
423,OG12696.csv,5,1
424,OG5855.csv,4,3
425,OG7924.csv,3,1
426,OG14581.csv,0,0
427,OG10907.csv,3,2
428,OG6394.csv,1,0
429,OG17926.csv,1,0
430,OG16386.csv,5,3
431,OG1376.csv,1,1
432,OG7707.csv,0,0
433,OG18426.csv,4,1
434,OG1410.csv,1,0
435,OG13573.csv,12,3
436,OG18432.csv,3,0
437,OG1404.csv,0,0
438,OG11416.csv,4,2
439,OG1362.csv,2,0
440,OG7713.csv,6,1
441,OG10708.csv,5,3
442,OG3575.csv,3,1
443,OG6425.csv,2,1
444,OG4554.csv,7,3
445,OG10046.csv,5,1
446,OG16437.csv,12,4
447,OG10052.csv,1,0
448,OG2131.csv,1,1
449,OG12123.csv,3,0
450,OG8193.csv,1,1
451,OG4971.csv,4,3
452,OG6814.csv,1,0
453,OG14977.csv,9,3
454,OG4965.csv,0,0
455,OG8187.csv,3,2
456,OG12490.csv,0,0
457,OG10287.csv,8,4
458,OG6182.csv,6,2
459,OG6196.csv,11,5
460,OG13771.csv,4,0
461,OG5474.csv,5,0
462,OG16609.csv,1,0
463,OG9528.csv,6,3
464,OG5312.csv,3,1
465,OG12309.csv,3,0
466,OG5306.csv,8,1
467,OG6141.csv,3,1
468,OG16635.csv,5,0
469,OG13995.csv,1,1
470,OG12335.csv,6,1
471,OG16147.csv,3,0
472,OG3993.csv,0,0
473,OG12321.csv,3,2
474,OG4742.csv,2,2
475,OG15328.csv,5,2
476,OG16621.csv,3,1
477,OG16966.csv,13,3
478,OG8959.csv,9,4
479,OG4811.csv,0,0
480,OG16972.csv,6,1
481,OG4839.csv,1,0
482,OG11953.csv,4,1
483,OG3830.csv,7,1
484,OG3824.csv,8,1
485,OG13188.csv,5,0
486,OG6784.csv,1,0
487,OG15274.csv,4,0
488,OG7317.csv,11,2
489,OG4178.csv,2,1
490,OG2509.csv,0,0
491,OG16769.csv,16,5
492,OG13611.csv,1,1
493,OG6035.csv,4,0
494,OG12527.csv,5,4
495,OG15248.csv,1,0
496,OG4144.csv,10,2
497,OG9474.csv,1,1
498,OG11984.csv,1,0
499,OG2247.csv,10,3
500,OG3159.csv,2,1
501,OG10324.csv,6,2
502,OG6021.csv,3,2
503,OG9312.csv,5,1
504,OG12902.csv,18,6
505,OG12916.csv,6,1
506,OG8597.csv,7,2
507,OG11589.csv,2,1
508,OG7698.csv,1,0
509,OG18234.csv,1,0
510,OG1202.csv,2,2
511,OG17661.csv,4,3
512,OG17675.csv,4,1
513,OG8554.csv,1,1
514,OG17113.csv,1,1
515,OG3401.csv,1,0
516,OG10654.csv,6,1
517,OG4346.csv,3,2
518,OG1558.csv,3,2
519,OG10132.csv,4,2
520,OG7129.csv,0,0
521,OG9110.csv,30,11
522,OG11238.csv,4,0
523,OG16557.csv,1,0
524,OG17649.csv,9,4
525,OG14340.csv,8,2
526,OG12731.csv,0,0
527,OG4352.csv,2,0
528,OG13349.csv,2,0
529,OG16231.csv,7,2
530,OG9676.csv,2,1
531,OG12730.csv,2,1
532,OG4435.csv,2,0
533,OG17648.csv,5,1
534,OG11239.csv,7,1
535,OG7882.csv,3,2
536,OG15739.csv,2,1
537,OG12042.csv,0,0
538,OG9105.csv,2,1
539,OG2078.csv,5,3
540,OG3372.csv,14,5
541,OG18553.csv,4,1
542,OG17660.csv,3,1
543,OG9139.csv,1,0
544,OG2939.csv,1,0
545,OG9878.csv,6,5
546,OG2093.csv,16,3
547,OG9850.csv,2,1
548,OG10866.csv,2,0
549,OG2905.csv,3,2
550,OG9844.csv,2,0
551,OG10325.csv,5,1
552,OG6034.csv,3,2
553,OG16740.csv,12,8
554,OG10331.csv,1,1
555,OG8019.csv,2,2
556,OG16998.csv,5,1
557,OG5273.csv,7,2
558,OG13176.csv,2,1
559,OG8031.csv,0,0
560,OG1767.csv,4,1
561,OG5501.csv,1,0
562,OG15513.csv,2,1
563,OG1940.csv,11,3
564,OG16783.csv,0,0
565,OG4838.csv,3,0
566,OG14194.csv,1,1
567,OG8964.csv,11,2
568,OG6791.csv,3,0
569,OG6949.csv,3,2
570,OG8958.csv,6,1
571,OG8780.csv,5,2
572,OG6975.csv,4,3
573,OG14816.csv,2,0
574,OG11629.csv,1,1
575,OG6154.csv,8,3
576,OG15329.csv,7,2
577,OG13994.csv,3,1
578,OG14023.csv,2,2
579,OG10245.csv,5,3
580,OG7510.csv,7,1
581,OG3010.csv,6,4
582,OG11173.csv,2,2
583,OG8151.csv,1,1
584,OG1613.csv,10,4
585,OG15301.csv,3,2
586,OG3762.csv,9,3
587,OG15467.csv,0,0
588,OG5313.csv,1,1
589,OG11832.csv,3,1
590,OG3789.csv,8,2
591,OG4780.csv,6,1
592,OG4794.csv,4,1
593,OG13957.csv,1,0
594,OG11826.csv,2,0
595,OG14976.csv,5,1
596,OG6815.csv,2,1
597,OG8186.csv,1,1
598,OG6801.csv,0,0
599,OG2130.csv,5,2
600,OG9065.csv,3,1
601,OG1439.csv,1,1
602,OG7048.csv,0,0
603,OG10053.csv,8,2
604,OG6430.csv,15,3
605,OG9703.csv,2,2
606,OG14547.csv,3,2
607,OG13228.csv,4,3
608,OG8409.csv,2,1
609,OG10047.csv,48,16
610,OG4555.csv,1,1
611,OG2124.csv,1,0
612,OG12650.csv,3,2
613,OG9059.csv,13,6
614,OG1405.csv,0,0
615,OG15117.csv,4,2
616,OG5105.csv,0,0
617,OG8421.csv,3,1
618,OG1363.csv,3,0
619,OG2118.csv,1,0
620,OG17714.csv,9,1
621,OG2695.csv,2,1
622,OG7921.csv,2,1
623,OG5688.csv,2,1
624,OG4596.csv,5,1
625,OG5850.csv,2,0
626,OG18382.csv,4,0
627,OG10910.csv,3,0
628,OG18380.csv,2,1
629,OG10904.csv,3,2
630,OG2697.csv,9,3
631,OG5846.csv,4,2
632,OG5852.csv,2,0
633,OG2683.csv,3,0
634,OG1361.csv,2,1
635,OG8423.csv,0,0
636,OG7710.csv,7,4
637,OG13564.csv,4,1
638,OG6368.csv,2,2
639,OG18425.csv,4,2
640,OG1413.csv,0,0
641,OG15101.csv,1,0
642,OG12108.csv,10,1
643,OG11401.csv,6,0
644,OG8437.csv,2,2
645,OG8379.csv,3,1
646,OG4543.csv,0,0
647,OG3238.csv,12,4
648,OG4557.csv,17,4
649,OG10045.csv,8,1
650,OG6340.csv,2,0
651,OG9073.csv,5,3
652,OG16352.csv,3,1
653,OG1349.csv,2,1
654,OG10723.csv,4,1
655,OG2898.csv,13,4
656,OG12134.csv,8,4
657,OG4966.csv,13,7
658,OG16805.csv,3,2
659,OG8184.csv,2,1
660,OG14960.csv,3,1
661,OG11818.csv,6,1
662,OG10290.csv,8,5
663,OG1822.csv,0,0
664,OG16839.csv,2,0
665,OG6195.csv,12,4
666,OG8806.csv,4,2
667,OG8812.csv,4,2
668,OG1188.csv,1,1
669,OG11824.csv,0,0
670,OG3947.csv,5,2
671,OG5488.csv,3,1
672,OG4796.csv,0,0
673,OG11171.csv,4,3
674,OG14009.csv,1,0
675,OG15471.csv,12,4
676,OG13000.csv,1,1
677,OG8621.csv,1,0
678,OG18141.csv,6,4
679,OG2318.csv,2,1
680,OG11165.csv,2,0
681,OG12444.csv,1,1
682,OG9265.csv,3,1
683,OG12322.csv,2,0
684,OG2456.csv,4,1
685,OG15459.csv,7,1
686,OG14747.csv,2,2
687,OG16150.csv,0,0
688,OG6624.csv,4,3
689,OG17528.csv,2,1
690,OG14021.csv,0,0
691,OG13809.csv,4,1
692,OG16971.csv,1,0
693,OG6963.csv,1,1
694,OG6977.csv,4,2
695,OG16965.csv,3,0
696,OG16795.csv,7,2
697,OG2287.csv,9,3
698,OG4190.csv,4,3
699,OG11944.csv,3,0
700,OG10496.csv,1,1
701,OG15288.csv,17,5
702,OG16781.csv,1,0
703,OG16959.csv,3,0
704,OG1771.csv,5,1
705,OG15505.csv,1,1
706,OG8741.csv,2,1
707,OG15511.csv,6,2
708,OG1995.csv,3,1
709,OG16756.csv,7,4
710,OG10441.csv,3,2
711,OG13148.csv,5,3
712,OG2522.csv,3,1
713,OG4147.csv,1,1
714,OG3628.csv,2,1
715,OG2536.csv,3,1
716,OG5259.csv,6,1
717,OG4621.csv,5,2
718,OG10864.csv,1,0
719,OG8594.csv,3,1
720,OG12915.csv,6,1
721,OG6585.csv,1,1
722,OG4392.csv,10,1
723,OG14394.csv,4,3
724,OG7857.csv,3,0
725,OG5073.csv,2,1
726,OG3402.csv,0,0
727,OG5715.csv,8,1
728,OG1573.csv,2,1
729,OG17676.csv,1,0
730,OG8231.csv,3,1
731,OG6208.csv,1,1
732,OG17662.csv,6,2
733,OG7116.csv,1,1
734,OG3416.csv,4,1
735,OG8543.csv,6,2
736,OG7670.csv,3,2
737,OG18237.csv,1,0
738,OG14425.csv,0,0
739,OG4437.csv,1,1
740,OG14343.csv,2,0
741,OG10657.csv,8,3
742,OG9661.csv,0,0
743,OG16541.csv,2,0
744,OG9106.csv,13,5
745,OG12727.csv,5,0
746,OG9660.csv,9,4
747,OG10642.csv,5,1
748,OG2047.csv,10,3
749,OG10124.csv,3,0
750,OG9112.csv,9,1
751,OG6221.csv,6,1
752,OG17663.csv,4,2
753,OG18236.csv,19,3
754,OG7671.csv,4,1
755,OG3403.csv,2,1
756,OG12069.csv,2,0
757,OG1214.csv,0,0
758,OG9890.csv,3,0
759,OG17677.csv,1,1
760,OG14395.csv,4,0
761,OG2090.csv,5,1
762,OG10695.csv,7,4
763,OG7856.csv,5,3
764,OG4387.csv,8,4
765,OG15921.csv,2,1
766,OG10859.csv,1,0
767,OG16596.csv,2,1
768,OG12928.csv,1,0
769,OG9847.csv,3,3
770,OG10871.csv,6,4
771,OG8595.csv,5,2
772,OG12914.csv,5,1
773,OG2537.csv,3,0
774,OG2251.csv,4,0
775,OG16743.csv,3,1
776,OG2245.csv,2,1
777,OG2523.csv,15,5
778,OG4152.csv,3,0
779,OG10440.csv,2,1
780,OG15510.csv,0,0
781,OG10468.csv,6,5
782,OG16019.csv,2,2
783,OG9338.csv,1,0
784,OG2279.csv,0,0
785,OG11004.csv,3,1
786,OG8032.csv,4,1
787,OG5270.csv,4,2
788,OG3601.csv,5,3
789,OG3832.csv,1,0
790,OG14829.csv,1,1
791,OG11789.csv,1,0
792,OG16780.csv,5,2
793,OG3198.csv,6,1
794,OG1957.csv,15,6
795,OG8973.csv,2,0
796,OG6786.csv,5,2
797,OG11945.csv,3,3
798,OG8783.csv,3,1
799,OG16970.csv,5,2
800,OG6962.csv,0,0
801,OG9516.csv,3,0
802,OG2325.csv,11,4
803,OG4754.csv,1,1
804,OG16637.csv,2,1
805,OG6143.csv,1,0
806,OG1638.csv,5,1
807,OG13983.csv,2,0
808,OG9502.csv,7,1
809,OG18168.csv,5,2
810,OG15464.csv,8,0
811,OG11602.csv,4,1
812,OG1176.csv,2,2
813,OG3007.csv,1,1
814,OG15316.csv,7,2
815,OG8146.csv,1,0
816,OG11616.csv,2,1
817,OG10508.csv,1,1
818,OG6180.csv,3,2
819,OG13798.csv,4,0
820,OG14961.csv,1,0
821,OG13968.csv,0,0
822,OG4967.csv,6,1
823,OG18418.csv,7,4
824,OG4556.csv,3,1
825,OG2127.csv,0,0
826,OG5648.csv,2,1
827,OG4230.csv,6,3
828,OG10722.csv,6,0
829,OG7739.csv,2,1
830,OG1348.csv,2,0
831,OG9714.csv,5,2
832,OG16347.csv,6,0
833,OG12647.csv,3,0
834,OG10050.csv,2,2
835,OG5674.csv,3,1
836,OG1412.csv,0,0
837,OG18424.csv,14,2
838,OG7063.csv,3,2
839,OG8350.csv,5,3
840,OG10078.csv,0,0
841,OG8436.csv,2,1
842,OG9728.csv,11,5
843,OG5106.csv,1,1
844,OG11414.csv,6,2
845,OG6369.csv,9,2
846,OG5660.csv,4,3
847,OG10087.csv,2,0
848,OG10939.csv,1,1
849,OG2682.csv,6,0
850,OG7088.csv,2,1
851,OG5847.csv,1,1
852,OG10905.csv,6,2
853,OG18381.csv,4,1
854,OG10911.csv,3,2
855,OG4280.csv,16,3
856,OG2829.csv,11,3
857,OG14292.csv,1,0
858,OG2197.csv,1,0
859,OG15198.csv,6,0
860,OG8486.csv,7,2
861,OG9954.csv,2,1
862,OG16320.csv,1,0
863,OG6454.csv,9,4
864,OG8479.csv,2,0
865,OG2632.csv,5,0
866,OG12620.csv,2,1
867,OG10037.csv,5,3
868,OG7038.csv,2,1
869,OG9015.csv,3,1
870,OG1449.csv,0,0
871,OG12634.csv,2,0
872,OG4531.csv,2,1
873,OG4257.csv,3,1
874,OG5149.csv,2,1
875,OG7986.csv,1,0
876,OG13264.csv,6,2
877,OG1307.csv,2,0
878,OG18457.csv,5,0
879,OG7010.csv,3,0
880,OG1461.csv,4,2
881,OG5607.csv,3,2
882,OG3276.csv,1,0
883,OG14279.csv,16,5
884,OG18443.csv,1,1
885,OG8337.csv,2,1
886,OG11467.csv,0,0
887,OG3504.csv,6,3
888,OG1844.csv,2,0
889,OG6695.csv,1,0
890,OG11856.csv,0,0
891,OG10590.csv,6,3
892,OG3935.csv,2,0
893,OG12393.csv,3,1
894,OG4928.csv,7,2
895,OG1878.csv,2,0
896,OG16863.csv,3,1
897,OG8684.csv,1,1
898,OG16644.csv,1,0
899,OG3048.csv,1,0
900,OG4727.csv,8,2
901,OG2430.csv,5,2
902,OG10553.csv,2,1
903,OG12350.csv,7,3
904,OG4055.csv,1,1
905,OG14047.csv,5,0
906,OG16650.csv,5,0
907,OG9217.csv,2,0
908,OG8647.csv,5,2
909,OG7574.csv,3,1
910,OG15417.csv,4,0
911,OG3712.csv,1,1
912,OG15403.csv,23,3
913,OG2418.csv,2,1
914,OG11665.csv,2,1
915,OG7206.csv,6,3
916,OG11922.csv,2,0
917,OG2593.csv,11,2
918,OG15588.csv,12,4
919,OG14696.csv,2,1
920,OG11936.csv,2,1
921,OG8900.csv,0,0
922,OG10396.csv,11,3
923,OG13847.csv,1,0
924,OG8096.csv,4,3
925,OG8928.csv,0,0
926,OG8069.csv,5,2
927,OG16730.csv,0,0
928,OG15239.csv,0,0
929,OG4653.csv,3,1
930,OG7428.csv,2,2
931,OG14655.csv,1,1
932,OG2550.csv,0,0
933,OG13884.csv,2,1
934,OG5559.csv,2,1
935,OG4647.csv,2,2
936,OG6050.csv,13,4
937,OG9363.csv,2,1
938,OG16724.csv,11,4
939,OG3100.csv,4,2
940,OG8055.csv,2,0
941,OG8733.csv,1,0
942,OG2578.csv,5,1
943,OG5203.csv,1,1
944,OG15577.csv,1,0
945,OG1065.csv,3,0
946,OG11711.csv,0,0
947,OG5565.csv,2,0
948,OG3114.csv,1,0
949,OG16297.csv,1,0
950,OG6285.csv,4,2
951,OG12797.csv,3,2
952,OG4492.csv,2,0
953,OG4486.csv,5,3
954,OG2949.csv,7,1
955,OG10802.csv,15,5
956,OG4451.csv,5,0
957,OG9161.csv,1,1
958,OG11249.csv,4,2
959,OG17638.csv,3,0
960,OG15749.csv,5,1
961,OG12026.csv,6,2
962,OG15991.csv,7,2
963,OG16240.csv,3,2
964,OG5015.csv,4,0
965,OG10619.csv,5,0
966,OG9149.csv,6,2
967,OG8257.csv,2,2
968,OG17610.csv,2,1
969,OG14319.csv,4,2
970,OG12768.csv,2,2
971,OG15007.csv,1,0
972,OG3316.csv,1,0
973,OG5767.csv,1,0
974,OG17604.csv,3,1
975,OG8525.csv,1,1
976,OG1267.csv,0,0
977,OG17605.csv,6,0
978,OG1266.csv,2,0
979,OG18250.csv,2,0
980,OG17163.csv,0,0
981,OG1272.csv,0,0
982,OG3465.csv,5,2
983,OG13311.csv,10,4
984,OG12769.csv,1,0
985,OG13477.csv,3,1
986,OG3303.csv,1,0
987,OG1514.csv,0,0
988,OG16255.csv,1,1
989,OG7159.csv,2,0
990,OG12966.csv,2,1
991,OG4487.csv,1,0
992,OG5799.csv,10,2
993,OG1299.csv,1,1
994,OG13488.csv,8,2
995,OG5955.csv,10,2
996,OG8726.csv,2,1
997,OG1064.csv,1,0
998,OG15576.csv,8,1
999,OG5202.csv,3,1
1000,OG13107.csv,0,0
1001,OG6079.csv,8,3
1002,OG17413.csv,2,0
1003,OG5570.csv,1,0
1004,OG15562.csv,2,1
1005,OG3667.csv,1,0
1006,OG7429.csv,0,0
1007,OG9404.csv,16,8
1008,OG18708.csv,1,1
1009,OG13891.csv,2,1
1010,OG6045.csv,4,3
1011,OG10340.csv,6,2
1012,OG11738.csv,0,0
1013,OG3883.csv,1,0
1014,OG4134.csv,4,2
1015,OG4861.csv,1,1
1016,OG16916.csv,10,1
1017,OG8097.csv,7,5
1018,OG8901.csv,2,1
1019,OG14697.csv,1,0
1020,OG3854.csv,1,0
1021,OG10397.csv,5,1
1022,OG4691.csv,3,1
1023,OG3698.csv,9,4
1024,OG11116.csv,2,2
1025,OG13067.csv,4,2
1026,OG7575.csv,2,1
1027,OG8646.csv,1,1
1028,OG2425.csv,1,1
1029,OG6643.csv,1,0
1030,OG1892.csv,0,0
1031,OG9216.csv,0,0
1032,OG4732.csv,12,2
1033,OG2357.csv,3,2
1034,OG6131.csv,2,1
1035,OG16645.csv,4,0
1036,OG9564.csv,3,1
1037,OG2431.csv,3,0
1038,OG14913.csv,0,0
1039,OG6680.csv,1,0
1040,OG3920.csv,3,2
1041,OG1689.csv,1,0
1042,OG3934.csv,9,5
1043,OG10591.csv,7,2
1044,OG1474.csv,1,0
1045,OG7005.csv,5,2
1046,OG18442.csv,2,1
1047,OG12609.csv,16,8
1048,OG13271.csv,6,1
1049,OG3505.csv,9,4
1050,OG9996.csv,2,1
1051,OG7777.csv,7,2
1052,OG13265.csv,5,2
1053,OG3277.csv,13,6
1054,OG4518.csv,10,4
1055,OG13503.csv,18,6
1056,OG1460.csv,1,0
1057,OG8322.csv,0,0
1058,OG2141.csv,4,2
1059,OG16453.csv,6,2
1060,OG7987.csv,4,3
1061,OG17981.csv,1,0
1062,OG9000.csv,2,0
1063,OG4524.csv,1,0
1064,OG12621.csv,2,1
1065,OG10963.csv,2,1
1066,OG9941.csv,0,0
1067,OG5835.csv,3,2
1068,OG9969.csv,3,1
1069,OG7950.csv,6,2
1070,OG10793.csv,0,0
1071,OG2196.csv,5,2
1072,OG4297.csv,1,0
1073,OG5837.csv,13,5
1074,OG17940.csv,7,4
1075,OG14291.csv,5,1
1076,OG13298.csv,2,0
1077,OG15831.csv,7,3
1078,OG8491.csv,3,0
1079,OG8485.csv,3,1
1080,OG16337.csv,11,5
1081,OG6443.csv,1,0
1082,OG2143.csv,4,2
1083,OG4526.csv,2,0
1084,OG6331.csv,4,0
1085,OG9002.csv,2,1
1086,OG16323.csv,9,4
1087,OG6457.csv,3,1
1088,OG9764.csv,0,0
1089,OG2631.csv,1,1
1090,OG7761.csv,3,1
1091,OG4268.csv,1,0
1092,OG1462.csv,6,3
1093,OG13501.csv,8,4
1094,OG3275.csv,1,1
1095,OG14508.csv,3,2
1096,OG3513.csv,0,0
1097,OG1304.csv,2,1
1098,OG15399.csv,5,3
1099,OG11699.csv,3,1
1100,OG11841.csv,14,4
1101,OG12384.csv,2,0
1102,OG3936.csv,0,0
1103,OG3088.csv,8,3
1104,OG1847.csv,3,0
1105,OG9599.csv,5,2
1106,OG16653.csv,3,1
1107,OG6127.csv,8,2
1108,OG1890.csv,7,4
1109,OG6641.csv,4,2
1110,OG15428.csv,10,6
1111,OG2433.csv,2,2
1112,OG10550.csv,2,1
1113,OG9566.csv,1,1
1114,OG16647.csv,3,0
1115,OG6133.csv,8,3
1116,OG10236.csv,1,1
1117,OG2355.csv,1,0
1118,OG8136.csv,5,1
1119,OG14078.csv,3,1
1120,OG15366.csv,3,1
1121,OG8650.csv,2,1
1122,OG11666.csv,8,4
1123,OG5360.csv,0,0
1124,OG5406.csv,2,1
1125,OG15372.csv,1,0
1126,OG7211.csv,4,1
1127,OG2590.csv,1,0
1128,OG4693.csv,1,0
1129,OG13688.csv,3,1
1130,OG13850.csv,2,2
1131,OG13887.csv,5,2
1132,OG9406.csv,2,1
1133,OG13139.csv,3,1
1134,OG2553.csv,2,0
1135,OG10424.csv,6,2
1136,OG6047.csv,2,0
1137,OG1728.csv,0,0
1138,OG16733.csv,6,3
1139,OG12555.csv,0,0
1140,OG4650.csv,0,0
1141,OG4678.csv,0,0
1142,OG3671.csv,2,0
1143,OG11706.csv,6,5
1144,OG8730.csv,6,2
1145,OG15560.csv,2,0
1146,OG13677.csv,9,3
1147,OG7832.csv,2,1
1148,OG4491.csv,1,1
1149,OG15945.csv,1,0
1150,OG8297.csv,3,1
1151,OG2751.csv,5,2
1152,OG12743.csv,1,0
1153,OG5994.csv,8,1
1154,OG14326.csv,2,0
1155,OG2023.csv,4,0
1156,OG9176.csv,4,2
1157,OG10140.csv,8,4
1158,OG11538.csv,5,1
1159,OG4334.csv,10,3
1160,OG9638.csv,2,1
1161,OG15010.csv,2,2
1162,OG17607.csv,10,1
1163,OG1516.csv,0,0
1164,OG8254.csv,3,2
1165,OG17613.csv,1,0
1166,OG4308.csv,8,1
1167,OG18246.csv,0,0
1168,OG7601.csv,1,0
1169,OG5771.csv,2,2
1170,OG3300.csv,3,2
1171,OG7166.csv,2,1
1172,OG1517.csv,3,1
1173,OG7600.csv,12,4
1174,OG8533.csv,0,0
1175,OG17174.csv,2,1
1176,OG18247.csv,0,0
1177,OG3466.csv,3,1
1178,OG4309.csv,7,1
1179,OG5017.csv,18,10
1180,OG8527.csv,1,1
1181,OG18253.csv,1,0
1182,OG17606.csv,4,2
1183,OG16518.csv,0,0
1184,OG10141.csv,6,0
1185,OG2022.csv,0,0
1186,OG5995.csv,1,0
1187,OG16256.csv,4,0
1188,OG11539.csv,7,2
1189,OG1259.csv,6,2
1190,OG7628.csv,5,3
1191,OG2036.csv,7,0
1192,OG3328.csv,1,0
1193,OG8296.csv,2,2
1194,OG12965.csv,7,4
1195,OG8282.csv,4,1
1196,OG4490.csv,0,0
1197,OG5956.csv,15,5
1198,OG2793.csv,7,0
1199,OG7833.csv,0,0
1200,OG12781.csv,10,5
1201,OG13110.csv,6,3
1202,OG3664.csv,1,1
1203,OG10419.csv,1,0
1204,OG16068.csv,3,1
1205,OG1715.csv,6,3
1206,OG17410.csv,3,1
1207,OG3102.csv,11,1
1208,OG5567.csv,4,2
1209,OG15575.csv,1,1
1210,OG12232.csv,5,3
1211,OG5229.csv,5,3
1212,OG14125.csv,3,2
1213,OG13892.csv,0,0
1214,OG4889.csv,5,3
1215,OG6046.csv,3,2
1216,OG9375.csv,1,1
1217,OG16726.csv,3,0
1218,OG17438.csv,9,3
1219,OG4645.csv,4,0
1220,OG12540.csv,9,1
1221,OG3894.csv,14,6
1222,OG4123.csv,0,0
1223,OG8719.csv,3,1
1224,OG9407.csv,9,1
1225,OG16040.csv,11,3
1226,OG14864.csv,2,0
1227,OG13879.csv,0,0
1228,OG6913.csv,1,1
1229,OG14680.csv,1,0
1230,OG3843.csv,2,1
1231,OG1932.csv,2,1
1232,OG10394.csv,3,1
1233,OG1926.csv,9,1
1234,OG14694.csv,3,2
1235,OG2591.csv,2,1
1236,OG3857.csv,0,0
1237,OG15415.csv,3,0
1238,OG7576.csv,1,0
1239,OG7210.csv,4,3
1240,OG11115.csv,0,0
1241,OG1661.csv,5,2
1242,OG2368.csv,10,4
1243,OG3076.csv,4,2
1244,OG12408.csv,1,0
1245,OG14079.csv,3,1
1246,OG3062.csv,6,1
1247,OG7562.csv,5,3
1248,OG8679.csv,2,1
1249,OG14051.csv,1,1
1250,OG10237.csv,7,3
1251,OG11129.csv,3,2
1252,OG14910.csv,6,2
1253,OG4916.csv,15,3
1254,OG14904.csv,5,0
1255,OG2383.csv,0,0
1256,OG11840.csv,16,5
1257,OG6683.csv,1,0
1258,OG11698.csv,1,0
1259,OG18455.csv,10,3
1260,OG9759.csv,5,2
1261,OG13266.csv,2,1
1262,OG3506.csv,1,0
1263,OG17014.csv,1,0
1264,OG6318.csv,1,0
1265,OG17772.csv,1,0
1266,OG15165.csv,7,2
1267,OG3248.csv,4,1
1268,OG4241.csv,10,3
1269,OG7990.csv,4,2
1270,OG6442.csv,6,4
1271,OG12150.csv,3,1
1272,OG2142.csv,8,4
1273,OG10021.csv,1,1
1274,OG9956.csv,3,2
1275,OG2195.csv,3,1
1276,OG6495.csv,3,2
1277,OG12187.csv,4,2
1278,OG6481.csv,0,0
1279,OG7947.csv,5,1
1280,OG1488.csv,0,0
1281,OG10964.csv,2,2
1282,OG2813.csv,2,0
1283,OG6485.csv,16,9
1284,OG4292.csv,1,1
1285,OG4286.csv,2,1
1286,OG10794.csv,2,0
1287,OG6491.csv,2,0
1288,OG8331.csv,2,1
1289,OG18445.csv,1,0
1290,OG1473.csv,0,0
1291,OG7764.csv,4,0
1292,OG2608.csv,8,1
1293,OG1301.csv,1,0
1294,OG7016.csv,5,0
1295,OG6308.csv,1,1
1296,OG15175.csv,2,2
1297,OG10025.csv,4,2
1298,OG16454.csv,4,0
1299,OG3258.csv,19,4
1300,OG9761.csv,2,0
1301,OG12140.csv,3,0
1302,OG2152.csv,5,3
1303,OG13538.csv,7,3
1304,OG8696.csv,2,1
1305,OG6863.csv,4,0
1306,OG14900.csv,3,1
1307,OG8872.csv,0,0
1308,OG6687.csv,5,3
1309,OG13935.csv,8,1
1310,OG2393.csv,8,3
1311,OG12381.csv,6,1
1312,OG5371.csv,4,0
1313,OG15405.csv,5,3
1314,OG3700.csv,0,0
1315,OG4709.csv,7,3
1316,OG3066.csv,0,0
1317,OG2378.csv,1,0
1318,OG15363.csv,6,2
1319,OG15377.csv,16,3
1320,OG5403.csv,1,1
1321,OG7214.csv,3,1
1322,OG15411.csv,0,0
1323,OG13060.csv,2,0
1324,OG13048.csv,1,1
1325,OG2344.csv,10,3
1326,OG10227.csv,0,0
1327,OG2350.csv,14,4
1328,OG9563.csv,0,0
1329,OG16911.csv,5,0
1330,OG6903.csv,7,3
1331,OG14848.csv,8,4
1332,OG6095.csv,2,0
1333,OG4696.csv,3,0
1334,OG6081.csv,1,1
1335,OG11924.csv,2,1
1336,OG2218.csv,1,1
1337,OG5239.csv,2,2
1338,OG12544.csv,2,1
1339,OG4899.csv,3,0
1340,OG4641.csv,1,1
1341,OG7348.csv,0,0
1342,OG1739.csv,2,0
1343,OG9371.csv,1,1
1344,OG2224.csv,7,1
1345,OG3884.csv,4,1
1346,OG12236.csv,6,1
1347,OG8709.csv,3,2
1348,OG4480.csv,3,2
1349,OG7189.csv,6,2
1350,OG14486.csv,3,1
1351,OG1507.csv,0,0
1352,OG8245.csv,4,2
1353,OG7610.csv,1,1
1354,OG11515.csv,2,0
1355,OG15773.csv,7,3
1356,OG15767.csv,12,3
1357,OG3462.csv,3,2
1358,OG7604.csv,0,0
1359,OG18243.csv,4,1
1360,OG17616.csv,11,0
1361,OG10179.csv,1,1
1362,OG3304.csv,1,0
1363,OG4443.csv,3,3
1364,OG5985.csv,2,1
1365,OG16246.csv,7,4
1366,OG7638.csv,1,0
1367,OG6526.csv,6,2
1368,OG2740.csv,1,0
1369,OG2998.csv,1,0
1370,OG4331.csv,1,0
1371,OG14323.csv,8,3
1372,OG5749.csv,0,0
1373,OG15982.csv,1,1
1374,OG2999.csv,5,0
1375,OG16253.csv,2,2
1376,OG14322.csv,9,2
1377,OG5990.csv,4,0
1378,OG5984.csv,1,1
1379,OG14450.csv,4,2
1380,OG2755.csv,3,0
1381,OG7163.csv,1,1
1382,OG8250.csv,0,0
1383,OG1506.csv,1,0
1384,OG4318.csv,4,2
1385,OG3477.csv,0,0
1386,OG18256.csv,0,0
1387,OG12948.csv,0,0
1388,OG11299.csv,3,1
1389,OG10187.csv,1,1
1390,OG2966.csv,8,3
1391,OG8287.csv,2,1
1392,OG6043.csv,2,1
1393,OG10346.csv,2,0
1394,OG10420.csv,0,0
1395,OG6725.csv,1,1
1396,OG2543.csv,0,0
1397,OG4126.csv,0,0
1398,OG7349.csv,1,0
1399,OG10352.csv,2,0
1400,OG15564.csv,3,1
1401,OG3661.csv,1,1
1402,OG17373.csv,0,0
1403,OG7413.csv,5,2
1404,OG11716.csv,9,2
1405,OG15570.csv,8,3
1406,OG5562.csv,5,1
1407,OG1937.csv,5,3
1408,OG14685.csv,7,3
1409,OG2580.csv,2,1
1410,OG11925.csv,3,2
1411,OG2594.csv,5,0
1412,OG1923.csv,3,1
1413,OG6902.csv,3,1
1414,OG1658.csv,1,1
1415,OG9562.csv,5,1
1416,OG4046.csv,2,0
1417,OG6645.csv,3,2
1418,OG16131.csv,4,2
1419,OG2345.csv,7,2
1420,OG15376.csv,2,0
1421,OG15410.csv,1,1
1422,OG11662.csv,2,1
1423,OG6679.csv,5,2
1424,OG15404.csv,5,0
1425,OG5370.csv,6,1
1426,OG15362.csv,2,1
1427,OG17575.csv,10,3
1428,OG2392.csv,6,3
1429,OG15389.csv,1,0
1430,OG14929.csv,1,0
1431,OG8867.csv,4,1
1432,OG14083.csv,3,1
1433,OG4907.csv,5,0
1434,OG8683.csv,4,3
1435,OG9589.csv,3,3
1436,OG4536.csv,0,0
1437,OG3259.csv,12,4
1438,OG9774.csv,2,0
1439,OG1300.csv,2,0
1440,OG2609.csv,3,1
1441,OG15612.csv,2,0
1442,OG5600.csv,5,1
1443,OG8324.csv,2,1
1444,OG1472.csv,2,1
1445,OG8330.csv,1,0
1446,OG13511.csv,7,0
1447,OG5614.csv,0,0
1448,OG13277.csv,1,1
1449,OG4287.csv,11,5
1450,OG14295.csv,5,2
1451,OG1499.csv,2,0
1452,OG16496.csv,0,0
1453,OG2184.csv,1,1
1454,OG10959.csv,1,1
1455,OG6484.csv,3,0
1456,OG2812.csv,2,0
1457,OG17978.csv,2,0
1458,OG9953.csv,0,0
1459,OG2804.csv,8,2
1460,OG16480.csv,1,1
1461,OG10797.csv,3,2
1462,OG11489.csv,22,9
1463,OG7954.csv,2,0
1464,OG12194.csv,6,2
1465,OG2838.csv,2,0
1466,OG1464.csv,1,0
1467,OG12619.csv,2,0
1468,OG5602.csv,3,1
1469,OG3273.csv,1,1
1470,OG14268.csv,0,0
1471,OG13507.csv,5,2
1472,OG13261.csv,2,1
1473,OG16319.csv,4,1
1474,OG18334.csv,3,1
1475,OG10768.csv,2,1
1476,OG1316.csv,2,2
1477,OG4508.csv,4,0
1478,OG16443.csv,11,2
1479,OG3529.csv,12,8
1480,OG4252.csv,14,1
1481,OG2623.csv,12,0
1482,OG10998.csv,7,2
1483,OG6323.csv,4,2
1484,OG12631.csv,0,0
1485,OG14917.csv,4,2
1486,OG8695.csv,4,1
1487,OG8865.csv,19,6
1488,OG3930.csv,3,2
1489,OG5399.csv,0,0
1490,OG2390.csv,0,0
1491,OG1699.csv,10,5
1492,OG17588.csv,9,3
1493,OG16696.csv,4,1
1494,OG13936.csv,4,0
1495,OG3924.csv,0,0
1496,OG6684.csv,6,0
1497,OG10581.csv,5,0
1498,OG8642.csv,3,0
1499,OG11674.csv,0,0
1500,OG3717.csv,4,0
1501,OG17563.csv,1,0
1502,OG7217.csv,13,5
1503,OG7203.csv,0,0
1504,OG13711.csv,0,0
1505,OG5372.csv,7,0
1506,OG15406.csv,2,1
1507,OG9548.csv,1,1
1508,OG10556.csv,0,0
1509,OG11648.csv,12,4
1510,OG6135.csv,2,0
1511,OG9206.csv,0,0
1512,OG8118.csv,3,1
1513,OG2347.csv,3,2
1514,OG9212.csv,4,3
1515,OG1896.csv,4,0
1516,OG12355.csv,3,1
1517,OG4050.csv,5,3
1518,OG6900.csv,0,0
1519,OG4871.csv,6,1
1520,OG8911.csv,4,1
1521,OG14687.csv,3,1
1522,OG4681.csv,1,0
1523,OG8905.csv,4,3
1524,OG7405.csv,2,1
1525,OG13117.csv,4,1
1526,OG15566.csv,4,1
1527,OG12209.csv,4,2
1528,OG8050.csv,3,1
1529,OG7363.csv,2,0
1530,OG14122.csv,3,1
1531,OG6055.csv,10,5
1532,OG3893.csv,5,2
1533,OG9825.csv,1,0
1534,OG14485.csv,7,3
1535,OG16292.csv,3,1
1536,OG15957.csv,7,4
1537,OG5945.csv,2,1
1538,OG6294.csv,4,2
1539,OG8252.csv,2,1
1540,OG3307.csv,2,0
1541,OG5776.csv,6,2
1542,OG3461.csv,1,0
1543,OG18240.csv,1,0
1544,OG15016.csv,5,2
1545,OG5762.csv,6,4
1546,OG17601.csv,4,2
1547,OG18532.csv,5,1
1548,OG5992.csv,2,1
1549,OG6243.csv,3,1
1550,OG17629.csv,4,1
1551,OG16251.csv,3,1
1552,OG6525.csv,2,0
1553,OG12023.csv,4,0
1554,OG3449.csv,1,1
1555,OG1538.csv,18,4
1556,OG5986.csv,6,1
1557,OG16244.csv,2,0
1558,OG18269.csv,4,0
1559,OG3448.csv,1,1
1560,OG12022.csv,6,1
1561,OG2030.csv,3,0
1562,OG5987.csv,8,4
1563,OG7148.csv,3,1
1564,OG6256.csv,3,0
1565,OG10147.csv,1,0
1566,OG4455.csv,6,2
1567,OG9617.csv,6,1
1568,OG1263.csv,1,0
1569,OG7612.csv,0,0
1570,OG3312.csv,1,1
1571,OG15003.csv,2,0
1572,OG4469.csv,1,1
1573,OG8253.csv,1,1
1574,OG18241.csv,7,3
1575,OG7606.csv,2,0
1576,OG7835.csv,0,0
1577,OG5944.csv,2,1
1578,OG13499.csv,7,1
1579,OG5950.csv,2,0
1580,OG5788.csv,4,2
1581,OG1288.csv,16,3
1582,OG12977.csv,6,0
1583,OG2965.csv,3,1
1584,OG10806.csv,1,1
1585,OG6054.csv,5,1
1586,OG8079.csv,2,0
1587,OG4643.csv,4,2
1588,OG2554.csv,1,1
1589,OG4125.csv,2,1
1590,OG9401.csv,3,2
1591,OG4131.csv,1,0
1592,OG16734.csv,5,0
1593,OG3110.csv,2,0
1594,OG6068.csv,1,1
1595,OG8723.csv,1,0
1596,OG15573.csv,1,1
1597,OG3676.csv,2,1
1598,OG4119.csv,1,0
1599,OG5213.csv,7,3
1600,OG3662.csv,3,0
1601,OG7404.csv,6,3
1602,OG8737.csv,1,1
1603,OG7362.csv,2,1
1604,OG5575.csv,10,4
1605,OG1920.csv,0,0
1606,OG6097.csv,1,1
1607,OG1934.csv,6,2
1608,OG6083.csv,1,0
1609,OG1908.csv,2,1
1610,OG8092.csv,1,0
1611,OG9213.csv,2,2
1612,OG9561.csv,3,1
1613,OG10557.csv,2,0
1614,OG2434.csv,0,0
1615,OG15349.csv,1,0
1616,OG4723.csv,1,0
1617,OG1883.csv,3,1
1618,OG10219.csv,6,0
1619,OG17576.csv,5,3
1620,OG1673.csv,2,2
1621,OG12368.csv,5,2
1622,OG15413.csv,1,0
1623,OG11675.csv,10,4
1624,OG1667.csv,1,0
1625,OG15375.csv,5,1
1626,OG3925.csv,7,2
1627,OG11852.csv,4,0
1628,OG6849.csv,1,1
1629,OG1868.csv,8,3
1630,OG18686.csv,6,1
1631,OG4910.csv,4,3
1632,OG8858.csv,3,1
1633,OG4904.csv,4,1
1634,OG8469.csv,6,3
1635,OG6444.csv,4,0
1636,OG2622.csv,3,0
1637,OG14527.csv,3,1
1638,OG13248.csv,3,0
1639,OG4253.csv,0,0
1640,OG2144.csv,1,1
1641,OG10027.csv,5,2
1642,OG4521.csv,0,0
1643,OG12624.csv,0,0
1644,OG10755.csv,4,1
1645,OG16324.csv,1,1
1646,OG6450.csv,6,2
1647,OG7766.csv,2,0
1648,OG17012.csv,2,1
1649,OG1471.csv,0,0
1650,OG18447.csv,5,0
1651,OG13506.csv,2,0
1652,OG9039.csv,3,0
1653,OG8441.csv,6,0
1654,OG9987.csv,3,1
1655,OG16318.csv,5,2
1656,OG3514.csv,2,0
1657,OG17953.csv,3,1
1658,OG3299.csv,0,0
1659,OG14282.csv,10,6
1660,OG5830.csv,3,1
1661,OG5824.csv,2,0
1662,OG9978.csv,9,2
1663,OG7964.csv,5,3
1664,OG9791.csv,2,1
1665,OG2834.csv,7,2
1666,OG9961.csv,3,0
1667,OG1483.csv,14,1
1668,OG3280.csv,2,2
1669,OG9975.csv,1,0
1670,OG8458.csv,0,0
1671,OG17779.csv,3,0
1672,OG10016.csv,1,0
1673,OG10002.csv,5,3
1674,OG14502.csv,5,2
1675,OG2607.csv,4,1
1676,OG1326.csv,1,1
1677,OG3257.csv,4,2
1678,OG18462.csv,8,2
1679,OG3525.csv,5,1
1680,OG11446.csv,0,0
1681,OG9587.csv,4,2
1682,OG8841.csv,1,1
1683,OG11863.csv,2,0
1684,OG3900.csv,6,1
1685,OG1871.csv,2,2
1686,OG17584.csv,12,6
1687,OG7596.csv,2,0
1688,OG13084.csv,5,2
1689,OG12403.csv,2,1
1690,OG10572.csv,2,0
1691,OG2411.csv,2,0
1692,OG10566.csv,1,0
1693,OG11678.csv,3,0
1694,OG4712.csv,3,1
1695,OG16659.csv,3,1
1696,OG7233.csv,4,2
1697,OG15350.csv,6,2
1698,OG11888.csv,2,1
1699,OG6893.csv,0,0
1700,OG8666.csv,1,1
1701,OG9578.csv,6,4
1702,OG6887.csv,4,0
1703,OG15422.csv,3,1
1704,OG4048.csv,1,1
1705,OG5430.csv,9,6
1706,OG1656.csv,6,1
1707,OG4869.csv,1,0
1708,OG11903.csv,1,1
1709,OG1905.csv,5,1
1710,OG13696.csv,2,0
1711,OG15595.csv,10,6
1712,OG4699.csv,4,2
1713,OG5587.csv,3,2
1714,OG10360.csv,2,1
1715,OG9430.csv,0,0
1716,OG2571.csv,10,4
1717,OG9424.csv,1,1
1718,OG7409.csv,7,2
1719,OG6059.csv,3,2
1720,OG15542.csv,1,0
1721,OG9418.csv,2,0
1722,OG11730.csv,0,0
1723,OG5222.csv,5,4
1724,OG15556.csv,1,1
1725,OG3135.csv,1,1
1726,OG10348.csv,1,1
1727,OG9197.csv,0,0
1728,OG2798.csv,4,0
1729,OG7186.csv,3,2
1730,OG13494.csv,3,1
1731,OG5785.csv,0,0
1732,OG18258.csv,1,1
1733,OG10604.csv,3,1
1734,OG9154.csv,4,1
1735,OG10162.csv,5,3
1736,OG14304.csv,1,0
1737,OG2001.csv,7,1
1738,OG11268.csv,7,2
1739,OG9140.csv,1,0
1740,OG6273.csv,2,0
1741,OG10176.csv,0,0
1742,OG4302.csv,1,0
1743,OG17157.csv,7,3
1744,OG8510.csv,10,2
1745,OG13331.csv,6,4
1746,OG5752.csv,3,1
1747,OG9168.csv,1,0
1748,OG17631.csv,2,1
1749,OG11254.csv,9,2
1750,OG8262.csv,0,0
1751,OG17625.csv,2,1
1752,OG13443.csv,1,1
1753,OG5746.csv,4,2
1754,OG2029.csv,9,2
1755,OG15032.csv,0,0
1756,OG2997.csv,10,3
1757,OG18270.csv,2,0
1758,OG2028.csv,6,2
1759,OG5747.csv,5,2
1760,OG11255.csv,27,14
1761,OG2996.csv,2,1
1762,OG15755.csv,3,0
1763,OG16248.csv,2,1
1764,OG11527.csv,6,2
1765,OG18265.csv,1,1
1766,OG17630.csv,13,5
1767,OG7144.csv,1,1
1768,OG9169.csv,1,1
1769,OG11241.csv,2,1
1770,OG10177.csv,1,1
1771,OG6272.csv,2,0
1772,OG4465.csv,1,1
1773,OG6514.csv,7,6
1774,OG8539.csv,2,1
1775,OG3478.csv,13,4
1776,OG4471.csv,0,0
1777,OG10163.csv,0,0
1778,OG6266.csv,1,1
1779,OG11296.csv,6,3
1780,OG7193.csv,4,3
1781,OG13481.csv,5,1
1782,OG12947.csv,5,1
1783,OG1290.csv,8,3
1784,OG13495.csv,5,1
1785,OG5790.csv,4,2
1786,OG9182.csv,2,1
1787,OG2969.csv,6,2
1788,OG15972.csv,7,2
1789,OG9828.csv,4,2
1790,OG8288.csv,1,1
1791,OG14891.csv,0,0
1792,OG3652.csv,4,3
1793,OG11057.csv,9,2
1794,OG3120.csv,1,0
1795,OG5551.csv,3,1
1796,OG1737.csv,7,1
1797,OG18701.csv,4,0
1798,OG11725.csv,1,0
1799,OG4129.csv,10,1
1800,OG3646.csv,1,0
1801,OG16062.csv,3,1
1802,OG2570.csv,2,1
1803,OG4101.csv,7,2
1804,OG9357.csv,3,2
1805,OG4673.csv,0,0
1806,OG4115.csv,3,1
1807,OG6702.csv,4,2
1808,OG3849.csv,3,0
1809,OG11094.csv,2,1
1810,OG5592.csv,1,0
1811,OG13697.csv,7,3
1812,OG1910.csv,7,0
1813,OG11902.csv,3,1
1814,OG2438.csv,2,1
1815,OG15423.csv,2,1
1816,OG1131.csv,12,4
1817,OG11645.csv,7,4
1818,OG17552.csv,7,3
1819,OG1657.csv,5,4
1820,OG15351.csv,6,1
1821,OG3054.csv,23,4
1822,OG8101.csv,2,1
1823,OG1643.csv,1,0
1824,OG9579.csv,1,0
1825,OG6892.csv,6,3
1826,OG15437.csv,5,4
1827,OG8897.csv,1,0
1828,OG4075.csv,4,2
1829,OG12370.csv,1,0
1830,OG2404.csv,3,2
1831,OG15379.csv,3,1
1832,OG10215.csv,2,0
1833,OG6110.csv,1,1
1834,OG14073.csv,3,1
1835,OG14715.csv,1,0
1836,OG7568.csv,2,2
1837,OG6845.csv,5,4
1838,OG8868.csv,1,1
1839,OG4934.csv,9,3
1840,OG17591.csv,3,1
1841,OG17585.csv,2,1
1842,OG5380.csv,1,1
1843,OG6689.csv,8,1
1844,OG11862.csv,7,0
1845,OG8840.csv,9,3
1846,OG5633.csv,10,4
1847,OG8317.csv,2,1
1848,OG11447.csv,6,1
1849,OG15621.csv,3,2
1850,OG5141.csv,5,2
1851,OG11453.csv,2,1
1852,OG6448.csv,1,0
1853,OG5627.csv,2,2
1854,OG15153.csv,8,4
1855,OG9035.csv,4,2
1856,OG14265.csv,1,0
1857,OG16314.csv,2,2
1858,OG8459.csv,0,0
1859,OG6474.csv,3,0
1860,OG2612.csv,4,2
1861,OG10017.csv,2,0
1862,OG4288.csv,4,1
1863,OG7781.csv,2,1
1864,OG9960.csv,4,3
1865,OG9790.csv,5,3
1866,OG7967.csv,1,0
1867,OG7973.csv,7,4
1868,OG10968.csv,5,2
1869,OG10798.csv,0,0
1870,OG5194.csv,12,5
1871,OG2823.csv,3,0
1872,OG14298.csv,8,2
1873,OG1494.csv,2,0
1874,OG12825.csv,1,1
1875,OG13285.csv,2,1
1876,OG7797.csv,1,0
1877,OG11479.csv,1,1
1878,OG10767.csv,1,0
1879,OG17008.csv,4,0
1880,OG8329.csv,1,0
1881,OG10001.csv,2,1
1882,OG10015.csv,3,1
1883,OG2176.csv,1,0
1884,OG14273.csv,2,1
1885,OG1319.csv,3,2
1886,OG11445.csv,2,2
1887,OG7740.csv,3,0
1888,OG15145.csv,4,0
1889,OG10029.csv,15,5
1890,OG10997.csv,0,0
1891,OG3532.csv,1,1
1892,OG12158.csv,12,5
1893,OG1872.csv,7,2
1894,OG8856.csv,2,1
1895,OG3917.csv,3,1
1896,OG8842.csv,1,0
1897,OG17593.csv,0,0
1898,OG4936.csv,7,1
1899,OG13939.csv,4,1
1900,OG15390.csv,0,0
1901,OG4922.csv,5,4
1902,OG3095.csv,2,2
1903,OG6106.csv,1,0
1904,OG2360.csv,10,4
1905,OG2406.csv,2,0
1906,OG12372.csv,4,0
1907,OG18139.csv,4,1
1908,OG6660.csv,3,0
1909,OG15409.csv,1,1
1910,OG12366.csv,1,1
1911,OG14717.csv,3,1
1912,OG14071.csv,3,0
1913,OG4705.csv,1,0
1914,OG9221.csv,0,0
1915,OG17578.csv,4,1
1916,OG14059.csv,1,1
1917,OG17550.csv,13,2
1918,OG11647.csv,3,0
1919,OG1133.csv,0,0
1920,OG15421.csv,2,1
1921,OG3724.csv,7,2
1922,OG7556.csv,3,0
1923,OG6648.csv,2,2
1924,OG1641.csv,7,3
1925,OG7230.csv,2,0
1926,OG3056.csv,9,2
1927,OG15353.csv,1,0
1928,OG3863.csv,1,0
1929,OG8936.csv,1,0
1930,OG1912.csv,10,3
1931,OG14850.csv,1,1
1932,OG15596.csv,20,7
1933,OG14688.csv,2,1
1934,OG15582.csv,3,1
1935,OG6099.csv,0,0
1936,OG9341.csv,1,1
1937,OG4665.csv,0,0
1938,OG15569.csv,13,4
1939,OG8739.csv,0,0
1940,OG6700.csv,0,0
1941,OG10405.csv,3,1
1942,OG18059.csv,7,1
1943,OG4671.csv,3,1
1944,OG9355.csv,0,0
1945,OG15233.csv,0,0
1946,OG4659.csv,1,1
1947,OG13130.csv,13,4
1948,OG11727.csv,3,1
1949,OG15970.csv,3,0
1950,OG10808.csv,1,0
1951,OG3491.csv,18,9
1952,OG4498.csv,2,0
1953,OG13483.csv,6,1
1954,OG11280.csv,8,4
1955,OG5792.csv,7,2
1956,OG15958.csv,2,2
1957,OG2943.csv,2,1
1958,OG3485.csv,2,1
1959,OG1279.csv,1,1
1960,OG4301.csv,8,2
1961,OG3308.csv,3,1
1962,OG12762.csv,5,1
1963,OG5779.csv,6,1
1964,OG10175.csv,2,2
1965,OG15019.csv,9,2
1966,OG17626.csv,13,5
1967,OG12992.csv,3,2
1968,OG13454.csv,2,2
1969,OG1537.csv,1,0
1970,OG17632.csv,1,1
1971,OG17154.csv,13,3
1972,OG7620.csv,0,0
1973,OG11525.csv,1,0
1974,OG1251.csv,0,0
1975,OG13332.csv,5,4
1976,OG3446.csv,6,0
1977,OG1536.csv,8,2
1978,OG5988.csv,2,0
1979,OG2981.csv,12,3
1980,OG15742.csv,4,4
1981,OG1250.csv,1,1
1982,OG11524.csv,5,1
1983,OG17155.csv,1,0
1984,OG18266.csv,6,1
1985,OG1244.csv,0,0
1986,OG3453.csv,1,0
1987,OG14448.csv,4,1
1988,OG2995.csv,3,0
1989,OG8260.csv,2,0
1990,OG9156.csv,2,0
1991,OG16511.csv,1,0
1992,OG6503.csv,1,1
1993,OG10606.csv,8,3
1994,OG14460.csv,3,0
1995,OG4314.csv,14,5
1996,OG6517.csv,11,2
1997,OG6271.csv,1,1
1998,OG13496.csv,5,2
1999,OG12950.csv,1,1
2000,OG17828.csv,1,0
2001,OG11281.csv,3,1
2002,OG10821.csv,1,1
2003,OG1293.csv,0,0
2004,OG15781.csv,1,0
2005,OG10835.csv,4,3
2006,OG11295.csv,3,1
2007,OG13482.csv,6,2
2008,OG9181.csv,1,0
2009,OG11726.csv,1,1
2010,OG3123.csv,7,2
2011,OG15226.csv,1,1
2012,OG5546.csv,2,1
2013,OG2229.csv,8,3
2014,OG5220.csv,30,9
2015,OG3889.csv,2,1
2016,OG3651.csv,0,0
2017,OG5208.csv,8,2
2018,OG18058.csv,5,1
2019,OG10404.csv,1,0
2020,OG6701.csv,4,1
2021,OG6067.csv,2,1
2022,OG4670.csv,10,2
2023,OG2215.csv,3,1
2024,OG10376.csv,0,0
2025,OG8738.csv,2,1
2026,OG9426.csv,10,4
2027,OG3686.csv,19,8
2028,OG15583.csv,5,1
2029,OG7386.csv,6,2
2030,OG6098.csv,3,1
2031,OG6932.csv,1,1
2032,OG15597.csv,2,0
2033,OG8937.csv,3,2
2034,OG8089.csv,6,2
2035,OG9397.csv,2,1
2036,OG9383.csv,1,0
2037,OG8923.csv,3,0
2038,OG6649.csv,1,0
2039,OG17223.csv,0,0
2040,OG13045.csv,1,1
2041,OG11134.csv,2,1
2042,OG1654.csv,1,1
2043,OG5432.csv,2,1
2044,OG5354.csv,6,3
2045,OG15420.csv,0,0
2046,OG10558.csv,1,1
2047,OG14716.csv,6,2
2048,OG15408.csv,14,3
2049,OG16101.csv,2,2
2050,OG6675.csv,19,5
2051,OG9546.csv,8,2
2052,OG14070.csv,3,2
2053,OG7219.csv,7,2
2054,OG8894.csv,2,1
2055,OG6661.csv,2,1
2056,OG10564.csv,3,3
2057,OG4076.csv,11,2
2058,OG12373.csv,0,0
2059,OG5383.csv,0,0
2060,OG11691.csv,4,2
2061,OG1683.csv,6,2
2062,OG16698.csv,1,1
2063,OG17592.csv,4,0
2064,OG5397.csv,2,1
2065,OG14925.csv,6,1
2066,OG9585.csv,7,4
2067,OG1873.csv,3,0
2068,OG13910.csv,0,0
2069,OG3902.csv,0,0
2070,OG9591.csv,5,3
2071,OG1442.csv,2,1
2072,OG12159.csv,5,1
2073,OG7755.csv,7,1
2074,OG8472.csv,3,2
2075,OG1330.csv,15,7
2076,OG2639.csv,4,0
2077,OG13253.csv,2,2
2078,OG4248.csv,1,0
2079,OG4506.csv,9,5
2080,OG5618.csv,1,0
2081,OG4260.csv,0,0
2082,OG4512.csv,3,1
2083,OG17784.csv,10,3
2084,OG1481.csv,4,2
2085,OG6488.csv,4,1
2086,OG11493.csv,2,0
2087,OG2836.csv,5,2
2088,OG9977.csv,1,0
2089,OG8499.csv,3,1
2090,OG2198.csv,0,0
2091,OG9973.csv,6,3
2092,OG2826.csv,3,1
2093,OG1485.csv,3,1
2094,OG14289.csv,8,2
2095,OG3292.csv,5,1
2096,OG10979.csv,0,0
2097,OG5807.csv,5,1
2098,OG10038.csv,5,1
2099,OG1452.csv,0,0
2100,OG7745.csv,0,0
2101,OG1320.csv,3,1
2102,OG1446.csv,0,0
2103,OG12613.csv,3,0
2104,OG5608.csv,1,1
2105,OG16475.csv,5,2
2106,OG9754.csv,0,0
2107,OG4270.csv,11,3
2108,OG14504.csv,2,1
2109,OG12161.csv,2,1
2110,OG16307.csv,3,0
2111,OG10010.csv,1,0
2112,OG15168.csv,1,0
2113,OG11859.csv,1,0
2114,OG17596.csv,22,4
2115,OG15395.csv,16,8
2116,OG17582.csv,1,0
2117,OG16844.csv,1,1
2118,OG14909.csv,2,1
2119,OG7547.csv,6,1
2120,OG5350.csv,5,3
2121,OG15424.csv,7,2
2122,OG3721.csv,3,0
2123,OG13733.csv,1,1
2124,OG7221.csv,1,1
2125,OG15356.csv,2,1
2126,OG3735.csv,2,0
2127,OG10548.csv,1,0
2128,OG8660.csv,1,0
2129,OG11656.csv,6,2
2130,OG10560.csv,5,1
2131,OG16111.csv,2,0
2132,OG6103.csv,7,3
2133,OG17569.csv,3,2
2134,OG10206.csv,1,1
2135,OG14060.csv,1,1
2136,OG14074.csv,3,1
2137,OG2371.csv,5,1
2138,OG9224.csv,1,1
2139,OG6117.csv,3,1
2140,OG5378.csv,1,1
2141,OG2417.csv,7,2
2142,OG2588.csv,2,1
2143,OG15593.csv,7,1
2144,OG6936.csv,3,1
2145,OG4847.csv,3,2
2146,OG11087.csv,2,1
2147,OG7382.csv,5,1
2148,OG17390.csv,1,0
2149,OG3872.csv,3,1
2150,OG9387.csv,2,1
2151,OG8099.csv,3,2
2152,OG13874.csv,0,0
2153,OG11905.csv,4,0
2154,OG11736.csv,3,2
2155,OG8700.csv,5,1
2156,OG14896.csv,1,0
2157,OG1724.csv,6,0
2158,OG2239.csv,2,1
2159,OG3127.csv,2,1
2160,OG4106.csv,1,0
2161,OG12203.csv,3,0
2162,OG9344.csv,2,0
2163,OG6077.csv,2,1
2164,OG9436.csv,1,0
2165,OG8728.csv,1,1
2166,OG13486.csv,11,5
2167,OG12940.csv,3,1
2168,OG9807.csv,16,5
2169,OG3494.csv,6,4
2170,OG2946.csv,0,0
2171,OG7180.csv,0,0
2172,OG5797.csv,5,1
2173,OG9185.csv,1,1
2174,OG7816.csv,6,3
2175,OG12968.csv,2,1
2176,OG1526.csv,2,1
2177,OG17623.csv,1,1
2178,OG13445.csv,3,1
2179,OG3331.csv,6,2
2180,OG15752.csv,7,0
2181,OG8502.csv,1,0
2182,OG8516.csv,2,0
2183,OG18262.csv,2,1
2184,OG11520.csv,5,1
2185,OG5032.csv,1,1
2186,OG15020.csv,4,1
2187,OG5754.csv,3,1
2188,OG17637.csv,6,1
2189,OG2775.csv,6,2
2190,OG14470.csv,20,7
2191,OG1268.csv,2,0
2192,OG6507.csv,0,0
2193,OG4476.csv,0,0
2194,OG9635.csv,13,4
2195,OG6506.csv,1,1
2196,OG2760.csv,1,1
2197,OG9153.csv,4,2
2198,OG6260.csv,7,3
2199,OG12766.csv,10,2
2200,OG2012.csv,21,5
2201,OG13478.csv,2,1
2202,OG12000.csv,34,9
2203,OG11509.csv,1,0
2204,OG13336.csv,3,2
2205,OG9609.csv,3,1
2206,OG1255.csv,2,2
2207,OG8517.csv,1,1
2208,OG1533.csv,2,1
2209,OG5755.csv,8,2
2210,OG3324.csv,7,4
2211,OG5741.csv,11,2
2212,OG15035.csv,2,0
2213,OG17622.csv,8,2
2214,OG6248.csv,4,0
2215,OG1241.csv,3,2
2216,OG2990.csv,12,2
2217,OG10818.csv,14,5
2218,OG5972.csv,5,3
2219,OG9184.csv,2,1
2220,OG1296.csv,2,2
2221,OG2947.csv,9,4
2222,OG11290.csv,2,2
2223,OG12941.csv,5,2
2224,OG13487.csv,5,3
2225,OG12799.csv,1,0
2226,OG15948.csv,2,1
2227,OG16299.csv,3,1
2228,OG10830.csv,4,2
2229,OG11079.csv,1,0
2230,OG6704.csv,9,4
2231,OG2576.csv,4,0
2232,OG9345.csv,2,0
2233,OG10373.csv,1,1
2234,OG15223.csv,1,1
2235,OG18061.csv,3,1
2236,OG6738.csv,3,1
2237,OG1725.csv,7,0
2238,OG14129.csv,1,1
2239,OG4885.csv,1,0
2240,OG13875.csv,8,2
2241,OG3867.csv,10,3
2242,OG7383.csv,3,3
2243,OG3683.csv,4,2
2244,OG15586.csv,3,1
2245,OG3697.csv,7,2
2246,OG7208.csv,7,1
2247,OG2370.csv,1,0
2248,OG4701.csv,6,3
2249,OG2416.csv,0,0
2250,OG8885.csv,8,4
2251,OG2402.csv,0,0
2252,OG10207.csv,4,2
2253,OG6102.csv,1,0
2254,OG11119.csv,3,0
2255,OG9231.csv,2,1
2256,OG12438.csv,13,4
2257,OG11131.csv,7,1
2258,OG10549.csv,16,2
2259,OG7552.csv,1,1
2260,OG13040.csv,0,0
2261,OG15431.csv,3,0
2262,OG5345.csv,5,2
2263,OG15425.csv,13,3
2264,OG8675.csv,13,9
2265,OG8113.csv,5,3
2266,OG1889.csv,2,0
2267,OG1651.csv,6,2
2268,OG5437.csv,1,1
2269,OG15343.csv,3,0
2270,OG9580.csv,6,4
2271,OG8846.csv,4,2
2272,OG11864.csv,0,0
2273,OG1876.csv,4,2
2274,OG18698.csv,4,2
2275,OG1686.csv,2,1
2276,OG17583.csv,6,1
2277,OG15394.csv,5,3
2278,OG4098.csv,9,3
2279,OG6857.csv,11,2
2280,OG11858.csv,3,2
2281,OG14920.csv,11,2
2282,OG15380.csv,11,0
2283,OG17597.csv,8,6
2284,OG16306.csv,8,3
2285,OG14511.csv,2,1
2286,OG4265.csv,0,0
2287,OG18459.csv,2,1
2288,OG12612.csv,7,2
2289,OG4271.csv,1,0
2290,OG15633.csv,3,1
2291,OG4259.csv,1,1
2292,OG17024.csv,4,0
2293,OG7988.csv,2,0
2294,OG3250.csv,4,2
2295,OG15155.csv,1,0
2296,OG5635.csv,0,0
2297,OG10039.csv,1,1
2298,OG1335.csv,6,3
2299,OG11441.csv,1,0
2300,OG5153.csv,1,1
2301,OG5812.csv,1,0
2302,OG11496.csv,0,0
2303,OG2833.csv,6,3
2304,OG5184.csv,0,0
2305,OG5190.csv,3,1
2306,OG7787.csv,3,1
2307,OG1486.csv,6,2
2308,OG5838.csv,0,0
2309,OG2831.csv,4,4
2310,OG9964.csv,1,0
2311,OG7949.csv,3,2
2312,OG5192.csv,3,2
2313,OG1492.csv,2,2
2314,OG17797.csv,1,0
2315,OG9958.csv,7,1
2316,OG12638.csv,11,1
2317,OG7034.csv,2,1
2318,OG11457.csv,8,1
2319,OG16338.csv,4,2
2320,OG1323.csv,1,0
2321,OG7752.csv,0,0
2322,OG8461.csv,1,1
2323,OG13254.csv,0,0
2324,OG10985.csv,2,2
2325,OG8313.csv,1,0
2326,OG18467.csv,4,1
2327,OG2158.csv,2,0
2328,OG13532.csv,4,1
2329,OG4267.csv,1,0
2330,OG3508.csv,1,1
2331,OG12162.csv,3,0
2332,OG2602.csv,10,3
2333,OG8878.csv,0,0
2334,OG7593.csv,0,0
2335,OG15396.csv,4,0
2336,OG17595.csv,4,2
2337,OG15382.csv,6,2
2338,OG3087.csv,5,2
2339,OG6699.csv,6,4
2340,OG1874.csv,1,0
2341,OG5347.csv,1,1
2342,OG4059.csv,3,1
2343,OG7550.csv,2,0
2344,OG18117.csv,0,0
2345,OG17542.csv,1,0
2346,OG16884.csv,6,4
2347,OG3050.csv,2,2
2348,OG15341.csv,3,1
2349,OG5435.csv,1,0
2350,OG10239.csv,2,1
2351,OG6882.csv,0,0
2352,OG11641.csv,5,1
2353,OG5353.csv,2,2
2354,OG15427.csv,6,0
2355,OG14739.csv,1,1
2356,OG13056.csv,5,2
2357,OG14077.csv,0,0
2358,OG2372.csv,1,0
2359,OG8139.csv,6,4
2360,OG10211.csv,2,1
2361,OG4071.csv,1,0
2362,OG7578.csv,4,2
2363,OG10563.csv,3,1
2364,OG9555.csv,3,3
2365,OG15584.csv,4,1
2366,OG3859.csv,6,1
2367,OG16927.csv,4,2
2368,OG4844.csv,5,2
2369,OG9384.csv,4,2
2370,OG1900.csv,5,0
2371,OG8071.csv,4,1
2372,OG16728.csv,7,2
2373,OG15221.csv,0,0
2374,OG5541.csv,1,0
2375,OG3130.csv,14,6
2376,OG18711.csv,2,1
2377,OG4139.csv,1,1
2378,OG2548.csv,4,3
2379,OG10403.csv,9,2
2380,OG12214.csv,9,1
2381,OG12572.csv,0,0
2382,OG4663.csv,1,1
2383,OG2574.csv,12,4
2384,OG12957.csv,3,0
2385,OG2945.csv,3,0
2386,OG2951.csv,1,1
2387,OG5958.csv,1,1
2388,OG6289.csv,12,5
2389,OG7801.csv,6,3
2390,OG15976.csv,4,3
2391,OG4449.csv,8,0
2392,OG3326.csv,4,1
2393,OG11245.csv,1,1
2394,OG1531.csv,1,0
2395,OG7626.csv,4,1
2396,OG17152.csv,7,2
2397,OG13334.csv,1,0
2398,OG7632.csv,5,1
2399,OG1243.csv,1,1
2400,OG17620.csv,2,0
2401,OG15037.csv,3,2
2402,OG5743.csv,1,0
2403,OG17608.csv,3,1
2404,OG10167.csv,10,4
2405,OG14301.csv,4,2
2406,OG12770.csv,9,4
2407,OG10601.csv,3,2
2408,OG5019.csv,4,2
2409,OG4307.csv,3,2
2410,OG2777.csv,0,0
2411,OG12003.csv,1,1
2412,OG7169.csv,2,1
2413,OG1518.csv,1,0
2414,OG4474.csv,5,1
2415,OG9150.csv,3,1
2416,OG10600.csv,2,1
2417,OG18274.csv,1,0
2418,OG8500.csv,1,1
2419,OG5742.csv,2,0
2420,OG15036.csv,2,1
2421,OG3333.csv,8,2
2422,OG1524.csv,1,1
2423,OG17635.csv,1,0
2424,OG5756.csv,0,0
2425,OG2039.csv,3,1
2426,OG3327.csv,3,2
2427,OG13453.csv,5,0
2428,OG3441.csv,3,1
2429,OG5030.csv,9,1
2430,OG9187.csv,0,0
2431,OG9193.csv,3,1
2432,OG2788.csv,0,0
2433,OG3496.csv,1,1
2434,OG7828.csv,4,2
2435,OG7196.csv,4,2
2436,OG13484.csv,4,0
2437,OG13490.csv,8,3
2438,OG5795.csv,6,2
2439,OG3482.csv,8,2
2440,OG15208.csv,5,2
2441,OG9346.csv,2,1
2442,OG12215.csv,6,1
2443,OG2561.csv,4,2
2444,OG16715.csv,1,0
2445,OG5568.csv,1,0
2446,OG11052.csv,9,1
2447,OG15234.csv,3,0
2448,OG14894.csv,1,0
2449,OG5226.csv,2,1
2450,OG2549.csv,1,0
2451,OG7425.csv,3,3
2452,OG5232.csv,1,1
2453,OG4892.csv,0,0
2454,OG1732.csv,9,1
2455,OG18704.csv,3,1
2456,OG4879.csv,3,1
2457,OG1915.csv,1,1
2458,OG9391.csv,6,1
2459,OG4845.csv,6,1
2460,OG11091.csv,8,2
2461,OG14857.csv,1,0
2462,OG3858.csv,1,0
2463,OG7380.csv,3,0
2464,OG11085.csv,6,3
2465,OG4851.csv,8,0
2466,OG13692.csv,9,4
2467,OG12413.csv,1,0
2468,OG2367.csv,1,0
2469,OG4716.csv,6,0
2470,OG10204.csv,9,4
2471,OG16675.csv,3,0
2472,OG6101.csv,0,0
2473,OG10562.csv,1,0
2474,OG2415.csv,8,0
2475,OG9540.csv,3,2
2476,OG15368.csv,5,2
2477,OG4702.csv,3,1
2478,OG18664.csv,4,1
2479,OG16649.csv,2,0
2480,OG5434.csv,6,3
2481,OG3045.csv,4,1
2482,OG13731.csv,2,1
2483,OG5352.csv,0,0
2484,OG8676.csv,2,1
2485,OG7551.csv,0,0
2486,OG15432.csv,4,1
2487,OG15354.csv,2,1
2488,OG13916.csv,4,2
2489,OG1691.csv,0,0
2490,OG7586.csv,0,0
2491,OG6698.csv,1,1
2492,OG3938.csv,3,1
2493,OG14923.csv,3,1
2494,OG5385.csv,1,0
2495,OG10589.csv,5,0
2496,OG17580.csv,14,4
2497,OG3092.csv,0,0
2498,OG14089.csv,2,0
2499,OG15618.csv,1,1
2500,OG10760.csv,2,2
2501,OG6303.csv,7,1
2502,OG10006.csv,8,2
2503,OG2165.csv,8,3
2504,OG14274.csv,4,2
2505,OG2171.csv,1,1
2506,OG1478.csv,2,2
2507,OG10012.csv,3,0
2508,OG2617.csv,2,1
2509,OG11442.csv,4,3
2510,OG15624.csv,3,2
2511,OG4528.csv,2,0
2512,OG15142.csv,10,4
2513,OG5636.csv,1,0
2514,OG8312.csv,1,1
2515,OG9018.csv,3,1
2516,OG13527.csv,1,1
2517,OG5622.csv,2,0
2518,OG10990.csv,6,4
2519,OG11456.csv,5,2
2520,OG7960.csv,7,2
2521,OG5805.csv,4,2
2522,OG5193.csv,3,0
2523,OG9971.csv,7,4
2524,OG15195.csv,7,3
2525,OG5839.csv,2,0
2526,OG11495.csv,8,3
2527,OG7790.csv,0,0
2528,OG5876.csv,6,3
2529,OG9094.csv,2,0
2530,OG4598.csv,14,3
2531,OG9902.csv,2,0
2532,OG1386.csv,0,0
2533,OG17097.csv,3,0
2534,OG1392.csv,0,0
2535,OG7085.csv,1,1
2536,OG5692.csv,7,2
2537,OG3208.csv,0,0
2538,OG14213.csv,3,1
2539,OG9043.csv,5,2
2540,OG7708.csv,4,2
2541,OG4201.csv,1,1
2542,OG17068.csv,2,1
2543,OG9057.csv,2,0
2544,OG10049.csv,2,0
2545,OG1423.csv,1,1
2546,OG16438.csv,6,3
2547,OG15131.csv,2,2
2548,OG13226.csv,4,1
2549,OG1345.csv,2,1
2550,OG18373.csv,8,3
2551,OG8413.csv,2,1
2552,OG18367.csv,14,4
2553,OG3546.csv,0,0
2554,OG4229.csv,1,1
2555,OG15125.csv,1,0
2556,OG13554.csv,4,0
2557,OG5889.csv,6,5
2558,OG18401.csv,5,2
2559,OG1437.csv,3,2
2560,OG1806.csv,4,1
2561,OG13971.csv,2,1
2562,OG10288.csv,2,1
2563,OG11196.csv,1,0
2564,OG5490.csv,1,1
2565,OG6199.csv,7,2
2566,OG11182.csv,6,3
2567,OG2499.csv,6,1
2568,OG15482.csv,3,1
2569,OG15469.csv,2,1
2570,OG2472.csv,0,0
2571,OG13018.csv,5,3
2572,OG11169.csv,8,2
2573,OG10277.csv,5,2
2574,OG14011.csv,24,10
2575,OG6166.csv,5,1
2576,OG14763.csv,0,0
2577,OG6628.csv,6,1
2578,OG11633.csv,3,0
2579,OG14993.csv,0,0
2580,OG5447.csv,4,2
2581,OG8163.csv,0,0
2582,OG7244.csv,2,1
2583,OG3022.csv,6,3
2584,OG4995.csv,0,0
2585,OG15441.csv,13,4
2586,OG8611.csv,2,0
2587,OG9490.csv,1,1
2588,OG1972.csv,1,0
2589,OG16969.csv,6,1
2590,OG8942.csv,8,3
2591,OG5296.csv,2,1
2592,OG11784.csv,2,1
2593,OG1796.csv,7,2
2594,OG15290.csv,6,2
2595,OG16799.csv,6,2
2596,OG7495.csv,1,1
2597,OG11948.csv,1,0
2598,OG11790.csv,20,7
2599,OG12272.csv,6,3
2600,OG8995.csv,9,3
2601,OG10303.csv,1,0
2602,OG7318.csv,1,0
2603,OG6006.csv,4,1
2604,OG2274.csv,6,1
2605,OG4605.csv,7,3
2606,OG11009.csv,3,0
2607,OG8981.csv,1,1
2608,OG12266.csv,3,1
2609,OG18005.csv,1,0
2610,OG3142.csv,4,0
2611,OG8017.csv,4,2
2612,OG1755.csv,0,0
2613,OG7330.csv,2,0
2614,OG2248.csv,1,0
2615,OG15253.csv,1,0
2616,OG5527.csv,3,2
2617,OG4639.csv,6,2
2618,OG3630.csv,1,0
2619,OG13144.csv,2,1
2620,OG11753.csv,5,2
2621,OG5916.csv,8,3
2622,OG9686.csv,3,2
2623,OG7873.csv,2,0
2624,OG10868.csv,4,2
2625,OG1594.csv,0,0
2626,OG9876.csv,6,3
2627,OG6589.csv,5,2
2628,OG9862.csv,4,1
2629,OG17685.csv,18,4
2630,OG1580.csv,1,0
2631,OG2710.csv,9,4
2632,OG14415.csv,6,4
2633,OG7668.csv,1,0
2634,OG9123.csv,3,1
2635,OG10115.csv,0,0
2636,OG3368.csv,3,0
2637,OG4407.csv,2,0
2638,OG5719.csv,3,1
2639,OG8215.csv,1,0
2640,OG7126.csv,7,4
2641,OG3340.csv,0,0
2642,OG5731.csv,2,1
2643,OG2738.csv,2,0
2644,OG13352.csv,1,1
2645,OG10883.csv,2,1
2646,OG9679.csv,4,1
2647,OG1225.csv,3,1
2648,OG5043.csv,1,1
2649,OG7132.csv,3,0
2650,OG5042.csv,3,0
2651,OG15736.csv,2,0
2652,OG8566.csv,2,0
2653,OG5730.csv,4,1
2654,OG18560.csv,1,1
2655,OG3427.csv,1,0
2656,OG9644.csv,1,1
2657,OG7669.csv,10,5
2658,OG2077.csv,19,5
2659,OG14372.csv,5,2
2660,OG3369.csv,2,1
2661,OG9122.csv,5,2
2662,OG6211.csv,1,1
2663,OG4374.csv,5,1
2664,OG2705.csv,5,1
2665,OG9650.csv,4,2
2666,OG6588.csv,2,0
2667,OG12924.csv,22,8
2668,OG17684.csv,3,0
2669,OG10841.csv,1,1
2670,OG10869.csv,5,3
2671,OG7872.csv,1,1
2672,OG5903.csv,11,5
2673,OG3157.csv,9,4
2674,OG2249.csv,4,1
2675,OG1998.csv,3,1
2676,OG7331.csv,3,1
2677,OG18010.csv,0,0
2678,OG11752.csv,2,0
2679,OG3631.csv,7,3
2680,OG8770.csv,10,6
2681,OG17451.csv,4,2
2682,OG3143.csv,1,0
2683,OG4604.csv,4,2
2684,OG13179.csv,5,2
2685,OG14616.csv,7,5
2686,OG8980.csv,10,6
2687,OG9452.csv,0,0
2688,OG4176.csv,2,1
2689,OG2261.csv,1,0
2690,OG9334.csv,8,2
2691,OG1783.csv,4,0
2692,OG13838.csv,1,0
2693,OG7480.csv,6,3
2694,OG15285.csv,4,1
2695,OG17492.csv,0,0
2696,OG1967.csv,0,0
2697,OG8943.csv,3,0
2698,OG3802.csv,5,0
2699,OG16968.csv,2,2
2700,OG1973.csv,12,3
2701,OG4994.csv,2,1
2702,OG5452.csv,10,4
2703,OG7245.csv,2,1
2704,OG1152.csv,2,0
2705,OG16149.csv,3,1
2706,OG14986.csv,2,0
2707,OG5334.csv,9,6
2708,OG14992.csv,2,0
2709,OG8162.csv,4,4
2710,OG15332.csv,5,3
2711,OG1608.csv,0,0
2712,OG14004.csv,1,0
2713,OG4016.csv,3,1
2714,OG12313.csv,3,1
2715,OG6601.csv,6,3
2716,OG18158.csv,1,1
2717,OG14010.csv,6,2
2718,OG7286.csv,3,0
2719,OG2498.csv,8,4
2720,OG6832.csv,3,1
2721,OG14789.csv,2,1
2722,OG3792.csv,2,1
2723,OG5485.csv,1,0
2724,OG11197.csv,2,0
2725,OG10289.csv,1,1
2726,OG7292.csv,4,2
2727,OG9297.csv,2,1
2728,OG8189.csv,0,0
2729,OG1813.csv,0,0
2730,OG11815.csv,4,1
2731,OG8823.csv,6,1
2732,OG9283.csv,4,3
2733,OG2881.csv,0,0
2734,OG10048.csv,20,8
2735,OG12677.csv,3,1
2736,OG9056.csv,0,0
2737,OG8348.csv,3,2
2738,OG12663.csv,0,0
2739,OG2117.csv,31,6
2740,OG2671.csv,0,0
2741,OG14574.csv,10,3
2742,OG9724.csv,1,1
2743,OG1378.csv,0,0
2744,OG15681.csv,2,1
2745,OG12850.csv,3,2
2746,OG7084.csv,16,6
2747,OG10935.csv,1,1
2748,OG1387.csv,19,11
2749,OG18399.csv,9,4
2750,OG9095.csv,13,7
2751,OG12878.csv,1,1
2752,OG9083.csv,1,1
2753,OG11383.csv,3,0
2754,OG7086.csv,1,1
2755,OG13594.csv,0,0
2756,OG2840.csv,2,1
2757,OG1391.csv,1,1
2758,OG1385.csv,2,1
2759,OG10937.csv,9,4
2760,OG7079.csv,6,3
2761,OG4216.csv,3,1
2762,OG5108.csv,1,1
2763,OG18358.csv,1,0
2764,OG6373.csv,10,2
2765,OG3223.csv,7,4
2766,OG12891.csv,4,2
2767,OG14238.csv,2,1
2768,OG18402.csv,9,2
2769,OG11340.csv,3,1
2770,OG2883.csv,13,4
2771,OG5134.csv,3,0
2772,OG15640.csv,5,3
2773,OG18370.csv,4,0
2774,OG7051.csv,2,1
2775,OG8362.csv,1,1
2776,OG2129.csv,1,1
2777,OG4969.csv,0,0
2778,OG13966.csv,1,0
2779,OG1193.csv,1,0
2780,OG14947.csv,4,1
2781,OG5493.csv,7,3
2782,OG12488.csv,2,1
2783,OG4955.csv,5,0
2784,OG11181.csv,3,2
2785,OG3790.csv,0,0
2786,OG3948.csv,7,1
2787,OG10506.csv,2,0
2788,OG11618.csv,1,0
2789,OG4014.csv,0,0
2790,OG14760.csv,3,2
2791,OG2303.csv,6,1
2792,OG16611.csv,2,1
2793,OG6165.csv,0,0
2794,OG9256.csv,1,1
2795,OG10260.csv,2,1
2796,OG18628.csv,4,1
2797,OG4766.csv,0,0
2798,OG2471.csv,7,2
2799,OG4000.csv,2,0
2800,OG9524.csv,7,3
2801,OG7521.csv,6,3
2802,OG8174.csv,8,0
2803,OG15324.csv,5,2
2804,OG4982.csv,9,4
2805,OG16639.csv,0,0
2806,OG7253.csv,5,1
2807,OG12339.csv,0,0
2808,OG6978.csv,4,1
2809,OG4821.csv,14,4
2810,OG1959.csv,2,0
2811,OG1795.csv,10,1
2812,OG10499.csv,6,2
2813,OG8969.csv,2,0
2814,OG8982.csv,2,1
2815,OG12503.csv,4,2
2816,OG6011.csv,10,3
2817,OG6005.csv,1,0
2818,OG9336.csv,2,1
2819,OG2263.csv,11,3
2820,OG6763.csv,9,2
2821,OG17309.csv,5,3
2822,OG8014.csv,1,1
2823,OG7327.csv,1,1
2824,OG6039.csv,14,5
2825,OG1756.csv,1,0
2826,OG3627.csv,9,3
2827,OG4148.csv,2,2
2828,OG15522.csv,1,1
2829,OG2539.csv,3,0
2830,OG9685.csv,1,0
2831,OG2908.csv,3,1
2832,OG15907.csv,2,0
2833,OG9691.csv,0,0
2834,OG17686.csv,0,0
2835,OG1583.csv,3,1
2836,OG12926.csv,3,2
2837,OG13386.csv,3,1
2838,OG7694.csv,5,3
2839,OG7858.csv,3,2
2840,OG3380.csv,9,5
2841,OG17679.csv,3,1
2842,OG8558.csv,1,0
2843,OG10670.csv,5,1
2844,OG6575.csv,5,3
2845,OG5068.csv,8,1
2846,OG3419.csv,3,2
2847,OG1568.csv,6,1
2848,OG2049.csv,7,2
2849,OG11234.csv,7,1
2850,OG18576.csv,1,1
2851,OG11552.csv,5,1
2852,OG3431.csv,3,1
2853,OG11546.csv,2,1
2854,OG11220.csv,0,0
2855,OG14358.csv,6,3
2856,OG15046.csv,2,0
2857,OG11547.csv,2,0
2858,OG15721.csv,22,7
2859,OG17650.csv,5,0
2860,OG8217.csv,0,0
2861,OG1555.csv,2,1
2862,OG17644.csv,4,2
2863,OG1541.csv,4,2
2864,OG15053.csv,3,1
2865,OG5727.csv,1,1
2866,OG3430.csv,1,0
2867,OG15735.csv,2,0
2868,OG10895.csv,1,0
2869,OG11553.csv,8,1
2870,OG17122.csv,1,0
2871,OG4377.csv,2,0
2872,OG12072.csv,1,1
2873,OG16214.csv,12,1
2874,OG6560.csv,8,5
2875,OG9135.csv,4,3
2876,OG2060.csv,4,0
2877,OG4411.csv,3,1
2878,OG4405.csv,2,1
2879,OG6212.csv,4,3
2880,OG16200.csv,0,0
2881,OG14417.csv,5,1
2882,OG2921.csv,2,0
2883,OG13393.csv,1,0
2884,OG17687.csv,0,0
2885,OG9860.csv,3,2
2886,OG12099.csv,4,2
2887,OG2935.csv,2,0
2888,OG5914.csv,1,0
2889,OG17863.csv,0,0
2890,OG2909.csv,4,3
2891,OG6038.csv,6,0
2892,OG16994.csv,4,1
2893,OG3140.csv,3,2
2894,OG3626.csv,8,2
2895,OG8767.csv,5,0
2896,OG3632.csv,3,1
2897,OG10329.csv,2,0
2898,OG16770.csv,4,1
2899,OG6762.csv,2,0
2900,OG2504.csv,2,1
2901,OG2510.csv,14,4
2902,OG8983.csv,2,2
2903,OG16764.csv,1,1
2904,OG10315.csv,3,1
2905,OG12502.csv,6,2
2906,OG15286.csv,15,2
2907,OG16957.csv,2,0
2908,OG1794.csv,12,4
2909,OG11786.csv,0,0
2910,OG13191.csv,1,1
2911,OG5294.csv,2,0
2912,OG13185.csv,4,1
2913,OG7497.csv,2,1
2914,OG1780.csv,21,8
2915,OG15292.csv,8,3
2916,OG3197.csv,1,1
2917,OG3801.csv,0,0
2918,OG8954.csv,1,0
2919,OG8940.csv,4,2
2920,OG10249.csv,3,0
2921,OG4983.csv,12,4
2922,OG12338.csv,0,0
2923,OG5323.csv,1,0
2924,OG1145.csv,0,0
2925,OG9519.csv,5,1
2926,OG7520.csv,5,1
2927,OG18167.csv,4,3
2928,OG14985.csv,9,2
2929,OG5479.csv,3,3
2930,OG12462.csv,3,2
2931,OG3008.csv,1,1
2932,OG6170.csv,2,1
2933,OG11619.csv,1,0
2934,OG10507.csv,10,1
2935,OG11194.csv,2,1
2936,OG6831.csv,3,2
2937,OG3791.csv,5,2
2938,OG3785.csv,9,3
2939,OG9280.csv,4,1
2940,OG6428.csv,4,0
2941,OG15655.csv,8,2
2942,OG3236.csv,6,2
2943,OG4559.csv,4,3
2944,OG8363.csv,3,0
2945,OG7050.csv,4,2
2946,OG18417.csv,1,0
2947,OG7044.csv,6,1
2948,OG13556.csv,3,0
2949,OG2882.csv,4,2
2950,OG12106.csv,1,1
2951,OG9727.csv,1,1
2952,OG2100.csv,1,0
2953,OG9055.csv,0,0
2954,OG16374.csv,1,0
2955,OG12112.csv,1,1
2956,OG4217.csv,4,1
2957,OG14563.csv,1,1
2958,OG15696.csv,1,1
2959,OG10088.csv,7,1
2960,OG11396.csv,6,2
2961,OG5848.csv,10,2
2962,OG6399.csv,8,2
2963,OG5860.csv,8,2
2964,OG8388.csv,1,1
2965,OG9928.csv,4,0
2966,OG2845.csv,0,0
2967,OG17091.csv,7,0
2968,OG13591.csv,4,2
2969,OG11392.csv,0,0
2970,OG1380.csv,4,2
2971,OG15692.csv,1,0
2972,OG5870.csv,5,2
2973,OG8398.csv,0,0
2974,OG8415.csv,12,3
2975,OG5657.csv,0,0
2976,OG2138.csv,3,1
2977,OG3226.csv,6,1
2978,OG12894.csv,29,6
2979,OG8373.csv,6,3
2980,OG1431.csv,8,2
2981,OG9079.csv,4,3
2982,OG15137.csv,1,0
2983,OG3232.csv,1,1
2984,OG13546.csv,0,0
2985,OG11437.csv,3,2
2986,OG4213.csv,3,1
2987,OG12116.csv,3,1
2988,OG8429.csv,9,4
2989,OG10067.csv,3,1
2990,OG11379.csv,5,2
2991,OG9051.csv,1,0
2992,OG12670.csv,2,1
2993,OG1419.csv,1,0
2994,OG16402.csv,2,0
2995,OG4207.csv,2,1
2996,OG8818.csv,3,3
2997,OG7295.csv,4,2
2998,OG4944.csv,2,0
2999,OG5482.csv,0,0
3000,OG13977.csv,1,1
3001,OG8830.csv,6,2
3002,OG6809.csv,2,0
3003,OG13963.csv,4,0
3004,OG10259.csv,10,4
3005,OG3024.csv,2,0
3006,OG8617.csv,1,0
3007,OG1155.csv,1,1
3008,OG8603.csv,1,0
3009,OG18177.csv,7,2
3010,OG15453.csv,5,1
3011,OG15335.csv,2,0
3012,OG6148.csv,6,2
3013,OG3018.csv,7,1
3014,OG12300.csv,8,3
3015,OG4005.csv,0,0
3016,OG10517.csv,0,0
3017,OG6612.csv,0,0
3018,OG6174.csv,0,0
3019,OG9247.csv,1,0
3020,OG15309.csv,0,0
3021,OG4824.csv,7,2
3022,OG15296.csv,5,2
3023,OG16947.csv,3,1
3024,OG6955.csv,1,0
3025,OG10488.csv,0,0
3026,OG11796.csv,0,0
3027,OG8978.csv,3,0
3028,OG5290.csv,3,2
3029,OG6799.csv,14,5
3030,OG16953.csv,6,0
3031,OG1960.csv,3,0
3032,OG13803.csv,0,0
3033,OG13817.csv,1,1
3034,OG1974.csv,9,3
3035,OG3150.csv,4,1
3036,OG13142.csv,5,3
3037,OG18017.csv,5,2
3038,OG9469.csv,6,1
3039,OG1035.csv,0,0
3040,OG6982.csv,2,1
3041,OG3622.csv,12,1
3042,OG12248.csv,5,3
3043,OG3144.csv,10,3
3044,OG8011.csv,6,2
3045,OG12506.csv,3,1
3046,OG15269.csv,2,0
3047,OG2514.csv,1,1
3048,OG16012.csv,4,2
3049,OG10463.csv,3,1
3050,OG2266.csv,3,1
3051,OG10852.csv,2,1
3052,OG7691.csv,9,5
3053,OG9864.csv,19,6
3054,OG12923.csv,1,0
3055,OG5938.csv,10,3
3056,OG15080.csv,4,1
3057,OG12937.csv,5,1
3058,OG9870.csv,5,3
3059,OG2925.csv,8,1
3060,OG5904.csv,2,1
3061,OG9694.csv,2,1
3062,OG8561.csv,1,0
3063,OG10891.csv,3,1
3064,OG11557.csv,1,0
3065,OG3352.csv,10,3
3066,OG17640.csv,1,0
3067,OG2058.csv,1,0
3068,OG15043.csv,1,0
3069,OG3420.csv,3,0
3070,OG2716.csv,5,0
3071,OG4401.csv,4,1
3072,OG14375.csv,1,0
3073,OG2070.csv,3,1
3074,OG12704.csv,4,2
3075,OG17668.csv,1,1
3076,OG9657.csv,11,4
3077,OG17669.csv,3,0
3078,OG4414.csv,2,0
3079,OG6565.csv,8,4
3080,OG9656.csv,1,1
3081,OG2717.csv,1,1
3082,OG5078.csv,0,0
3083,OG2071.csv,8,4
3084,OG14374.csv,1,0
3085,OG7109.csv,2,1
3086,OG10112.csv,0,0
3087,OG6217.csv,2,1
3088,OG5736.csv,4,2
3089,OG18200.csv,1,0
3090,OG8574.csv,4,2
3091,OG13355.csv,4,2
3092,OG3421.csv,0,0
3093,OG13341.csv,1,0
3094,OG1222.csv,0,0
3095,OG17127.csv,5,1
3096,OG7135.csv,5,2
3097,OG1544.csv,2,1
3098,OG3353.csv,0,0
3099,OG9859.csv,2,2
3100,OG16588.csv,2,0
3101,OG3384.csv,7,3
3102,OG12088.csv,8,0
3103,OG2924.csv,2,1
3104,OG10847.csv,6,2
3105,OG13382.csv,1,0
3106,OG2930.csv,1,0
3107,OG12922.csv,6,4
3108,OG17682.csv,0,0
3109,OG7479.csv,3,2
3110,OG8992.csv,3,2
3111,OG2267.csv,8,2
3112,OG16775.csv,3,1
3113,OG9326.csv,7,3
3114,OG6015.csv,4,2
3115,OG4602.csv,11,1
3116,OG13619.csv,7,1
3117,OG15268.csv,6,1
3118,OG9440.csv,4,2
3119,OG6773.csv,4,1
3120,OG1752.csv,3,1
3121,OG8010.csv,2,0
3122,OG6029.csv,1,0
3123,OG7337.csv,16,4
3124,OG8762.csv,7,3
3125,OG5246.csv,1,0
3126,OG9497.csv,1,1
3127,OG11967.csv,1,0
3128,OG1975.csv,4,2
3129,OG13816.csv,7,3
3130,OG11973.csv,1,1
3131,OG6940.csv,2,1
3132,OG14823.csv,2,0
3133,OG4831.csv,6,2
3134,OG15283.csv,0,0
3135,OG16952.csv,1,0
3136,OG15297.csv,3,2
3137,OG3192.csv,4,2
3138,OG5285.csv,8,2
3139,OG14837.csv,7,1
3140,OG8979.csv,0,0
3141,OG11797.csv,24,5
3142,OG6613.csv,2,0
3143,OG10270.csv,6,0
3144,OG12473.csv,1,0
3145,OG4776.csv,3,2
3146,OG4010.csv,1,0
3147,OG9534.csv,4,1
3148,OG13023.csv,3,1
3149,OG4038.csv,3,1
3150,OG3757.csv,4,2
3151,OG2449.csv,4,2
3152,OG15452.csv,3,1
3153,OG14994.csv,2,1
3154,OG11634.csv,1,0
3155,OG1626.csv,0,0
3156,OG4992.csv,8,3
3157,OG3025.csv,3,0
3158,OG3743.csv,3,1
3159,OG6808.csv,9,4
3160,OG9291.csv,0,0
3161,OG1829.csv,4,1
3162,OG4951.csv,5,2
3163,OG1197.csv,1,1
3164,OG14572.csv,1,1
3165,OG10714.csv,1,0
3166,OG16365.csv,0,0
3167,OG9722.csv,7,4
3168,OG15678.csv,1,0
3169,OG9050.csv,4,1
3170,OG14228.csv,4,2
3171,OG15136.csv,3,1
3172,OG12659.csv,4,3
3173,OG1424.csv,1,0
3174,OG18412.csv,3,0
3175,OG11436.csv,3,1
3176,OG3541.csv,5,2
3177,OG7041.csv,3,3
3178,OG4548.csv,6,2
3179,OG3227.csv,5,2
3180,OG5656.csv,0,0
3181,OG5865.csv,2,1
3182,OG17906.csv,6,1
3183,OG9093.csv,2,1
3184,OG5871.csv,4,0
3185,OG5681.csv,0,0
3186,OG1395.csv,4,1
3187,OG9911.csv,2,0
3188,OG3582.csv,3,0
3189,OG15687.csv,4,1
3190,OG10099.csv,1,0
3191,OG17938.csv,1,1
3192,OG7094.csv,9,4
3193,OG2846.csv,2,1
3194,OG9091.csv,2,1
3195,OG13223.csv,4,1
3196,OG18376.csv,2,0
3197,OG18410.csv,2,0
3198,OG8370.csv,0,0
3199,OG1432.csv,0,0
3200,OG17051.csv,1,0
3201,OG2885.csv,7,3
3202,OG12667.csv,1,1
3203,OG14216.csv,3,1
3204,OG6375.csv,2,0
3205,OG5668.csv,1,1
3206,OG3219.csv,1,0
3207,OG6407.csv,2,1
3208,OG6188.csv,12,5
3209,OG5481.csv,1,0
3210,OG6836.csv,3,1
3211,OG11839.csv,3,1
3212,OG8827.csv,2,0
3213,OG14969.csv,2,0
3214,OG8833.csv,1,1
3215,OG14028.csv,1,1
3216,OG15336.csv,0,0
3217,OG8166.csv,3,0
3218,OG7533.csv,1,0
3219,OG8600.csv,6,2
3220,OG14996.csv,0,0
3221,OG15450.csv,5,1
3222,OG3999.csv,9,6
3223,OG5330.csv,3,1
3224,OG15444.csv,9,3
3225,OG2339.csv,4,1
3226,OG15322.csv,2,1
3227,OG9244.csv,22,7
3228,OG1618.csv,1,0
3229,OG7269.csv,1,1
3230,OG2477.csv,1,0
3231,OG10514.csv,9,4
3232,OG8628.csv,3,2
3233,OG16171.csv,10,1
3234,OG2305.csv,1,1
3235,OG11178.csv,1,0
3236,OG6163.csv,5,1
3237,OG16788.csv,6,3
3238,OG3190.csv,2,0
3239,OG1787.csv,15,3
3240,OG13814.csv,6,2
3241,OG3812.csv,5,2
3242,OG9481.csv,3,2
3243,OG1963.csv,1,1
3244,OG3635.csv,2,2
3245,OG16039.csv,2,1
3246,OG12539.csv,4,1
3247,OG13627.csv,1,1
3248,OG11018.csv,8,2
3249,OG9330.csv,3,1
3250,OG6003.csv,0,0
3251,OG2265.csv,2,0
3252,OG6765.csv,5,2
3253,OG8748.csv,2,1
3254,OG10460.csv,3,0
3255,OG9442.csv,4,0
3256,OG8984.csv,1,1
3257,OG18028.csv,4,2
3258,OG10474.csv,6,1
3259,OG5278.csv,1,1
3260,OG14174.csv,3,1
3261,OG16763.csv,1,1
3262,OG10845.csv,0,0
3263,OG3386.csv,1,1
3264,OG3392.csv,1,1
3265,OG2932.csv,4,1
3266,OG10851.csv,4,0
3267,OG9867.csv,1,1
3268,OG12908.csv,2,0
3269,OG9683.csv,0,0
3270,OG13357.csv,5,2
3271,OG17657.csv,4,2
3272,OG3351.csv,5,2
3273,OG8204.csv,3,0
3274,OG8562.csv,5,2
3275,OG11554.csv,6,3
3276,OG7679.csv,5,1
3277,OG1208.csv,1,0
3278,OG6567.csv,0,0
3279,OG9654.csv,1,1
3280,OG14362.csv,5,1
3281,OG4402.csv,1,1
3282,OG14376.csv,1,0
3283,OG12707.csv,1,1
3284,OG15069.csv,4,1
3285,OG8239.csv,2,1
3286,OG6572.csv,2,2
3287,OG9899.csv,1,1
3288,OG10677.csv,3,0
3289,OG16212.csv,9,4
3290,OG7678.csv,5,3
3291,OG10105.csv,2,2
3292,OG6200.csv,0,0
3293,OG7136.csv,2,0
3294,OG17642.csv,6,1
3295,OG15055.csv,1,0
3296,OG3436.csv,7,2
3297,OG2728.csv,9,5
3298,OG11541.csv,7,1
3299,OG17130.csv,3,0
3300,OG7644.csv,4,1
3301,OG13356.csv,3,0
3302,OG12048.csv,6,0
3303,OG5053.csv,2,1
3304,OG5735.csv,1,0
3305,OG15041.csv,3,0
3306,OG3344.csv,6,2
3307,OG8211.csv,0,0
3308,OG5906.csv,5,1
3309,OG9682.csv,17,7
3310,OG8588.csv,2,1
3311,OG5912.csv,3,2
3312,OG12909.csv,4,3
3313,OG1584.csv,7,2
3314,OG7693.csv,0,0
3315,OG10850.csv,6,2
3316,OG2927.csv,0,0
3317,OG3387.csv,5,0
3318,OG2099.csv,4,2
3319,OG15082.csv,0,0
3320,OG4167.csv,2,0
3321,OG10475.csv,7,4
3322,OG9443.csv,2,2
3323,OG16762.csv,3,2
3324,OG4601.csv,3,2
3325,OG2270.csv,4,2
3326,OG16776.csv,6,3
3327,OG8761.csv,2,1
3328,OG17454.csv,1,0
3329,OG7320.csv,1,0
3330,OG4629.csv,5,3
3331,OG11743.csv,3,2
3332,OG8946.csv,5,2
3333,OG9480.csv,9,2
3334,OG16979.csv,5,1
3335,OG1962.csv,4,1
3336,OG3807.csv,5,2
3337,OG8952.csv,0,0
3338,OG4198.csv,0,0
3339,OG11794.csv,3,1
3340,OG16945.csv,6,2
3341,OG1786.csv,1,1
3342,OG3191.csv,4,0
3343,OG12289.csv,5,3
3344,OG8629.csv,0,0
3345,OG7268.csv,4,2
3346,OG9523.csv,4,1
3347,OG3768.csv,8,4
3348,OG14773.csv,5,2
3349,OG12302.csv,1,1
3350,OG3740.csv,1,0
3351,OG3998.csv,5,2
3352,OG5457.csv,0,0
3353,OG4991.csv,0,0
3354,OG3026.csv,1,1
3355,OG4749.csv,2,1
3356,OG8173.csv,1,0
3357,OG7240.csv,0,0
3358,OG17534.csv,4,1
3359,OG1631.csv,0,0
3360,OG11145.csv,9,3
3361,OG17520.csv,12,5
3362,OG9279.csv,0,0
3363,OG4985.csv,1,1
3364,OG3032.csv,6,2
3365,OG8601.csv,6,2
3366,OG11810.csv,1,0
3367,OG6823.csv,2,1
3368,OG13949.csv,8,5
3369,OG4946.csv,7,3
3370,OG1180.csv,1,1
3371,OG3218.csv,17,5
3372,OG2106.csv,2,0
3373,OG1369.csv,6,1
3374,OG2674.csv,2,1
3375,OG14571.csv,3,1
3376,OG11409.csv,5,2
3377,OG9721.csv,0,0
3378,OG16400.csv,0,0
3379,OG4563.csv,13,4
3380,OG15109.csv,1,0
3381,OG11347.csv,1,0
3382,OG8371.csv,3,2
3383,OG7724.csv,1,1
3384,OG8417.csv,5,2
3385,OG17050.csv,1,0
3386,OG7730.csv,1,1
3387,OG18377.csv,16,6
3388,OG1341.csv,1,1
3389,OG5127.csv,5,2
3390,OG15653.csv,1,1
3391,OG3230.csv,3,0
3392,OG5641.csv,1,0
3393,OG11353.csv,4,0
3394,OG18411.csv,7,0
3395,OG7056.csv,3,2
3396,OG10918.csv,0,0
3397,OG7917.csv,6,3
3398,OG5696.csv,1,0
3399,OG9912.csv,1,1
