X1,locus,gene,mean,SD
P32476,YGR175C,ERG1,0.090961769,0.10566656
P14540,YKL060C,FBA1,0.00942789,0.01503108
P00360,YJL052W,TDH1,0.008816516,0.002282614
P00359,YGR192C,TDH3,0.0081718,0.002566026
P00358,YJR009C,TDH2,0.008170192,0.002699076
P06169,YLR044C,PDC1,0.008105115,0.004857215
P15019,YLR354C,TAL1,0.006949628,0.008148861
P26263,YGR087C,PDC6,0.006386857,0.004228973
P16467,YLR134W,PDC5,0.004904553,0.00432893
P00924,YGR254W,ENO1,0.004645408,0.00226423
P40825,YOR335C,ALA1,0.004321063,0.021654858
P12684,YLR450W,HMG2,0.003466342,0.002467236
P16862,YMR205C,PFK2,0.003465551,0.008900157
P00925,YHR174W,ENO2,0.003349148,0.002878957
P12683,YML075C,HMG1,0.003327297,0.002415282
P07284,YDR023W,SES1,0.002587777,0.024790106
P00560,YCR012W,PGK1,0.002229579,0.005388702
Q06817,YPR081C,GRS2,0.002171682,0.002774713
P38088,YBR121C,GRS1,0.001921135,0.002606051
P38708,YHR020W,YHR020W,0.001892526,0.006681082
P21147,YGL055W,OLE1,0.001774927,0.007108535
P28777,YGL148W,ARO2,0.001702219,0.006728008
P38625,YMR217W,GUA1,0.001682648,0.009019617
P00549,YAL038W,CDC19,0.001529102,0.000449406
P00950,YKL152C,GPM1,0.001526608,0.002802305
Q12122,YDL131W,LYS21,0.001411693,0.00107186
P16861,YGR240C,PFK1,0.001232064,0.001771456
P05694,YER091C,MET6,0.001180431,0.002409891
P52489,YOR347C,PYK2,0.001127115,0.000598527
P07244,YGL234W,ADE5,0.001042502,0.001623519
P17709,YCL040W,GLK1,0.000984828,0.00126339
P48570,YDL182W,LYS20,0.000973069,0.001073553
P15180,YDR037W,KRS1,0.000949887,0.003365874
P04807,YGL253W,HXK2,0.000944419,0.000785831
P04802,YLL018C,DPS1,0.000840548,0.001755049
P04806,YFR053C,HXK1,0.000812158,0.000679664
P12709,YBR196C,PGI1,0.000811136,0.002738034
P31688,YDR074W,TPS2,0.00075282,0.003275346
Q02196,YKL001C,MET14,0.000700257,0.002636882
P18544,YOL140W,ARG8,0.000697755,0.002206637
P38972,YGR061C,ADE6,0.000677913,0.003090619
P40495,YIL094C,LYS12,0.000626777,0.002898912
P46655,YGL245W,GUS1,0.000594786,0.000587587
P09436,YBL076C,ILS1,0.000538458,0.004664698
Q12680,YDL171C,GLT1,0.000510806,0.000512853
P07702,YBR115C,LYS2,0.000465345,0.003943627
P40989,YGR032W,GSC2,0.000455948,0.000776713
Q01217,YER069W,ARG5,0.000409879,0.000615323
P26637,YPL160W,CDC60,0.000403345,0.000722832
P00815,YCL030C,HIS4,0.000394509,0.000737675
P38631,YLR342W,FKS1,0.000390922,0.000707143
P11154,YGL062W,PYC1,0.000354575,0.000389973
P04801,YIL078W,THS1,0.000350905,0.000422379
P07264,YGL009C,LEU1,0.000338966,0.003365463
P00498,YER055C,HIS1,0.00031633,0.001500718
P03962,YEL021W,URA3,0.000305777,0.002736657
P38697,YHR216W,IMD2,0.000298267,0.00022788
P07149,YKL182W,FAS1,0.000294002,0.000222893
P07806,YGR094W,VAS1,0.000290447,0.000990915
P32327,YBR218C,PYC2,0.000288851,0.000331476
P07285,YDR354W,TRP4,0.000279625,0.001854507
P08566,YDR127W,ARO1,0.000277231,0.000612078
P50094,YML056C,IMD4,0.000272617,0.000234268
P32288,YPR035W,GLN1,0.000260835,0.000955277
P53315,YGR248W,SOL4,0.000256303,0.00028935
P07143,YOR065W,CYT1,0.000255152,0.000399958
P10869,YER052C,HOM3,0.000248042,0.000758756
P07263,YPR033C,HTS1,0.000216545,0.002036356
P08524,YJL167W,ERG20,0.000212107,0.001577754
P49367,YDR234W,LYS4,0.000208999,0.000566679
P38858,YHR163W,SOL3,0.000199281,0.000255563
P50095,YLR432W,IMD3,0.000198196,0.000195005
P19414,YLR304C,ACO1,0.000196376,0.000624375
P19097,YPL231W,FAS2,0.000184364,0.000202486
P00127,YFR033C,QCR6,0.000172339,0.000659566
P00163,Q0105,COB,0.00017038,0.000330384
P18408,YPR167C,MET16,0.000165873,0.000886822
P04046,YMR300C,ADE4,0.000163952,0.00025163
P07256,YBL045C,COR1,0.000160329,0.000247692
P33330,YOR184W,SER1,0.000159894,0.000266865
P17423,YHR025W,THR1,0.000156116,0.00044633
P06106,YLR303W,MET17,0.000144835,0.00127118
P08431,YBR018C,GAL7,0.000134702,8.44E-05
P08067,YEL024W,RIP1,0.000134542,0.000215021
P41338,YPL028W,ERG10,0.000129641,0.000388752
P38705,YHR011W,DIA4,0.000126488,0.000165407
P07170,YDR226W,ADK1,0.000126218,0.000471609
P00410,Q0250,COX2,0.000125581,0.000341705
P13188,YOR168W,GLN4,0.000124712,0.000106235
P00128,YDR529C,QCR7,0.000123753,0.000332267
Q12189,YOR095C,RKI1,0.000119008,0.000106424
P07245,YGR204W,ADE3,0.000118798,0.00028606
P07342,YMR108W,ILV2,0.000116488,0.000460713
P38998,YIR034C,LYS1,0.000115451,0.000244273
P32861,YKL035W,UGP1,0.000113107,9.64E-05
P53319,YGR256W,GND2,0.000112441,0.00010884
P39522,YJR016C,ILV3,0.000104086,0.000570938
P54113,YLR028C,ADE16,0.000102658,7.39E-05
P32264,YDR300C,PRO1,0.00010228,0.00066277
P38720,YHR183W,GND1,0.000100083,0.000105589
P41277,YIL053W,GPP1,1.00E-04,0.000213744
P36013,YKL029C,MAE1,9.84E-05,0.000217655
Q05911,YLR359W,ADE13,9.55E-05,8.37E-05
P40106,YER062C,GPP2,9.00E-05,0.00020518
P00420,Q0275,COX3,8.85E-05,0.000126488
P09440,YBR084W,MIS1,8.79E-05,0.000197496
P06168,YLR355C,ILV5,8.79E-05,7.17E-05
P07257,YPR191W,QCR2,8.18E-05,0.000122023
P38009,YMR120C,ADE17,8.01E-05,7.66E-05
P38113,YBR145W,ADH5,7.95E-05,4.82E-05
P00401,Q0045,COX1,7.72E-05,0.000106716
P38066,YBL033C,RIB1,7.72E-05,0.000695709
Q12452,YLR100W,ERG27,7.44E-05,8.46E-05
P36421,YGR185C,TYS1,7.18E-05,7.03E-05
P00937,YKL211C,TRP3,7.08E-05,0.000223177
P80210,YNL220W,ADE12,7.05E-05,0.00012921
P49089,YPR145W,ASN1,6.59E-05,6.46E-05
P25087,YML008C,ERG6,6.44E-05,0.000108568
P36148,YKR067W,GPT2,6.40E-05,0.000101468
P31116,YJR139C,HOM6,6.28E-05,6.40E-05
P04173,YCL018W,LEU2,6.00E-05,8.52E-05
P07172,YIL116W,HIS5,5.73E-05,8.01E-05
P32473,YBR221C,PDB1,5.31E-05,0.000109215
P00817,YBR011C,IPP1,5.22E-05,7.86E-05
P24521,YMR220W,ERG8,5.19E-05,0.000105087
P36107,YKL004W,AUR1,4.91E-05,0.000457767
P49090,YGR124W,ASN2,4.74E-05,5.39E-05
P33315,YBR117C,TKL2,4.50E-05,5.12E-05
P06197,YPR113W,PIS1,4.28E-05,0.000176882
P50113,YGL154C,LYS5,4.22E-05,0.000106604
P14020,YPR183W,DPM1,4.14E-05,0.000149076
P11412,YNL241C,ZWF1,3.79E-05,0.00017229
P14065,YOR120W,GCY1,3.70E-05,0.000158524
P23254,YPR074C,TKL1,3.58E-05,4.96E-05
P43550,YFL053W,DAK2,3.51E-05,0.000165672
P54838,YML070W,DAK1,3.42E-05,0.000164382
P17505,YKL085W,MDH1,3.29E-05,6.89E-05
P38707,YHR019C,DED81,3.26E-05,4.05E-05
P32799,YGL191W,COX13,3.12E-05,5.54E-05
P54115,YPL061W,ALD6,3.04E-05,5.14E-05
Q04728,YMR062C,ARG7,2.97E-05,4.66E-05
P00330,YOL086C,ADH1,2.96E-05,5.21E-05
P05375,YJR073C,OPI3,2.91E-05,0.000196259
Q05506,YDR341C,YDR341C,2.85E-05,3.74E-05
P32316,YBL015W,ACH1,2.78E-05,0.000127365
P32377,YNR043W,MVD1,2.77E-05,6.98E-05
P13663,YDR158W,HOM2,2.75E-05,9.18E-05
P46969,YJL121C,RPE1,2.74E-05,5.00E-05
P31373,YAL012W,CYS3,2.72E-05,0.000124333
P46971,YJR143C,PMT4,2.63E-05,3.80E-05
P22289,YGR183C,QCR9,2.59E-05,5.82E-05
P54839,YML126C,ERG13,2.59E-05,4.09E-05
P29704,YHR190W,ERG9,2.59E-05,6.07E-05
P47190,YOR321W,PMT3,2.52E-05,3.81E-05
P00427,YHR051W,COX6,2.50E-05,5.01E-05
P47176,YJR148W,BAT2,2.50E-05,0.000237596
P30402,YMR271C,URA10,2.50E-05,5.85E-05
P16550,YCL050C,APA1,2.44E-05,3.99E-05
P00890,YNR001C,CIT1,2.43E-05,4.18E-05
P13298,YML106W,URA5,2.40E-05,5.59E-05
P41939,YLR174W,IDP2,2.40E-05,5.02E-05
P50861,YOL143C,RIB4,2.31E-05,4.02E-05
P43635,YPR001W,CIT3,2.24E-05,4.01E-05
P19358,YDR502C,SAM2,2.22E-05,4.08E-05
P52910,YLR153C,ACS2,2.21E-05,4.55E-05
P52867,YDL093W,PMT5,2.20E-05,3.80E-05
P09624,YFL018C,LPD1,2.17E-05,4.45E-05
Q01574,YAL054C,ACS1,2.15E-05,4.56E-05
P04037,YGL187C,COX4,2.13E-05,4.72E-05
P28272,YKL216W,URA1,2.12E-05,3.93E-05
P40215,YMR145C,NDE1,2.07E-05,3.95E-05
P32784,YBL011W,SCT1,2.02E-05,4.20E-05
Q07500,YDL085W,NDE2,1.98E-05,3.98E-05
P29952,YER003C,PMI40,1.95E-05,4.64E-05
P41940,YDL055C,PSA1,1.95E-05,4.21E-05
P08525,YJL166W,QCR8,1.93E-05,3.89E-05
P04039,YLR395C,COX8,1.83E-05,3.59E-05
Q05584,YDR272W,GLO2,1.83E-05,5.04E-05
P38840,YHR137W,ARO9,1.83E-05,4.80E-05
P10659,YLR180W,SAM1,1.80E-05,4.12E-05
P00942,YDR050C,TPI1,1.78E-05,3.56E-05
P07283,YFL045C,SEC53,1.74E-05,8.47E-05
P38627,YJR103W,URA8,1.74E-05,4.18E-05
P00425,YIL111W,COX5B,1.71E-05,3.56E-05
P38426,YMR261C,TPS3,1.69E-05,3.63E-05
P27616,YAR015W,ADE1,1.69E-05,7.30E-05
P33401,YKL127W,PGM1,1.61E-05,3.62E-05
P16451,YGR193C,PDX1,1.60E-05,3.63E-05
P41911,YOL059W,GPD2,1.60E-05,6.71E-05
P37299,YHR001W-A,QCR10,1.56E-05,3.69E-05
P37012,YMR105C,PGM2,1.52E-05,3.59E-05
P29509,YDR353W,TRR1,1.52E-05,4.99E-05
P21264,YOR128C,ADE2,1.48E-05,4.33E-05
P38427,YML100W,TSL1,1.44E-05,3.59E-05
P32178,YPR060C,ARO7,1.41E-05,5.98E-05
Q12109,YOL097C,WRS1,1.40E-05,3.92E-05
P12695,YNL071W,LAT1,1.39E-05,4.28E-05
P22803,YGR209C,TRX2,1.38E-05,3.83E-05
Q01519,YLR038C,COX12,1.38E-05,3.72E-05
P40545,YIL020C,HIS6,1.35E-05,4.88E-05
P10174,YMR256C,COX7,1.32E-05,3.86E-05
Q12265,YOL061W,PRS5,1.24E-05,3.73E-05
P38145,YBR256C,RIB5,1.23E-05,3.66E-05
P32179,YOL064C,MET22,1.23E-05,3.53E-05
P21954,YDL066W,IDP1,1.22E-05,3.60E-05
P28274,YBL039C,URA7,1.19E-05,3.62E-05
Q12165,YDL004W,ATP16,1.19E-05,9.09E-05
P07255,YDL067C,COX9,1.18E-05,3.48E-05
Q99258,YDR487C,RIB3,1.16E-05,7.89E-05
P39692,YFR030W,MET10,1.14E-05,4.12E-05
P42941,YGR208W,SER2,1.12E-05,4.28E-05
P00958,YGR264C,MES1,1.10E-05,3.51E-05
P08536,YJR010W,MET3,1.09E-05,3.55E-05
P16387,YER178W,PDA1,1.08E-05,3.48E-05
P32614,YEL047C,FRD1,1.08E-05,4.55E-05
P22217,YLR043C,TRX1,1.08E-05,3.52E-05
P04161,YDR408C,ADE8,1.06E-05,3.84E-05
P38342,YBR265W,TSC10,1.04E-05,4.04E-05
P32895,YKL181W,PRS1,9.81E-06,3.49E-05
P32340,YML120C,NDI1,9.81E-06,3.58E-05
P38689,YHL011C,PRS3,9.76E-06,3.59E-05
P28240,YER065C,ICL1,9.46E-06,4.66E-05
P37291,YLR058C,SHM2,9.30E-06,3.80E-05
P07259,YJL130C,URA2,9.30E-06,3.65E-05
P53090,YGL202W,ARO8,9.02E-06,4.63E-05
Q00764,YBR126C,TPS1,8.87E-06,3.43E-05
P37303,YEL046C,GLY1,8.80E-06,3.76E-05
P47011,YJL137C,GLG2,8.55E-06,3.39E-05
Q08650,YOR245C,DGA1,8.44E-06,3.49E-05
P36143,YKR058W,GLG1,8.10E-06,3.48E-05
P27472,YLR258W,GSY2,8.00E-06,3.43E-05
P21801,YLL041C,SDH2,7.99E-06,4.07E-05
P23542,YLR027C,AAT2,7.93E-06,3.42E-05
P38620,YER099C,PRS2,7.92E-06,3.48E-05
P52893,YLR089C,ALT1,7.88E-06,4.42E-05
P20051,YLR420W,URA4,7.80E-06,4.04E-05
P08417,YPL262W,FUM1,7.54E-06,3.90E-05
P14843,YDR035W,ARO3,7.47E-06,3.42E-05
P06208,YNL104C,LEU4,7.41E-06,3.51E-05
P23337,YFR015C,GSY1,7.31E-06,3.47E-05
P38063,YBL068W,PRS4,7.31E-06,3.50E-05
P05030,YGL008C,PMA1,7.29E-06,4.15E-05
P32891,YDL174C,DLD1,7.27E-06,3.46E-05
P00931,YGL026C,TRP5,7.10E-06,3.97E-05
P08465,YNL277W,MET2,7.01E-06,3.53E-05
P25628,YCR048W,ARE1,6.95E-06,3.48E-05
P39976,YEL071W,DLD3,6.95E-06,3.42E-05
P40017,YER024W,YAT2,6.92E-06,3.66E-05
P50107,YML004C,GLO1,6.90E-06,3.41E-05
P32449,YBR249C,ARO4,6.71E-06,3.42E-05
P19657,YPL036W,PMA2,6.69E-06,3.76E-05
P53629,YNR019W,ARE2,6.37E-06,3.49E-05
P46681,YDL178W,DLD2,6.35E-06,3.44E-05
P47771,YMR170C,ALD2,6.23E-06,3.77E-05
P47169,YJR137C,MET5,6.04E-06,3.46E-05
P80235,YAR035W,YAT1,6.00E-06,3.64E-05
P53045,YGR060W,ERG25,5.89E-06,3.55E-05
P08456,YER026C,CHO1,5.72E-06,3.42E-05
P15700,YKL024C,URA6,5.71E-06,3.59E-05
Q00055,YDL022W,GPD1,5.50E-06,3.47E-05
P10614,YHR007C,ERG11,5.43E-06,3.43E-05
P40970,YDR062W,LCB2,5.42E-06,3.46E-05
P32796,YML042W,CAT2,5.34E-06,3.54E-05
P07277,YMR208W,ERG12,5.32E-06,3.45E-05
P53128,YGL125W,MET13,5.30E-06,3.39E-05
P38221,YBR029C,CDS1,5.27E-06,3.41E-05
P40047,YER073W,ALD5,5.17E-06,3.41E-05
Q07923,YLR011W,LOT6,5.13E-06,3.45E-05
Q06408,YDR380W,ARO10,5.06E-06,3.55E-05
P07246,YMR083W,ADH3,4.94E-06,3.38E-05
P25379,YCL064C,CHA1,4.91E-06,3.37E-05
P46151,YPL023C,MET12,4.85E-06,3.37E-05
P11986,YJL153C,INO1,4.76E-06,3.41E-05
Q08548,YOR175C,ALE1,4.69E-06,3.51E-05
P03965,YJR109C,CPA2,4.63E-06,3.50E-05
P20049,YBR166C,TYR1,4.59E-06,3.44E-05
P00899,YER090W,TRP2,4.56E-06,3.40E-05
P47052,YJL045W,YJL045W,4.51E-06,3.43E-05
P21826,YIR031C,DAL7,4.43E-06,3.61E-05
P33734,YBR248C,HIS7,4.43E-06,3.45E-05
P49095,YMR189W,GCV2,4.40E-06,3.42E-05
P00927,YER086W,ILV1,4.39E-06,3.37E-05
P47164,YJR130C,STR2,4.35E-06,3.60E-05
P30952,YNL117W,MLS1,4.32E-06,3.57E-05
P53101,YGL184C,STR3,4.32E-06,3.67E-05
P36010,YKL067W,YNK1,4.30E-06,3.37E-05
Q00711,YKL148C,SDH1,4.22E-06,3.43E-05
P33421,YKL141W,SDH3,4.19E-06,3.39E-05
P25045,YMR296C,LCB1,4.16E-06,3.40E-05
P00912,YDR007W,TRP1,4.11E-06,3.38E-05
P46367,YOR374W,ALD4,4.03E-06,3.46E-05
P07251,YBL099W,ATP1,4.01E-06,3.57E-05
P00045,YEL039C,CYC7,3.92E-06,3.39E-05
P47143,YJR105W,ADO1,3.89E-06,3.43E-05
P00044,YJR048W,CYC1,3.88E-06,3.39E-05
P10127,YGL256W,ADH4,3.85E-06,3.39E-05
P54885,YOR323C,PRO2,3.85E-06,3.42E-05
P47039,YJL060W,BNA3,3.81E-06,3.40E-05
P37298,YDR178W,SDH4,3.77E-06,3.42E-05
P53852,YNL247W,YNL247W,3.75E-06,3.40E-05
P40975,YEL017C-A,PMP2,3.74E-06,3.40E-05
P32452,YNL316C,PHA2,3.70E-06,3.38E-05
P09938,YJL026W,RNR2,3.70E-06,3.40E-05
P40510,YIL074C,SER33,3.68E-06,3.40E-05
P10356,YER152C,YER152C,3.61E-06,3.41E-05
P07258,YOR303W,CPA1,3.61E-06,3.37E-05
P38604,YHR072W,ERG7,3.61E-06,3.38E-05
P04076,YHR018C,ARG4,3.60E-06,3.39E-05
P25358,YCR034W,ELO2,3.60E-06,3.39E-05
P37292,YBR263W,SHM1,3.60E-06,3.38E-05
P32462,YNL280C,ERG24,3.56E-06,3.38E-05
P15624,YLR060W,FRS1,3.56E-06,3.45E-05
P16120,YCR053W,THR4,3.53E-06,3.39E-05
Q12166,YOR108W,LEU9,3.48E-06,3.38E-05
P25340,YGL012W,ERG4,3.48E-06,3.38E-05
P32263,YER023W,PRO3,3.48E-06,3.38E-05
P40009,YER005W,YND1,3.47E-06,3.38E-05
P05374,YGR157W,CHO2,3.44E-06,3.38E-05
P09950,YDR232W,HEM1,3.43E-06,3.41E-05
P39708,YAL062W,GDH3,3.42E-06,3.37E-05
P15454,YDR454C,GUK1,3.41E-06,3.38E-05
P14180,YBR038W,CHS2,3.41E-06,3.40E-05
Q03764,YDR147W,EKI1,3.40E-06,3.38E-05
Q03674,YMR006C,PLB2,3.40E-06,3.40E-05
P20967,YIL125W,KGD1,3.40E-06,3.40E-05
P48016,YPR026W,ATH1,3.40E-06,3.40E-05
Q05533,YDR287W,INM2,3.40E-06,3.37E-05
P43567,YFL030W,AGX1,3.40E-06,3.39E-05
P00812,YPL111W,CAR1,3.40E-06,3.40E-05
P40559,YIL002C,INP51,3.40E-06,3.40E-05
P32604,YJL155C,FBP26,3.39E-06,3.38E-05
P32368,YKL212W,SAC1,3.39E-06,3.40E-05
P32626,YEL038W,UTR4,3.39E-06,3.40E-05
P39954,YER043C,SAH1,3.39E-06,3.37E-05
P39105,YMR008C,PLB1,3.39E-06,3.38E-05
P47125,YJR078W,BNA2,3.39E-06,3.38E-05
Q12428,YPR002W,PDH1,3.39E-06,3.38E-05
Q07950,YLR020C,YEH2,3.39E-06,3.38E-05
P10963,YKR097W,PCK1,3.39E-06,3.38E-05
P48527,YPL097W,MSY1,3.39E-06,3.38E-05
Q12178,YPR062W,FCY1,3.39E-06,3.38E-05
P38787,YHR063C,PAN5,3.39E-06,3.38E-05
P35731,YKL055C,OAR1,3.39E-06,3.38E-05
P35842,YAR071W,PHO11,3.39E-06,3.38E-05
P47147,YJR110W,YMR1,3.39E-06,3.38E-05
Q03579,YMR298W,LIP1,3.39E-06,3.38E-05
P53204,YGR010W,NMA2,3.39E-06,3.38E-05
P22768,YOL058W,ARG1,3.39E-06,3.38E-05
Q08985,YPL273W,SAM4,3.38E-06,3.37E-05
P38115,YBR149W,ARA1,3.38E-06,3.37E-05
P07250,YDR173C,ARG82,3.38E-06,3.37E-05
O13525,YDR204W,COQ4,3.38E-06,3.37E-05
Q12051,YPL069C,BTS1,3.38E-06,3.37E-05
Q07993,YLR070C,XYL2,3.38E-06,3.37E-05
P35196,YBR002C,RER2,3.38E-06,3.38E-05
P31382,YAL023C,PMT2,3.38E-06,3.38E-05
P32469,YLR172C,DPH5,3.38E-06,3.37E-05
Q06389,YDR373W,FRQ1,3.38E-06,3.37E-05
Q05902,YLR299W,ECM38,3.38E-06,3.37E-05
P38013,YLR109W,AHP1,3.38E-06,3.37E-05
P32621,YEL042W,GDA1,3.38E-06,3.37E-05
P33775,YDL095W,PMT1,3.36E-06,3.44E-05
Q99190,YDL015C,TSC13,3.35E-06,3.39E-05
P21524,YER070W,RNR1,3.35E-06,3.38E-05
P06785,YOR074C,CDC21,3.35E-06,3.39E-05
P28834,YNL037C,IDH1,3.35E-06,3.54E-05
P32903,YCR024C-A,PMP1,3.34E-06,3.38E-05
P05150,YJL088W,ARG3,3.34E-06,3.38E-05
P32582,YGR155W,CYS4,3.34E-06,3.45E-05
Q08911,YOR388C,FDH1,3.32E-06,3.41E-05
P47912,YMR246W,FAA4,3.32E-06,3.40E-05
P07236,YKL194C,MST1,3.31E-06,3.39E-05
P23776,YLR300W,EXG1,3.31E-06,3.39E-05
P23797,YMR281W,GPI12,3.30E-06,3.37E-05
P38994,YDR208W,MSS4,3.29E-06,3.37E-05
P08432,YKL184W,SPE1,3.29E-06,3.37E-05
P35202,YOR143C,THI80,3.29E-06,3.37E-05
Q04179,YDR400W,URH1,3.29E-06,3.37E-05
P40319,YLR372W,ELO3,3.29E-06,3.38E-05
P38075,YBR035C,PDX3,3.27E-06,3.37E-05
Q12676,YMR113W,FOL3,3.26E-06,3.37E-05
P39006,YNL169C,PSD1,3.23E-06,3.38E-05
P41903,YJR019C,TES1,3.23E-06,3.39E-05
P38635,YFR025C,HIS2,3.22E-06,3.39E-05
P35206,YBR036C,CSG2,3.22E-06,3.39E-05
P26364,YER170W,ADK2,3.22E-06,3.38E-05
P27697,YGL119W,COQ8,3.21E-06,3.39E-05
P28496,YKL008C,LAC1,3.21E-06,3.39E-05
P22108,YDR530C,APA2,3.21E-06,3.39E-05
P27809,YDR483W,KRE2,3.21E-06,3.39E-05
P27515,YNR012W,URK1,3.20E-06,3.38E-05
P15807,YBR213W,MET8,3.20E-06,3.38E-05
P38158,YBR299W,MAL32,3.20E-06,3.38E-05
P38954,YDR072C,IPT1,3.20E-06,3.39E-05
P16622,YOR176W,HEM15,3.20E-06,3.39E-05
P32463,YKL192C,ACP1,3.20E-06,3.38E-05
P53318,YGR255C,COQ6,3.20E-06,3.39E-05
P30624,YOR317W,FAA1,3.19E-06,3.39E-05
P33412,YGR007W,ECT1,3.19E-06,3.39E-05
P00331,YMR303C,ADH2,3.19E-06,3.39E-05
P28239,YMR267W,PPA2,3.19E-06,3.39E-05
P38130,YBR205W,KTR3,3.19E-06,3.39E-05
P48836,YHR039C-A,VMA10,3.19E-06,3.39E-05
P06700,YDL042C,SIR2,3.19E-06,3.39E-05
P22434,YGL248W,PDE1,3.19E-06,3.38E-05
P38714,YHR091C,MSR1,3.19E-06,3.38E-05
P28789,YDL205C,HEM3,3.19E-06,3.38E-05
P39540,YJL196C,ELO1,3.19E-06,3.39E-05
P15202,YDR256C,CTA1,3.19E-06,3.38E-05
P42826,YGR194C,XKS1,3.19E-06,3.38E-05
P54070,YPL053C,KTR6,3.18E-06,3.41E-05
P38071,YBR026C,ETR1,3.18E-06,3.38E-05
P32353,YLR056W,ERG3,3.18E-06,3.41E-05
P14742,YKL104C,GFA1,3.18E-06,3.39E-05
P30902,YKL016C,ATP7,3.18E-06,3.41E-05
P40345,YNR008W,LRO1,3.18E-06,3.41E-05
P32190,YHL032C,GUT1,3.18E-06,3.39E-05
P40857,YJL097W,PHS1,3.18E-06,3.41E-05
P40012,YER014W,HEM14,3.18E-06,3.38E-05
P53314,YGR247W,CPD1,3.18E-06,3.38E-05
P27680,YOL096C,COQ3,3.18E-06,3.38E-05
Q99312,YOR155C,ISN1,3.18E-06,3.38E-05
P00854,Q0085,ATP6,3.18E-06,3.38E-05
Q02896,YPL087W,YDC1,3.18E-06,3.38E-05
P04385,YBR020W,GAL1,3.18E-06,3.38E-05
P32347,YDR047W,HEM12,3.18E-06,3.38E-05
P16661,YBR110W,ALG1,3.18E-06,3.38E-05
P33333,YDL052C,SLC1,3.18E-06,3.38E-05
Q03175,YMR101C,SRT1,3.17E-06,3.39E-05
Q07560,YDL142C,CRD1,3.17E-06,3.39E-05
P40459,YIL145C,PAN6,3.17E-06,3.39E-05
P40360,YJL071W,ARG2,3.17E-06,3.39E-05
P39104,YNL267W,PIK1,3.17E-06,3.38E-05
Q12043,YOR081C,TGL5,3.17E-06,3.39E-05
P13711,YGL205W,POX1,3.17E-06,3.38E-05
P38169,YBL098W,BNA4,3.17E-06,3.38E-05
P08678,YJL005W,CYR1,3.17E-06,3.38E-05
P32366,YLR447C,VMA6,3.17E-06,3.39E-05
Q12068,YOL151W,GRE2,3.17E-06,3.38E-05
P38913,YDL045C,FAD1,3.17E-06,3.38E-05
P08019,YIL099W,SGA1,3.17E-06,3.38E-05
P32383,YPL268W,PLC1,3.17E-06,3.38E-05
P53184,YGL037C,PNC1,3.17E-06,3.38E-05
P32603,YOR190W,SPR1,3.17E-06,3.39E-05
Q04396,YDR503C,LPP1,3.17E-06,3.39E-05
P25578,YCL004W,PGS1,3.17E-06,3.39E-05
Q12494,YDR017C,KCS1,3.17E-06,3.38E-05
P38816,YHR106W,TRR2,3.17E-06,3.39E-05
Q12283,YOR221C,MCT1,3.17E-06,3.39E-05
P53598,YOR142W,LSC1,3.17E-06,3.39E-05
Q02207,YKR009C,FOX2,3.17E-06,3.39E-05
Q08959,YPL206C,PGC1,3.17E-06,3.39E-05
P38211,YBR004C,GPI18,3.17E-06,3.39E-05
P25515,YEL027W,VMA3,3.17E-06,3.39E-05
P32477,YJL101C,GSH1,3.17E-06,3.39E-05
P00724,YIL162W,SUC2,3.17E-06,3.39E-05
Q08224,YOL055C,THI20,3.17E-06,3.39E-05
P32642,YER174C,GRX4,3.17E-06,3.38E-05
P48525,YOL033W,MSE1,3.17E-06,3.38E-05
P00175,YML054C,CYB2,3.17E-06,3.38E-05
Q05874,YLR285W,NNT1,3.17E-06,3.38E-05
P09368,YLR142W,PUT1,3.17E-06,3.39E-05
P40308,YMR313C,TGL3,3.17E-06,3.39E-05
Q12211,YPL212C,PUS1,3.17E-06,3.39E-05
P48360,YDR376W,ARH1,3.17E-06,3.39E-05
Q12349,YLR295C,ATP14,3.17E-06,3.38E-05
Q02784,YPL059W,GRX5,3.17E-06,3.39E-05
P53909,YNL141W,AAH1,3.17E-06,3.39E-05
Q00955,YNR016C,ACC1,3.17E-06,3.38E-05
P32622,YEL041W,YEF1,3.17E-06,3.39E-05
P07991,YLR438W,CAR2,3.17E-06,3.39E-05
P47165,YJR133W,XPT1,3.17E-06,3.39E-05
P38131,YBR199W,KTR4,3.17E-06,3.39E-05
P32567,YMR165C,PAH1,3.17E-06,3.39E-05
P35497,YJR159W,SOR1,3.17E-06,3.39E-05
Q08108,YOL011W,PLB3,3.17E-06,3.39E-05
P04397,YBR019C,GAL10,3.16E-06,3.39E-05
P36001,YKL132C,RMA1,3.16E-06,3.39E-05
P50277,YNR058W,BIO3,3.16E-06,3.39E-05
Q12382,YOR311C,DGK1,3.16E-06,3.39E-05
P53296,YGR177C,ATF2,3.16E-06,3.39E-05
P39726,YAL044C,GCV3,3.16E-06,3.38E-05
P15496,YPL117C,IDI1,3.16E-06,3.38E-05
P37297,YLR305C,STT4,3.16E-06,3.39E-05
P38715,YHR104W,GRE3,3.16E-06,3.38E-05
P15703,YGR282C,BGL2,3.16E-06,3.38E-05
P00431,YKR066C,CCP1,3.16E-06,3.38E-05
P38790,YHR067W,HTD2,3.16E-06,3.38E-05
P17255,YDL185W,VMA1,3.16E-06,3.38E-05
P22140,YHR123W,EPT1,3.16E-06,3.38E-05
P38992,YDR297W,SUR2,3.16E-06,3.38E-05
P53037,YGR170W,PSD2,3.16E-06,3.38E-05
P31412,YKL080W,VMA5,3.16E-06,3.38E-05
P42837,YNL325C,FIG4,3.16E-06,3.38E-05
Q06321,YLR189C,ATG26,3.16E-06,3.38E-05
P0CX77,YLR157C,ASP3-2,3.16E-06,3.38E-05
Q07830,YLL031C,GPI13,3.16E-06,3.38E-05
Q05521,YDR284C,DPP1,3.16E-06,3.38E-05
P06633,YOR202W,HIS3,3.16E-06,3.38E-05
Q03835,YDR098C,GRX3,3.16E-06,3.38E-05
P38791,YHR068W,DYS1,3.16E-06,3.38E-05
P41735,YOR125C,CAT5,3.16E-06,3.38E-05
P32419,YDL078C,MDH3,3.16E-06,3.38E-05
Q12455,YLR146C,SPE4,3.16E-06,3.38E-05
P34163,YKL140W,TGL1,3.16E-06,3.38E-05
P22219,YBR097W,VPS15,3.16E-06,3.38E-05
P22203,YOR332W,VMA4,3.16E-06,3.38E-05
P36051,YKL165C,MCD4,3.16E-06,3.38E-05
P39111,YGR020C,VMA7,3.16E-06,3.38E-05
Q08227,YOL065C,INP54,3.15E-06,3.38E-05
P21623,YDR403W,DIT1,3.15E-06,3.38E-05
Q04212,YMR041C,ARA2,3.15E-06,3.38E-05
P25372,YCR083W,TRX3,3.15E-06,3.38E-05
P21373,YJR049C,UTR1,3.15E-06,3.38E-05
Q06405,YDR377W,ATP17,3.15E-06,3.39E-05
P25332,YCR036W,RBK1,3.15E-06,3.39E-05
Q06708,YLR386W,VAC14,3.15E-06,3.38E-05
P15625,YFL022C,FRS2,3.15E-06,3.43E-05
P40015,YER019W,ISC1,3.15E-06,3.38E-05
P21306,YPL271W,ATP15,3.15E-06,3.38E-05
P24031,YBR092C,PHO3,3.15E-06,3.38E-05
P40506,YIL083C,CAB2,3.15E-06,3.38E-05
P40553,YIL010W,DOT5,3.15E-06,3.38E-05
Q05567,YDR294C,DPL1,3.15E-06,3.38E-05
Q02046,YKR080W,MTD1,3.15E-06,3.38E-05
P43577,YFL017C,GNA1,3.15E-06,3.38E-05
P53685,YOL068C,HST1,3.15E-06,3.38E-05
P41921,YPL091W,GLR1,3.15E-06,3.38E-05
P32874,YMR207C,HFA1,3.15E-06,3.38E-05
Q08975,YPL258C,THI21,3.15E-06,3.39E-05
P39683,YOR209C,NPT1,3.15E-06,3.39E-05
P47013,YJL134W,LCB3,3.14E-06,3.39E-05
Q06636,YDR302W,GPI11,3.14E-06,3.39E-05
P54783,YML086C,ALO1,3.14E-06,3.39E-05
P23501,YKR053C,YSR3,3.14E-06,3.39E-05
Q06702,YLR307W,CDA1,3.14E-06,3.39E-05
P32563,YOR270C,VPH1,3.14E-06,3.39E-05
P0CW41,YJL221C,IMA4,3.14E-06,3.39E-05
Q02979,YPL110C,GDE1,3.14E-06,3.39E-05
Q06892,YPL188W,POS5,3.14E-06,3.38E-05
P16140,YBR127C,VMA2,3.14E-06,3.39E-05
P0CX79,YLR160C,ASP3-4,3.14E-06,3.38E-05
P48567,YNL292W,PUS4,3.14E-06,3.39E-05
P0CW40,YIL172C,IMA3,3.14E-06,3.39E-05
P17695,YDR513W,GRX2,3.13E-06,3.39E-05
P53687,YOR025W,HST3,3.13E-06,3.39E-05
P53341,YGR292W,MAL12,3.13E-06,3.39E-05
P33300,YPL057C,SUR1,3.13E-06,3.41E-05
P33550,YKR061W,KTR2,3.13E-06,3.38E-05
P38139,YBR204C,LDH1,3.13E-06,3.38E-05
P33327,YDL215C,GDH2,3.13E-06,3.38E-05
P34756,YFR019W,FAB1,3.13E-06,3.38E-05
P05626,YPL078C,ATP4,3.12E-06,3.38E-05
P50264,YMR020W,FMS1,3.12E-06,3.38E-05
P41734,YOR126C,IAH1,3.12E-06,3.38E-05
P32378,YNR041C,COQ2,3.12E-06,3.38E-05
Q12358,YLL057C,JLP1,3.12E-06,3.38E-05
P07275,YHR037W,PUT2,3.12E-06,3.38E-05
P32771,YDL168W,SFA1,3.12E-06,3.38E-05
P40099,YER183C,FAU1,3.12E-06,3.38E-05
P25373,YCL035C,GRX1,3.12E-06,3.38E-05
P06115,YGR088W,CTT1,3.12E-06,3.38E-05
P38812,YHR100C,GEP4,3.12E-06,3.38E-05
P81449,YDR322C-A,TIM11,3.12E-06,3.38E-05
P48526,YPL040C,ISM1,3.12E-06,3.38E-05
P25605,YCL009C,ILV6,3.12E-06,3.38E-05
Q04792,YMR250W,GAD1,3.12E-06,3.38E-05
P38628,YEL058W,PCM1,3.11E-06,3.38E-05
P00856,Q0080,ATP8,3.10E-06,3.39E-05
P53686,YPL015C,HST2,3.10E-06,3.39E-05
P22133,YOL126C,MDH2,3.07E-06,3.38E-05
P05373,YGL040C,HEM2,3.07E-06,3.40E-05
P81450,YML081C-A,ATP18,3.05E-06,3.39E-05
P54114,YMR169C,ALD3,3.05E-06,3.40E-05
P53167,YGL063W,PUS2,3.05E-06,3.40E-05
P16603,YHR042W,NCP1,3.05E-06,3.42E-05
P18900,YBR003W,COQ1,3.04E-06,3.39E-05
Q05016,YMR226C,YMR226C,3.01E-06,3.40E-05
Q06703,YLR308W,CDA2,3.01E-06,3.40E-05
P40433,YIL107C,PFK26,3.01E-06,3.40E-05
P27796,YIL160C,POT1,3.01E-06,3.40E-05
P49723,YGR180C,RNR4,3.01E-06,3.44E-05
Q08558,YOR180C,DCI1,3.00E-06,3.39E-05
P22543,YLR240W,VPS34,3.00E-06,3.39E-05
P32842,YPL234C,VMA11,3.00E-06,3.39E-05
P54781,YMR015C,ERG5,3.00E-06,3.39E-05
Q03677,YMR009W,ADI1,2.99E-06,3.39E-05
P32459,YIR032C,DAL3,2.99E-06,3.39E-05
Q12362,YOL066C,RIB2,2.99E-06,3.38E-05
P48445,YDL141W,BPL1,2.99E-06,3.40E-05
Q06178,YLR328W,NMA1,2.99E-06,3.40E-05
P43619,YFR047C,BNA6,2.99E-06,3.40E-05
P39525,YER061C,CEM1,2.98E-06,3.40E-05
P06773,YHR144C,DCD1,2.98E-06,3.38E-05
P38287,YBR161W,CSH1,2.98E-06,3.42E-05
P08679,YCR005C,CIT2,2.98E-06,3.40E-05
P32191,YIL155C,GUT2,2.98E-06,3.38E-05
Q04430,YDR531W,CAB1,2.98E-06,3.38E-05
Q12184,YPL252C,YAH1,2.97E-06,3.38E-05
P53915,YNL129W,NRK1,2.97E-06,3.38E-05
P15179,YPL104W,MSD1,2.97E-06,3.38E-05
Q08645,YOR241W,MET7,2.97E-06,3.38E-05
Q03941,YDR196C,CAB5,2.97E-06,3.38E-05
Q04178,YDR399W,HPT1,2.97E-06,3.38E-05
P32785,YBL013W,FMT1,2.97E-06,3.38E-05
P38226,YBR042C,CST26,2.97E-06,3.38E-05
Q07729,YDL238C,GUD1,2.97E-06,3.38E-05
P32610,YEL051W,VMA8,2.97E-06,3.38E-05
P53753,YNR067C,DSE4,2.97E-06,3.38E-05
P22007,YDL090C,RAM1,2.97E-06,3.38E-05
P13259,YGR202C,PCT1,2.97E-06,3.38E-05
P34227,YBL064C,PRX1,2.97E-06,3.38E-05
P52911,YDR261C,EXG2,2.97E-06,3.38E-05
P53982,YNL009W,IDP3,2.97E-06,3.38E-05
P32528,YBR208C,DUR1,2.97E-06,3.38E-05
P39002,YIL009W,FAA3,2.97E-06,3.38E-05
P32356,YDR001C,NTH1,2.97E-06,3.38E-05
P00572,YJR057W,CDC8,2.97E-06,3.38E-05
P40353,YOR377W,ATF1,2.97E-06,3.38E-05
Q03529,YMR272C,SCS7,2.97E-06,3.38E-05
Q3E790,YBR058C-A,TSC3,2.97E-06,3.38E-05
P20048,YMR013C,SEC59,2.97E-06,3.38E-05
P25580,YCL052C,PBN1,2.97E-06,3.38E-05
P32643,YER175C,TMT1,2.97E-06,3.38E-05
P36136,YKR043C,SHB17,2.97E-06,3.38E-05
P38986,YDR321W,ASP1,2.97E-06,3.38E-05
P38710,YHR046C,INM1,2.96E-06,3.42E-05
P25335,YIR029W,DAL2,2.96E-06,3.43E-05
P38891,YHR208W,BAT1,2.95E-06,3.44E-05
Q06685,YLR410W,VIP1,2.94E-06,3.42E-05
Q03262,YMR278W,PRM15,2.94E-06,3.42E-05
P32352,YMR202W,ERG2,2.94E-06,3.42E-05
P08425,YPR047W,MSF1,2.94E-06,3.42E-05
Q04120,YDR453C,TSA2,2.94E-06,3.42E-05
P38074,YBR034C,HMT1,2.94E-06,3.42E-05
P32375,YIR027C,DAL1,2.93E-06,3.41E-05
P09201,YLR377C,FBP1,2.93E-06,3.41E-05
P53630,YNR057C,BIO4,2.93E-06,3.41E-05
P53051,YGR287C,IMA1,2.92E-06,3.41E-05
P29465,YBR023C,CHS3,2.91E-06,3.40E-05
P53966,YNL029C,KTR5,2.90E-06,3.40E-05
P42951,YJL100W,LSB6,2.90E-06,3.40E-05
P53332,YGR277C,CAB4,2.90E-06,3.39E-05
P38298,YBR183W,YPC1,2.90E-06,3.39E-05
P33312,YBR153W,RIB7,2.90E-06,3.39E-05
P21672,YIL066C,RNR3,2.82E-06,3.43E-05
P40054,YER081W,SER3,2.75E-06,3.44E-05
P11325,YLR382C,NAM2,2.74E-06,3.43E-05
P31115,YFL001W,DEG1,2.74E-06,3.43E-05
P53848,YNL256W,FOL1,2.74E-06,3.43E-05
P47180,YJR153W,PGU1,2.73E-06,3.42E-05
Q04894,YMR318C,ADH6,2.73E-06,3.42E-05
P20485,YLR133W,CKI1,2.73E-06,3.42E-05
P53264,YGR110W,CLD1,2.73E-06,3.42E-05
P38795,YHR074W,QNS1,2.72E-06,3.42E-05
P38999,YNR050C,LYS9,2.72E-06,3.42E-05
P33317,YBR252W,DUT1,2.71E-06,3.44E-05
P48015,YDR019C,GCV1,2.50E-06,3.42E-05
P00830,YJR121W,ATP2,2.48E-06,3.43E-05
P30777,YGL142C,GPI10,2.43E-06,3.44E-05
Q06510,YPR140W,TAZ1,2.43E-06,3.44E-05
P17898,YNL130C,CPT1,2.43E-06,3.44E-05
Q10740,YNL045W,LAP2,2.43E-06,3.44E-05
Q05871,YLR284C,ECI1,2.42E-06,3.43E-05
Q12458,YDR368W,YPR1,2.42E-06,3.43E-05
Q07938,YLR017W,MEU1,2.42E-06,3.43E-05
P32048,YNL073W,MSK1,2.42E-06,3.42E-05
P37254,YNR033W,ABZ1,2.42E-06,3.42E-05
P61829,Q0130,OLI1,2.42E-06,3.42E-05
P04803,YDR268W,MSW1,2.42E-06,3.42E-05
Q03557,YMR293C,HER2,2.42E-06,3.42E-05
P11491,YDR481C,PHO8,2.42E-06,3.42E-05
P39714,YAL060W,BDH1,2.42E-06,3.42E-05
P28241,YOR136W,IDH2,2.42E-06,3.42E-05
P15274,YML035C,AMD1,2.42E-06,3.42E-05
P08004,YNL192W,CHS1,2.42E-06,3.42E-05
P53312,YGR244C,LSC2,2.41E-06,3.44E-05
Q12525,YLL062C,MHT1,2.41E-06,3.43E-05
P09457,YDR298C,ATP5,2.41E-06,3.43E-05
P40471,YIL124W,AYR1,2.41E-06,3.44E-05
Q08220,YOL049W,GSH2,2.41E-06,3.43E-05
P27810,YOR099W,KTR1,2.41E-06,3.43E-05
P06174,YOR278W,HEM4,2.41E-06,3.44E-05
P36150,YKR069W,MET1,2.41E-06,3.44E-05
P49435,YML022W,APT1,2.41E-06,3.43E-05
P53688,YDR191W,HST4,2.41E-06,3.43E-05
P38286,YBR159W,IFA38,2.41E-06,3.43E-05
P39518,YER015W,FAA2,2.41E-06,3.43E-05
P43123,YDL103C,QRI1,2.41E-06,3.43E-05
P36165,YKR089C,TGL4,2.41E-06,3.44E-05
P50942,YNL106C,INP52,2.41E-06,3.44E-05
P54857,YDR058C,TGL2,2.41E-06,3.43E-05
P32451,YGR286C,BIO2,2.41E-06,3.43E-05
Q12320,YOR040W,GLO4,2.41E-06,3.43E-05
P37296,YMR054W,STV1,2.41E-06,3.43E-05
Q12233,YPR020W,ATP20,2.41E-06,3.43E-05
Q12036,YPL148C,PPT2,2.41E-06,3.43E-05
P28321,YKL094W,YJU3,2.41E-06,3.42E-05
P40581,YIR037W,HYR1,2.41E-06,3.42E-05
P38143,YBR244W,GPX2,2.41E-06,3.42E-05
P0CZ17,YLR155C,ASP3-1,2.40E-06,3.43E-05
Q03778,YDR236C,FMN1,2.40E-06,3.43E-05
P21595,YDR402C,DIT2,2.40E-06,3.43E-05
P25345,YCR024C,SLM5,2.40E-06,3.43E-05
P36014,YKL026C,GPX1,2.40E-06,3.42E-05
P22438,YGR171C,MSM1,2.40E-06,3.42E-05
P00635,YBR093C,PHO5,2.40E-06,3.43E-05
P38703,YHL003C,LAG1,2.40E-06,3.43E-05
P41807,YPR036W,VMA13,2.40E-06,3.43E-05
Q12471,YOL136C,PFK27,2.40E-06,3.43E-05
P47088,YJR013W,GPI14,2.40E-06,3.43E-05
Q01802,YKL106W,AAT1,2.38E-06,3.43E-05
P07262,YOR375C,GDH1,2.38E-06,3.42E-05
P06776,YOR360C,PDE2,2.36E-06,3.43E-05
Q06147,YLR260W,LCB5,2.36E-06,3.43E-05
P0CX78,YLR158C,ASP3-3,2.31E-06,3.44E-05
P38067,YBR006W,UGA2,2.30E-06,3.44E-05
Q06346,YDR367W,KEI1,2.29E-06,3.43E-05
P07807,YOR236W,DFR1,2.28E-06,3.42E-05
P81451,YOL077W-A,ATP19,2.27E-06,3.43E-05
P32573,YNL202W,SPS19,2.27E-06,3.43E-05
P53164,YGL067W,NPY1,2.26E-06,3.42E-05
Q12074,YPR069C,SPE3,2.25E-06,3.43E-05
Q05979,YLR231C,BNA5,2.25E-06,3.43E-05
P26725,YJL139C,YUR1,2.25E-06,3.43E-05
Q12271,YOR109W,INP53,2.25E-06,3.43E-05
P36126,YKR031C,SPO14,2.25E-06,3.43E-05
Q06490,YPR121W,THI22,2.25E-06,3.43E-05
P47026,YJL091C,GWT1,2.25E-06,3.42E-05
P21182,YOL052C,SPE2,2.25E-06,3.42E-05
Q07471,YDL080C,THI3,2.25E-06,3.42E-05
Q03266,YMR289W,ABZ2,2.25E-06,3.42E-05
P18562,YHR128W,FUR1,2.25E-06,3.42E-05
Q05788,YLR209C,PNP1,2.25E-06,3.42E-05
Q12031,YPR006C,ICL2,2.25E-06,3.42E-05
Q06625,YPR184W,GDB1,2.25E-06,3.42E-05
P39988,YEL029C,BUD16,2.25E-06,3.42E-05
P47096,YJR025C,BNA1,2.25E-06,3.42E-05
Q07804,YLL012W,YEH1,2.25E-06,3.42E-05
P23968,YHR026W,VMA16,2.25E-06,3.42E-05
Q99321,YOR163W,DDP1,2.25E-06,3.42E-05
P17649,YGR019W,UGA1,2.25E-06,3.42E-05
Q05779,YLR201C,COQ9,2.25E-06,3.42E-05
P41835,YPL214C,THI6,2.25E-06,3.42E-05
P40884,YJL216C,IMA5,2.25E-06,3.43E-05
P38122,YBR176W,ECM31,2.25E-06,3.43E-05
Q06667,YDR315C,IPK1,2.24E-06,3.43E-05
Q12246,YOR171C,LCB4,2.24E-06,3.43E-05
P21592,YPL172C,COX10,2.24E-06,3.43E-05
P53199,YGL001C,ERG26,2.24E-06,3.43E-05
P11353,YDR044W,HEM13,2.24E-06,3.42E-05
P29703,YKL019W,RAM2,2.24E-06,3.42E-05
Q12154,YDL100C,GET3,2.24E-06,3.42E-05
P49017,YML110C,COQ5,2.24E-06,3.42E-05
Q04958,YML059C,NTE1,2.24E-06,3.42E-05
P19262,YDR148C,KGD2,2.24E-06,3.43E-05
P25377,YCR105W,ADH7,2.24E-06,3.43E-05
P38077,YBR039W,ATP3,2.24E-06,3.43E-05
P06738,YPR160W,GPH1,2.24E-06,3.43E-05
P51601,YGR267C,FOL2,2.24E-06,3.43E-05
Q06549,YLR245C,CDD1,2.24E-06,3.43E-05
Q04066,YDR428C,BNA7,2.24E-06,3.43E-05
P49775,YDR305C,HNT2,2.23E-06,3.42E-05
P40363,YJL068C,YJL068C,2.23E-06,3.42E-05