,ID
0,OG1620
1,OG133760
2,OG3202
3,OG219182
4,OG30696
5,OG3867
6,OG186544
7,OG105369
8,OG205133
9,OG91674
10,OG102787
11,OG222891
12,OG2077
13,OG193598
14,OG9801
15,OG2382
16,OG4332
17,OG126579
18,OG110407
19,OG129606
20,OG146665
21,OG2758
22,OG126599
23,OG1202
24,OG4010
25,OG3354
26,OG232025
27,OG2730
28,OG2830
29,OG174469
30,OG43254
31,OG86210
32,OG7606
33,OG32659
34,OG18260
35,OG4115
36,OG3775
37,OG13625
38,OG188481
39,OG32764
40,OG83623
41,OG43743
42,OG41955
43,OG110856
44,OG10306
45,OG111231
46,OG4186
47,OG5555
48,OG130847
49,OG47835
50,OG119250
51,OG1586
52,OG210121
53,OG47434
54,OG36519
55,OG29938
56,OG233613
57,OG155338
58,OG3953
59,OG6229
60,OG138201
61,OG230986
62,OG2559
63,OG3999
64,OG31305
65,OG232496
66,OG4097
67,OG78434
68,OG78444
69,OG24569
70,OG1130
71,OG13403
72,OG26330
73,OG2774
74,OG213892
75,OG87480
76,OG2944
77,OG5480
78,OG93663
79,OG22064
80,OG5630
81,OG105692
82,OG19929
83,OG2172
84,OG2411
85,OG2243
86,OG13049
87,OG184839
88,OG130108
89,OG7281
90,OG93836
91,OG5613
92,OG2462
93,OG201208
94,OG19780
95,OG147518
96,OG55152
97,OG88816
98,OG1442
99,OG2001
100,OG109297
101,OG127170
102,OG9641
103,OG138279
104,OG4802
105,OG4196
106,OG1858
107,OG28200
108,OG129092
109,OG222662
110,OG27985
111,OG110242
112,OG79303
113,OG85893
114,OG231778
115,OG87393
116,OG2057
117,OG67012
118,OG25625
119,OG49879
120,OG197894
121,OG204762
122,OG7073
123,OG10272
124,OG158355
125,OG84518
126,OG3070
127,OG154920
128,OG4155
129,OG164103
130,OG22089
131,OG15938
132,OG2241
133,OG1871
134,OG3859
135,OG88338
136,OG70794
137,OG1483
138,OG45085
139,OG49681
140,OG1238
141,OG1674
142,OG1146
143,OG2490
144,OG21986
145,OG141158
146,OG216069
147,OG6753
148,OG4398
149,OG6515
150,OG1372
151,OG6186
152,OG1826
153,OG146908
154,OG3982
155,OG5514
156,OG153589
157,OG3245
158,OG14739
159,OG216698
160,OG12197
161,OG152838
162,OG7557
163,OG45190
164,OG231472
165,OG2857
166,OG85903
167,OG162555
168,OG114949
169,OG5130
170,OG66360
171,OG44569
172,OG223251
173,OG169244
174,OG1337
175,OG3017
176,OG32512
177,OG130557
178,OG213569
179,OG4192
180,OG109069
181,OG26231
182,OG6003
183,OG2282
184,OG210892
185,OG2493
186,OG108793
187,OG142482
188,OG119851
189,OG2240
190,OG49899
191,OG151859
192,OG3312
193,OG176249
194,OG2968
195,OG62056
196,OG3575
197,OG214533
198,OG154769
199,OG23077
200,OG9262
201,OG5231
202,OG27882
203,OG2020
204,OG1668
205,OG42201
206,OG4576
207,OG6886
208,OG1326
209,OG51215
210,OG228316
211,OG1239
212,OG5865
213,OG16180
214,OG4299
215,OG1275
216,OG28193
217,OG213672
218,OG105690
219,OG7733
220,OG1262
221,OG133227
222,OG92486
223,OG112438
224,OG5620
225,OG215714
226,OG2165
227,OG12260
228,OG183925
229,OG4407
230,OG1209
231,OG2265
232,OG2436
233,OG184637
234,OG147292
235,OG53575
236,OG1988
237,OG228688
238,OG194972
239,OG66829
240,OG61642
241,OG190868
242,OG2031
243,OG2156
244,OG116175
245,OG168928
246,OG137234
247,OG69737
248,OG3114
249,OG150351
250,OG210536
251,OG131126
252,OG2594
253,OG2250
254,OG208977
255,OG5586
256,OG142044
257,OG130872
258,OG77197
259,OG7799
260,OG30778
261,OG8049
262,OG123577
263,OG6412
264,OG151958
265,OG94293
266,OG4747
267,OG2160
268,OG58840
269,OG138307
270,OG10614
271,OG169610
272,OG143163
273,OG80148
274,OG34154
275,OG47034
276,OG10649
277,OG172816
278,OG148287
279,OG192557
280,OG127687
281,OG2749
282,OG1006
283,OG3728
284,OG1458
285,OG2140
286,OG5319
287,OG203515
288,OG58285
289,OG3066
290,OG193729
291,OG9048
292,OG220782
293,OG2920
294,OG1842
295,OG199578
296,OG13322
297,OG3208
298,OG22967
299,OG141125
300,OG1922
301,OG21960
302,OG163857
303,OG4729
304,OG9271
305,OG52634
306,OG40851
307,OG13233
308,OG169160
309,OG104075
310,OG24341
311,OG150869
312,OG40264
313,OG62499
314,OG5072
315,OG74032
316,OG90970
317,OG84413
318,OG4288
319,OG9636
320,OG41380
321,OG212570
322,OG210615
323,OG135276
324,OG47315
325,OG163661
326,OG5492
327,OG106649
328,OG7248
329,OG30366
330,OG3480
331,OG4865
332,OG2855
333,OG3774
334,OG78773
335,OG15083
336,OG149429
337,OG50314
338,OG114301
339,OG1605
340,OG73294
341,OG87001
342,OG79392
343,OG36383
344,OG3994
345,OG3875
346,OG120376
347,OG31365
348,OG85389
349,OG231879
350,OG174936
351,OG12161
352,OG147823
353,OG2476
354,OG93606
355,OG201358
356,OG3749
357,OG3935
358,OG32183
359,OG45261
360,OG4959
361,OG46704
362,OG139274
363,OG3625
364,OG202114
365,OG3420
366,OG187932
367,OG11806
368,OG3101
369,OG72328
370,OG4161
371,OG1647
372,OG2271
373,OG80322
374,OG175804
375,OG1637
376,OG4333
377,OG161799
378,OG189574
379,OG23637
380,OG22080
381,OG1796
382,OG41217
383,OG1899
384,OG117771
385,OG1108
386,OG3499
387,OG40362
388,OG158427
389,OG43459
390,OG57121
391,OG52448
392,OG33748
393,OG227320
394,OG2868
395,OG1582
396,OG85934
397,OG3279
398,OG31463
399,OG3432
400,OG76227
401,OG2570
402,OG2455
403,OG25927
404,OG115350
405,OG2797
406,OG1446
407,OG183067
408,OG111694
409,OG109975
410,OG49580
411,OG166410
412,OG7536
413,OG8487
414,OG1587
415,OG1402
416,OG77599
417,OG1388
418,OG5525
419,OG1474
420,OG6551
421,OG1345
422,OG12980
423,OG2350
424,OG109082
425,OG105400
426,OG1610
427,OG22705
428,OG12175
429,OG103782
430,OG5256
431,OG156510
432,OG1200
433,OG217681
434,OG6207
435,OG1788
436,OG104098
437,OG178804
438,OG32767
439,OG2090
440,OG210393
441,OG3350
442,OG194852
443,OG1281
444,OG193992
445,OG72108
446,OG7640
447,OG4231
448,OG1658
449,OG13982
450,OG1624
451,OG43109
452,OG61156
453,OG221224
454,OG60926
455,OG4386
456,OG174846
457,OG6113
458,OG5563
459,OG1716
460,OG1331
461,OG59027
462,OG14425
463,OG43240
464,OG1621
465,OG216415
466,OG96458
467,OG147601
468,OG68252
469,OG148965
470,OG6848
471,OG135080
472,OG1046
473,OG2529
474,OG1480
475,OG4372
476,OG25727
477,OG2679
478,OG172650
479,OG80620
480,OG217439
481,OG1810
482,OG2984
483,OG41761
484,OG1193
485,OG47265
486,OG8521
487,OG110183
488,OG2280
489,OG10642
490,OG44850
491,OG13128
492,OG1636
493,OG52209
494,OG2918
495,OG128754
496,OG2116
497,OG30486
498,OG156667
499,OG11031
500,OG106418
501,OG3117
502,OG207002
503,OG172245
504,OG187751
505,OG2852
506,OG1551
507,OG1977
508,OG41019
509,OG230767
510,OG2501
511,OG6341
512,OG221493
513,OG64189
514,OG108948
515,OG209354
516,OG13668
517,OG26749
518,OG63459
519,OG1424
520,OG88149
521,OG139847
522,OG12606
523,OG18720
524,OG131546
525,OG1166
526,OG220980
527,OG5756
528,OG166677
529,OG211710
530,OG17969
531,OG133722
532,OG2622
533,OG198285
534,OG1979
535,OG109278
536,OG2610
537,OG36491
538,OG1311
539,OG32822
540,OG3676
541,OG5003
542,OG8658
543,OG9756
544,OG3259
545,OG1760
546,OG1996
547,OG19527
548,OG46139
549,OG3881
550,OG174660
551,OG71645
552,OG25614
553,OG140940
554,OG96745
555,OG119853
556,OG7525
557,OG3333
558,OG27387
559,OG80468
560,OG2169
561,OG222704
562,OG88686
563,OG147639
564,OG166112
565,OG99154
566,OG20781
567,OG173093
568,OG2479
569,OG1983
570,OG11913
571,OG219348
572,OG101835
573,OG1357
574,OG232970
575,OG77414
576,OG13605
577,OG93944
578,OG6089
579,OG1220
580,OG209488
581,OG63051
582,OG1911
583,OG6982
584,OG31551
585,OG175714
586,OG1128
587,OG1058
588,OG3387
589,OG13275
590,OG106597
591,OG1381
592,OG44203
593,OG1689
594,OG59364
595,OG25723
596,OG150849
597,OG51555
598,OG165033
599,OG56415
600,OG205990
601,OG6784
602,OG203684
603,OG2843
604,OG8235
605,OG8164
606,OG70785
607,OG209060
608,OG207572
609,OG5467
610,OG32674
611,OG43820
612,OG7271
613,OG44999
614,OG2016
615,OG1233
616,OG2935
617,OG182523
618,OG44667
619,OG1902
620,OG56147
621,OG4537
622,OG231982
623,OG3213
624,OG134442
625,OG2651
626,OG11571
627,OG60158
628,OG3322
629,OG19387
630,OG139021
631,OG176269
632,OG39852
633,OG75276
634,OG1160
635,OG184122
636,OG14937
637,OG169743
638,OG2880
639,OG36258
640,OG14894
641,OG180413
642,OG148335
643,OG215063
644,OG221280
645,OG31764
646,OG1349
647,OG223099
648,OG1930
649,OG12112
650,OG80093
651,OG1065
652,OG13638
653,OG71930
654,OG19857
655,OG1179
656,OG129874
657,OG77729
658,OG233414
659,OG128636
660,OG2044
661,OG42462
662,OG1394
663,OG11966
664,OG4887
665,OG130613
666,OG4275
667,OG3311
668,OG113797
669,OG4912
670,OG16033
671,OG18960
672,OG7940
673,OG4273
674,OG1129
675,OG71774
676,OG6459
677,OG3357
678,OG192749
679,OG16997
680,OG1293
681,OG67376
682,OG75788
683,OG195496
684,OG5900
685,OG218948
686,OG207930
687,OG230902
688,OG207356
689,OG164401
690,OG69945
691,OG198889
692,OG35341
693,OG63356
694,OG3242
695,OG8554
696,OG3361
697,OG193814
698,OG2809
699,OG1840
700,OG141184
701,OG184521
702,OG1321
703,OG6026
704,OG6600
705,OG8291
706,OG65834
707,OG189608
708,OG4106
709,OG171735
710,OG106981
711,OG5734
712,OG157175
713,OG2904
714,OG215136
715,OG10079
716,OG149074
717,OG3934
718,OG70986
719,OG12561
720,OG2448
721,OG222902
722,OG226592
723,OG19501
724,OG13648
725,OG84882
726,OG4108
727,OG10599
728,OG24643
729,OG2118
730,OG40394
731,OG9009
732,OG8795
733,OG19700
734,OG1145
735,OG141235
736,OG1390
737,OG2425
738,OG1447
739,OG64602
740,OG5126
741,OG48428
742,OG118772
743,OG1550
744,OG173940
745,OG184668
746,OG203377
747,OG43955
748,OG2465
749,OG1805
750,OG1987
751,OG107493
752,OG20428
753,OG27139
754,OG1509
755,OG39845
756,OG2979
757,OG101847
758,OG3630
759,OG1365
760,OG85972
761,OG61114
762,OG59776
763,OG227274
764,OG201316
765,OG16459
766,OG112569
767,OG1213
768,OG3042
769,OG5440
770,OG11881
771,OG52261
772,OG28398
773,OG197887
774,OG1744
775,OG7153
776,OG4555
777,OG2357
778,OG22666
779,OG6677
780,OG86963
781,OG49134
782,OG70987
783,OG3025
784,OG2061
785,OG7772
786,OG102940
787,OG3640
788,OG10684
789,OG186527
790,OG5682
791,OG45182
792,OG147507
793,OG7636
794,OG60690
795,OG11926
796,OG122490
797,OG2577
798,OG4645
799,OG43998
800,OG5408
801,OG219302
802,OG1657
803,OG1492
804,OG11392
805,OG100060
806,OG78260
807,OG11900
808,OG36282
809,OG28964
810,OG94482
811,OG19949
812,OG3557
813,OG4617
814,OG12376
815,OG1056
816,OG1999
817,OG1230
818,OG1102
819,OG226922
820,OG83567
821,OG1753
822,OG35050
823,OG2074
824,OG175041
825,OG2924
826,OG1835
827,OG162158
828,OG10935
829,OG30164
830,OG3049
831,OG198192
832,OG26304
833,OG5416
834,OG66246
835,OG1155
836,OG231458
837,OG25675
838,OG3222
839,OG159465
840,OG5556
841,OG220499
842,OG59490
843,OG1303
844,OG1821
845,OG137497
846,OG111022
847,OG15623
848,OG12968
849,OG2760
850,OG23367
851,OG70236
852,OG79860
853,OG1970
854,OG150092
855,OG12572
856,OG2542
857,OG145334
858,OG224351
859,OG30923
860,OG1441
861,OG50645
862,OG2504
863,OG1077
864,OG4553
865,OG112073
866,OG7890
867,OG9514
868,OG7278
869,OG1681
870,OG170511
871,OG46445
872,OG119132
873,OG176500
874,OG4642
875,OG2042
876,OG132163
877,OG7854
878,OG44633
879,OG84157
880,OG5423
881,OG25665
882,OG119261
883,OG68687
884,OG180664
885,OG1596
886,OG2289
887,OG50603
888,OG46132
889,OG64252
890,OG3065
891,OG10473
892,OG44687
893,OG47873
894,OG202889
895,OG1078
896,OG209379
897,OG10830
898,OG47144
899,OG122171
900,OG3360
901,OG97234
902,OG1217
903,OG1470
904,OG1598
905,OG5099
906,OG4930
907,OG231118
908,OG52479
909,OG2663
910,OG64507
911,OG4620
912,OG2155
913,OG17586
914,OG154513
915,OG3175
916,OG47230
917,OG1178
918,OG3633
919,OG37043
920,OG100589
921,OG11402
922,OG179641
923,OG33810
924,OG23078
925,OG132679
926,OG4475
927,OG2003
928,OG57454
929,OG1867
930,OG58632
931,OG54407
932,OG1082
933,OG32637
934,OG2308
935,OG50389
936,OG9012
937,OG31563
938,OG30558
939,OG28580
940,OG48572
941,OG68617
942,OG2212
943,OG174450
944,OG72258
945,OG145497
946,OG233380
947,OG6842
948,OG47370
949,OG1351
950,OG23554
951,OG1169
952,OG86931
953,OG194143
954,OG33423
955,OG1542
956,OG209905
957,OG1825
958,OG37332
959,OG57942
960,OG1095
961,OG1954
962,OG38892
963,OG149602
964,OG2332
965,OG7605
966,OG8660
967,OG9779
968,OG81665
969,OG5704
970,OG1501
971,OG70675
972,OG133257
973,OG117246
974,OG156476
975,OG16444
976,OG117178
977,OG26523
978,OG192421
979,OG87341
980,OG1820
981,OG27462
982,OG1495
983,OG2737
984,OG2793
985,OG40546
986,OG1656
987,OG38829
988,OG11611
989,OG103658
990,OG58838
991,OG114397
992,OG1341
993,OG220792
994,OG133148
995,OG89364
996,OG17695
997,OG41965
998,OG59295
999,OG45806
1000,OG215027
1001,OG1843
1002,OG67174
1003,OG9265
1004,OG1650
1005,OG1912
1006,OG1990
1007,OG25564
1008,OG3110
1009,OG1047
1010,OG24845
1011,OG5670
1012,OG64183
1013,OG12573
1014,OG199001
1015,OG4086
1016,OG218414
1017,OG229283
1018,OG151542
1019,OG4331
1020,OG3401
1021,OG73952
1022,OG179215
1023,OG3028
1024,OG38818
1025,OG220856
1026,OG1742
1027,OG3052
1028,OG8784
1029,OG108261
1030,OG15149
1031,OG2237
1032,OG133279
1033,OG3419
1034,OG2342
1035,OG13244
1036,OG32255
1037,OG3801
1038,OG48021
1039,OG15782
1040,OG19102
1041,OG2201
1042,OG95648
1043,OG1057
1044,OG2635
1045,OG164303
1046,OG19200
1047,OG66640
1048,OG107233
1049,OG2347
1050,OG157320
1051,OG2213
1052,OG20822
1053,OG2583
1054,OG190694
1055,OG12582
1056,OG91202
1057,OG60716
1058,OG7005
1059,OG44594
1060,OG164572
1061,OG7359
1062,OG220161
1063,OG182788
1064,OG2603
1065,OG25710
1066,OG44777
1067,OG3001
1068,OG219217
1069,OG192999
1070,OG184483
1071,OG189452
1072,OG2133
1073,OG63586
1074,OG28785
1075,OG1866
1076,OG42023
1077,OG42533
1078,OG31513
1079,OG44552
1080,OG85699
1081,OG2129
1082,OG7189
1083,OG80757
1084,OG3813
1085,OG57324
1086,OG110396
1087,OG19923
1088,OG109847
1089,OG43219
1090,OG33852
1091,OG22984
1092,OG5190
1093,OG6700
1094,OG1477
1095,OG225319
1096,OG232138
1097,OG74256
1098,OG3319
1099,OG2808
1100,OG1416
1101,OG3954
1102,OG60199
1103,OG2070
1104,OG26866
1105,OG51376
1106,OG22581
1107,OG144932
1108,OG1222
1109,OG3444
1110,OG91265
1111,OG2365
1112,OG228247
1113,OG48035
1114,OG1737
1115,OG2678
1116,OG119489
1117,OG3646
1118,OG215354
1119,OG5608
1120,OG141939
1121,OG3475
1122,OG221662
1123,OG94791
1124,OG149316
1125,OG2360
1126,OG4976
1127,OG1876
1128,OG196842
1129,OG88237
1130,OG22231
1131,OG2837
1132,OG60200
1133,OG7774
1134,OG81277
1135,OG85262
1136,OG130399
1137,OG1317
1138,OG117511
1139,OG200776
1140,OG3362
1141,OG221656
1142,OG202016
1143,OG51890
1144,OG31798
1145,OG206996
1146,OG9604
1147,OG156248
1148,OG21937
1149,OG215133
1150,OG13650
1151,OG2168
1152,OG119509
1153,OG223555
1154,OG196960
1155,OG129203
1156,OG126767
1157,OG231117
1158,OG57876
1159,OG2592
1160,OG28941
1161,OG2469
1162,OG112151
1163,OG196953
1164,OG176878
1165,OG30252
1166,OG231498
1167,OG4798
1168,OG1618
1169,OG69521
1170,OG40159
1171,OG86586
1172,OG1473
1173,OG80832
1174,OG183318
1175,OG212796
1176,OG220530
1177,OG3051
1178,OG47720
1179,OG3085
1180,OG45096
1181,OG233964
1182,OG126617
1183,OG124274
1184,OG34696
1185,OG171987
1186,OG12938
1187,OG4430
1188,OG217522
1189,OG2782
1190,OG165532
1191,OG5301
1192,OG5438
1193,OG92360
1194,OG219830
1195,OG1927
1196,OG219700
1197,OG143494
1198,OG4726
1199,OG173859
1200,OG1667
1201,OG7207
1202,OG2629
1203,OG5632
1204,OG38604
1205,OG30546
1206,OG117138
1207,OG79426
1208,OG1042
1209,OG17014
1210,OG2339
1211,OG7868
1212,OG55405
1213,OG197699
1214,OG190873
1215,OG189559
1216,OG201905
1217,OG2104
1218,OG4805
1219,OG10461
1220,OG1314
1221,OG173089
1222,OG36476
1223,OG1007
1224,OG197543
1225,OG1678
1226,OG127077
1227,OG4945
1228,OG53769
1229,OG199168
1230,OG2408
1231,OG88679
1232,OG175073
1233,OG32181
1234,OG98012
1235,OG234059
1236,OG69028
1237,OG138755
1238,OG120685
1239,OG20809
1240,OG119770
1241,OG51973
1242,OG99839
1243,OG118233
1244,OG1229
1245,OG16624
1246,OG25238
1247,OG1469
1248,OG156572
1249,OG42525
1250,OG1154
1251,OG118775
1252,OG112448
1253,OG7247
1254,OG2971
1255,OG5162
1256,OG65956
1257,OG5612
1258,OG3711
1259,OG60587
1260,OG160998
1261,OG5714
1262,OG189648
1263,OG2062
1264,OG218098
1265,OG97656
1266,OG211367
1267,OG2836
1268,OG9128
1269,OG47273
1270,OG2390
1271,OG2879
1272,OG11895
1273,OG68909
1274,OG128412
1275,OG230099
1276,OG32682
1277,OG14565
1278,OG1952
1279,OG33337
1280,OG1358
1281,OG13327
1282,OG144924
1283,OG72375
1284,OG3907
1285,OG43377
1286,OG234384
1287,OG15802
1288,OG63687
1289,OG10518
1290,OG22486
1291,OG10184
1292,OG151573
1293,OG46251
1294,OG5242
1295,OG27453
1296,OG14313
1297,OG3494
1298,OG54234
1299,OG190334
1300,OG1663
1301,OG5292
1302,OG7824
1303,OG28409
1304,OG5441
1305,OG201322
1306,OG57705
1307,OG159575
1308,OG2321
1309,OG70423
1310,OG2100
1311,OG11329
1312,OG3525
1313,OG99978
1314,OG1627
1315,OG105944
1316,OG96650
1317,OG207788
1318,OG84751
1319,OG1397
1320,OG5609
1321,OG2657
1322,OG5478
1323,OG34962
1324,OG1625
1325,OG1197
1326,OG7660
1327,OG98305
1328,OG7212
1329,OG168175
1330,OG158218
1331,OG193930
1332,OG3612
1333,OG88820
1334,OG2259
1335,OG2317
1336,OG79222
1337,OG205417
1338,OG101746
1339,OG31195
1340,OG1339
1341,OG5000
1342,OG163170
1343,OG82812
1344,OG218313
1345,OG49700
1346,OG133025
1347,OG5322
1348,OG19549
1349,OG3105
1350,OG93797
1351,OG4739
1352,OG1333
1353,OG1090
1354,OG21959
1355,OG48228
1356,OG3677
1357,OG2223
1358,OG8227
1359,OG190041
1360,OG55713
1361,OG1714
1362,OG1697
1363,OG122821
1364,OG209134
1365,OG10469
1366,OG11285
1367,OG70689
1368,OG36217
1369,OG2500
1370,OG147389
1371,OG34804
1372,OG221454
1373,OG2766
1374,OG6126
1375,OG2337
1376,OG195560
1377,OG67809
1378,OG54290
1379,OG2985
1380,OG44759
1381,OG165539
1382,OG1909
1383,OG192787
1384,OG206452
1385,OG1242
1386,OG30166
1387,OG7159
1388,OG127429
1389,OG1845
1390,OG156376
1391,OG5455
1392,OG166657
1393,OG119336
1394,OG1413
1395,OG193043
1396,OG234382
1397,OG6892
1398,OG9530
1399,OG124984
1400,OG30780
1401,OG35856
1402,OG8136
1403,OG105255
1404,OG11076
1405,OG141598
1406,OG26362
1407,OG4799
1408,OG7583
1409,OG8563
1410,OG2547
1411,OG21739
1412,OG135916
1413,OG1795
1414,OG1014
1415,OG3306
1416,OG108082
1417,OG226114
1418,OG47815
1419,OG1959
1420,OG11870
1421,OG223263
1422,OG1012
1423,OG139441
1424,OG2588
1425,OG103917
1426,OG155729
1427,OG105183
1428,OG13754
1429,OG7673
1430,OG62262
1431,OG2299
1432,OG4604
1433,OG80767
1434,OG27852
1435,OG1471
1436,OG67640
1437,OG49020
1438,OG42607
1439,OG191777
1440,OG199429
1441,OG6408
1442,OG1823
1443,OG1557
1444,OG2227
1445,OG1785
1446,OG2775
1447,OG1719
1448,OG46386
1449,OG211236
1450,OG5283
1451,OG29844
1452,OG26768
1453,OG3310
1454,OG142290
1455,OG43494
1456,OG3737
1457,OG3722
1458,OG4259
1459,OG5047
1460,OG1699
1461,OG5419
1462,OG152816
1463,OG146928
1464,OG4020
1465,OG204057
1466,OG3348
1467,OG95582
1468,OG4098
1469,OG172104
1470,OG6112
1471,OG147204
1472,OG82925
1473,OG154178
1474,OG2338
1475,OG27855
1476,OG129201
1477,OG1622
1478,OG202992
1479,OG4619
1480,OG164846
1481,OG35037
1482,OG99489
1483,OG3298
1484,OG216478
1485,OG7266
1486,OG2853
1487,OG1774
1488,OG4873
1489,OG165812
1490,OG161376
1491,OG1224
1492,OG10600
1493,OG2790
1494,OG3240
1495,OG197821
1496,OG105099
1497,OG5969
1498,OG232607
1499,OG133236
1500,OG127525
1501,OG1854
1502,OG2736
1503,OG6805
1504,OG17804
1505,OG33580
1506,OG41200
1507,OG63521
1508,OG121020
1509,OG7580
1510,OG2023
1511,OG4670
1512,OG109398
1513,OG1271
1514,OG227194
1515,OG156589
1516,OG1051
1517,OG168286
1518,OG1273
1519,OG42828
1520,OG1673
1521,OG3639
1522,OG8015
1523,OG185572
1524,OG121855
1525,OG1438
1526,OG3509
1527,OG47102
1528,OG1521
1529,OG37020
1530,OG101773
1531,OG4298
1532,OG5567
1533,OG113102
1534,OG14375
1535,OG75485
1536,OG118155
1537,OG2316
1538,OG157778
1539,OG50648
1540,OG159682
1541,OG126982
1542,OG169222
1543,OG47007
1544,OG1010
1545,OG2000
1546,OG138097
1547,OG2081
1548,OG1037
1549,OG170480
1550,OG141827
1551,OG5312
1552,OG193859
1553,OG3089
1554,OG213096
1555,OG46969
1556,OG33717
1557,OG198500
1558,OG2029
1559,OG60051
1560,OG155235
1561,OG27394
1562,OG1075
1563,OG1115
1564,OG118575
1565,OG35763
1566,OG26911
1567,OG64292
1568,OG3108
1569,OG61563
1570,OG118521
1571,OG11070
1572,OG219060
1573,OG182993
1574,OG2574
1575,OG2881
1576,OG51826
1577,OG123215
1578,OG88154
1579,OG202268
1580,OG11038
1581,OG194792
1582,OG162423
1583,OG2779
1584,OG42001
1585,OG1285
1586,OG1713
1587,OG11952
1588,OG101993
1589,OG206797
1590,OG197951
1591,OG4984
1592,OG1422
1593,OG17578
1594,OG28641
1595,OG122722
1596,OG29877
1597,OG14959
1598,OG21671
1599,OG116430
1600,OG33043
1601,OG215707
1602,OG2096
1603,OG25865
1604,OG8524
1605,OG19861
1606,OG2688
1607,OG69062
1608,OG78254
1609,OG19144
1610,OG229993
1611,OG52450
1612,OG3631
1613,OG1288
1614,OG18213
1615,OG130444
1616,OG188549
1617,OG5398
1618,OG1150
1619,OG200144
1620,OG87631
1621,OG3098
1622,OG118440
1623,OG1806
1624,OG1038
1625,OG1173
1626,OG8405
1627,OG74397
1628,OG1727
1629,OG19515
1630,OG2581
1631,OG180030
1632,OG94820
1633,OG80682
1634,OG5664
1635,OG105216
1636,OG115864
1637,OG82545
1638,OG16336
1639,OG1008
1640,OG2214
1641,OG99766
1642,OG2257
1643,OG122666
1644,OG3151
1645,OG28687
1646,OG2869
1647,OG1559
1648,OG3793
1649,OG7442
1650,OG73585
1651,OG41759
1652,OG132977
1653,OG115395
1654,OG12356
1655,OG48555
1656,OG132878
1657,OG59988
1658,OG37602
1659,OG4536
1660,OG1935
1661,OG1368
1662,OG3556
1663,OG25970
1664,OG5832
1665,OG121618
1666,OG179554
1667,OG3207
1668,OG1764
1669,OG3505
1670,OG193618
1671,OG92499
1672,OG1005
1673,OG183858
1674,OG47756
1675,OG73910
1676,OG228869
1677,OG4575
1678,OG28528
1679,OG85134
1680,OG105091
1681,OG112954
1682,OG111902
1683,OG90939
1684,OG26256
1685,OG46527
1686,OG1601
1687,OG9607
1688,OG110693
1689,OG151274
1690,OG180749
1691,OG120583
1692,OG5336
1693,OG1549
1694,OG21909
1695,OG27954
1696,OG185896
1697,OG221761
1698,OG3396
1699,OG11262
1700,OG51885
1701,OG184159
1702,OG1121
1703,OG6798
1704,OG2821
1705,OG54788
1706,OG1687
1707,OG4894
1708,OG10069
1709,OG173912
1710,OG22147
1711,OG1454
1712,OG127437
1713,OG66980
1714,OG4939
1715,OG1445
1716,OG2052
1717,OG4751
1718,OG22061
1719,OG135269
1720,OG1307
1721,OG4711
1722,OG2801
1723,OG1817
1724,OG40833
1725,OG157418
1726,OG202597
1727,OG218253
1728,OG89305
1729,OG3462
1730,OG135401
1731,OG3837
1732,OG6281
1733,OG30961
1734,OG30933
1735,OG44082
1736,OG39108
1737,OG17334
1738,OG43194
1739,OG4056
1740,OG4523
1741,OG140179
1742,OG4016
1743,OG1597
1744,OG79342
1745,OG83224
1746,OG1156
1747,OG25647
1748,OG141999
1749,OG2134
1750,OG47165
1751,OG3204
1752,OG200542
1753,OG153616
1754,OG1783
1755,OG34212
1756,OG215249
1757,OG145423
1758,OG1510
1759,OG4112
1760,OG162696
1761,OG11957
1762,OG5096
1763,OG16298
1764,OG8520
1765,OG18198
1766,OG69779
1767,OG1494
1768,OG81251
1769,OG177107
1770,OG33815
1771,OG3090
1772,OG153000
1773,OG11610
1774,OG195406
1775,OG78963
1776,OG194732
1777,OG63348
1778,OG167319
1779,OG102324
1780,OG1915
1781,OG25638
1782,OG3000
1783,OG2007
1784,OG5124
1785,OG2838
1786,OG115410
1787,OG63000
1788,OG157443
1789,OG11959
1790,OG145433
1791,OG73023
1792,OG90080
1793,OG152802
1794,OG1606
1795,OG3470
1796,OG197175
1797,OG169574
1798,OG51243
1799,OG7796
1800,OG98842
1801,OG4755
1802,OG7650
1803,OG133232
1804,OG6403
1805,OG41880
1806,OG2219
1807,OG1811
1808,OG105505
1809,OG5621
1810,OG3565
1811,OG147457
1812,OG95521
1813,OG3597
1814,OG4286
1815,OG32742
1816,OG144497
1817,OG11555
1818,OG189943
1819,OG127365
1820,OG2705
1821,OG188476
1822,OG149605
1823,OG60985
1824,OG1709
1825,OG2379
1826,OG134644
1827,OG2481
1828,OG4682
1829,OG40091
1830,OG111145
1831,OG2689
1832,OG210483
1833,OG2752
1834,OG147841
1835,OG30171
1836,OG91107
1837,OG184617
1838,OG120981
1839,OG54991
1840,OG153385
1841,OG11155
1842,OG112525
1843,OG155403
1844,OG2252
1845,OG5139
1846,OG1362
1847,OG14387
1848,OG3490
1849,OG155447
1850,OG1498
1851,OG2846
1852,OG3536
1853,OG210711
1854,OG2190
1855,OG10663
1856,OG57106
1857,OG3508
1858,OG2092
1859,OG47031
1860,OG220737
1861,OG57431
1862,OG18096
1863,OG7924
1864,OG2714
1865,OG169435
1866,OG94370
1867,OG2300
1868,OG3626
1869,OG44496
1870,OG1519
1871,OG195107
1872,OG5689
1873,OG17703
1874,OG2188
1875,OG171371
1876,OG21628
1877,OG2807
1878,OG22269
1879,OG3069
1880,OG1969
1881,OG62224
1882,OG1194
1883,OG128408
1884,OG6960
1885,OG32486
1886,OG225852
1887,OG56826
1888,OG4427
1889,OG6233
1890,OG5723
1891,OG6688
1892,OG50732
1893,OG7639
1894,OG3947
1895,OG4424
1896,OG204147
1897,OG189922
1898,OG85823
1899,OG14537
1900,OG5680
1901,OG5294
1902,OG1158
1903,OG25588
1904,OG4067
1905,OG51784
1906,OG9011
1907,OG187474
1908,OG147576
1909,OG10092
1910,OG181432
1911,OG110886
1912,OG2443
1913,OG3613
1914,OG9377
1915,OG1533
1916,OG44579
1917,OG50813
1918,OG3015
1919,OG89576
1920,OG166514
1921,OG7204
1922,OG2108
1923,OG75040
1924,OG126364
1925,OG191458
1926,OG7211
1927,OG38864
1928,OG9375
1929,OG25236
1930,OG9119
1931,OG149965
1932,OG138320
1933,OG215275
1934,OG61068
1935,OG5218
1936,OG19213
1937,OG122142
1938,OG14644
1939,OG168137
1940,OG2335
1941,OG3062
1942,OG3043
1943,OG5644
1944,OG117726
1945,OG42464
1946,OG95329
1947,OG1315
1948,OG1924
1949,OG1157
1950,OG149518
1951,OG104011
1952,OG83917
1953,OG196958
1954,OG6363
1955,OG191868
1956,OG1030
1957,OG118971
1958,OG147884
1959,OG59019
1960,OG135445
1961,OG1279
1962,OG31778
1963,OG18026
1964,OG194713
1965,OG4890
1966,OG5134
1967,OG1354
1968,OG5901
1969,OG125669
1970,OG3439
1971,OG67676
1972,OG54397
1973,OG1646
1974,OG98103
1975,OG121218
1976,OG6350
1977,OG14747
1978,OG2430
1979,OG160174
1980,OG144927
1981,OG47190
1982,OG177628
1983,OG59733
1984,OG130412
1985,OG211908
1986,OG10227
1987,OG2654
1988,OG119157
1989,OG181905
1990,OG22664
1991,OG1672
1992,OG221186
1993,OG98401
1994,OG130687
1995,OG10268
1996,OG2353
1997,OG1723
1998,OG175395
1999,OG2376
2000,OG59533
2001,OG1265
2002,OG46743
2003,OG83944
2004,OG193309
2005,OG26212
2006,OG197836
2007,OG171201
2008,OG1715
2009,OG118552
2010,OG5031
2011,OG1881
2012,OG3760
2013,OG103474
2014,OG1632
2015,OG96235
2016,OG1889
2017,OG178939
2018,OG210316
2019,OG202032
2020,OG2079
2021,OG2601
2022,OG73149
2023,OG42463
2024,OG206593
2025,OG17913
2026,OG3074
2027,OG191863
2028,OG1581
2029,OG103228
2030,OG98381
2031,OG141174
2032,OG202691
2033,OG4316
2034,OG121733
2035,OG17198
2036,OG1029
2037,OG186890
2038,OG213500
2039,OG2290
2040,OG208903
2041,OG74419
2042,OG163448
2043,OG2740
2044,OG28565
2045,OG1234
2046,OG5648
2047,OG23001
2048,OG1571
2049,OG195703
2050,OG6235
2051,OG208732
2052,OG1985
2053,OG1615
2054,OG2161
2055,OG50892
2056,OG167399
2057,OG156630
2058,OG125807
2059,OG35356
2060,OG27455
2061,OG1953
2062,OG4150
2063,OG2637
2064,OG48268
2065,OG172528
2066,OG3247
2067,OG11316
2068,OG4931
2069,OG1784
2070,OG22333
2071,OG186000
2072,OG151253
2073,OG32565
2074,OG1932
2075,OG1020
2076,OG1003
2077,OG70424
2078,OG16266
2079,OG48607
2080,OG11173
2081,OG123793
2082,OG218920
2083,OG110275
2084,OG65646
2085,OG191576
2086,OG1897
2087,OG1750
2088,OG187530
2089,OG11324
2090,OG5631
2091,OG1906
2092,OG4812
2093,OG8134
2094,OG165758
2095,OG189676
2096,OG2804
2097,OG100328
2098,OG1143
2099,OG34291
2100,OG8209
2101,OG64477
2102,OG7535
2103,OG9831
2104,OG3548
2105,OG3169
2106,OG3053
2107,OG141028
2108,OG1696
2109,OG44694
2110,OG55896
2111,OG12672
2112,OG23898
2113,OG1926
2114,OG25403
2115,OG91385
2116,OG3481
2117,OG13912
2118,OG4923
2119,OG107995
2120,OG32754
2121,OG3258
2122,OG121883
2123,OG1880
2124,OG175592
2125,OG14830
2126,OG15884
2127,OG221487
2128,OG1043
2129,OG4544
2130,OG8859
2131,OG47277
2132,OG3225
2133,OG191844
2134,OG3551
2135,OG104313
2136,OG2384
2137,OG14588
2138,OG4479
2139,OG158799
2140,OG94410
2141,OG158310
2142,OG3206
2143,OG2120
2144,OG16365
2145,OG167203
2146,OG190074
2147,OG1730
2148,OG2552
2149,OG125601
2150,OG108912
2151,OG2711
2152,OG29077
2153,OG6005
2154,OG73709
2155,OG69541
2156,OG63256
2157,OG1092
2158,OG17624
2159,OG132124
2160,OG1695
2161,OG27320
2162,OG3431
2163,OG48401
2164,OG82474
2165,OG4367
2166,OG3383
2167,OG185577
2168,OG3703
2169,OG129045
2170,OG5399
2171,OG6290
2172,OG6053
2173,OG4646
2174,OG3210
2175,OG118935
2176,OG125684
2177,OG6124
2178,OG6498
2179,OG2735
2180,OG184012
2181,OG8911
2182,OG66844
2183,OG1527
2184,OG7235
2185,OG86354
2186,OG3593
2187,OG4564
2188,OG67800
2189,OG87270
2190,OG1383
2191,OG1049
2192,OG3030
2193,OG3133
2194,OG2196
2195,OG5729
2196,OG2584
2197,OG11018
2198,OG128481
2199,OG2537
2200,OG11836
2201,OG1363
2202,OG2111
2203,OG32808
2204,OG5808
2205,OG229633
2206,OG1570
2207,OG217626
2208,OG6468
2209,OG37274
2210,OG4899
2211,OG50467
2212,OG2046
2213,OG2620
2214,OG4628
2215,OG26550
2216,OG171043
2217,OG44735
2218,OG12220
2219,OG11960
2220,OG2461
2221,OG169386
2222,OG4008
2223,OG4796
2224,OG72830
2225,OG197290
2226,OG1079
2227,OG4266
2228,OG3673
2229,OG53864
2230,OG181596
2231,OG2615
2232,OG190399
2233,OG14633
2234,OG72130
2235,OG5152
2236,OG224586
2237,OG197239
2238,OG1468
2239,OG11542
2240,OG44586
2241,OG14842
2242,OG13751
2243,OG1392
2244,OG108775
2245,OG143593
2246,OG24237
2247,OG1052
2248,OG3214
2249,OG1569
2250,OG205946
2251,OG2498
2252,OG3120
2253,OG36302
2254,OG6250
2255,OG2038
2256,OG132631
2257,OG2683
2258,OG15087
2259,OG4305
2260,OG115662
2261,OG3294
2262,OG98293
2263,OG145207
2264,OG5239
2265,OG1246
2266,OG145883
2267,OG1389
2268,OG2996
2269,OG145264
2270,OG35047
2271,OG14184
2272,OG171392
2273,OG3917
2274,OG108262
2275,OG4597
2276,OG1019
2277,OG48034
2278,OG5318
2279,OG72545
2280,OG11872
2281,OG103791
2282,OG185583
2283,OG66787
2284,OG71956
2285,OG157530
2286,OG4774
2287,OG43848
2288,OG52604
2289,OG108160
2290,OG14302
2291,OG1816
2292,OG51837
2293,OG30967
2294,OG17026
2295,OG189313
2296,OG10825
2297,OG46370
2298,OG77016
2299,OG147397
2300,OG33994
2301,OG3901
2302,OG1511
2303,OG182643
2304,OG15973
2305,OG2091
2306,OG104654
2307,OG3831
2308,OG1338
2309,OG3112
2310,OG74576
2311,OG23593
2312,OG210065
2313,OG3282
2314,OG73604
2315,OG152136
2316,OG24839
2317,OG1813
2318,OG34144
2319,OG3006
2320,OG4075
2321,OG3460
2322,OG1009
2323,OG5717
2324,OG3679
2325,OG35344
2326,OG51179
2327,OG27834
2328,OG32684
2329,OG80566
2330,OG228176
2331,OG135448
2332,OG153715
2333,OG100095
2334,OG199208
2335,OG12233
2336,OG67535
2337,OG4763
2338,OG2150
2339,OG59760
2340,OG182335
2341,OG2151
2342,OG5046
2343,OG3530
2344,OG26358
2345,OG27005
2346,OG77980
2347,OG15794
2348,OG1865
2349,OG83069
2350,OG93138
2351,OG131405
2352,OG195872
2353,OG44520
2354,OG85061
2355,OG4129
2356,OG229412
2357,OG13960
2358,OG132914
2359,OG50931
2360,OG17403
2361,OG8431
2362,OG13651
2363,OG1063
2364,OG1991
2365,OG103759
2366,OG66169
2367,OG5145
2368,OG2771
2369,OG1671
2370,OG3662
2371,OG43197
2372,OG100061
2373,OG201380
2374,OG46076
2375,OG2247
2376,OG199014
2377,OG8239
2378,OG2340
2379,OG17955
2380,OG1928
2381,OG191731
2382,OG173037
2383,OG2646
2384,OG195972
2385,OG142387
2386,OG1611
2387,OG12126
2388,OG88437
2389,OG62647
2390,OG124320
2391,OG63889
2392,OG47884
2393,OG90517
2394,OG5278
2395,OG156754
2396,OG2783
2397,OG3263
2398,OG16078
2399,OG4664
2400,OG1832
2401,OG150021
2402,OG1055
2403,OG2048
2404,OG35829
2405,OG95710
2406,OG2769
2407,OG129385
2408,OG220492
2409,OG33604
2410,OG3196
2411,OG199081
2412,OG1171
2413,OG85864
2414,OG138619
2415,OG40459
2416,OG151738
2417,OG3770
2418,OG104458
2419,OG1313
2420,OG109778
2421,OG107699
2422,OG10673
2423,OG34896
2424,OG114466
2425,OG141326
2426,OG195134
2427,OG220066
2428,OG189892
2429,OG223650
2430,OG129305
2431,OG1556
2432,OG3815
2433,OG8343
2434,OG2704
2435,OG6499
2436,OG8891
2437,OG7283
2438,OG190326
2439,OG1316
2440,OG32452
2441,OG50850
2442,OG17683
2443,OG8326
2444,OG3603
2445,OG96724
2446,OG30903
2447,OG232219
2448,OG25505
2449,OG5110
2450,OG5931
2451,OG184963
2452,OG6664
2453,OG1170
2454,OG23846
2455,OG114727
2456,OG216891
2457,OG2424
2458,OG4227
2459,OG153961
2460,OG163097
2461,OG1350
2462,OG3252
2463,OG4405
2464,OG110735
2465,OG2422
2466,OG10989
2467,OG1543
2468,OG4524
2469,OG2102
2470,OG118465
2471,OG207881
2472,OG44580
2473,OG111509
2474,OG19350
2475,OG2043
2476,OG1267
2477,OG217438
2478,OG96622
2479,OG1736
2480,OG27810
2481,OG12949
2482,OG49112
2483,OG166300
2484,OG3153
2485,OG78835
2486,OG18806
2487,OG169304
2488,OG31777
2489,OG128320
2490,OG27862
2491,OG147285
2492,OG1869
2493,OG1989
2494,OG3572
2495,OG46421
2496,OG22667
2497,OG5412
2498,OG74969
2499,OG68392
2500,OG2923
2501,OG3840
2502,OG21967
2503,OG78900
2504,OG60018
2505,OG2719
2506,OG1589
2507,OG126966
2508,OG17298
2509,OG86106
2510,OG21943
2511,OG11065
2512,OG10242
2513,OG97333
2514,OG35301
2515,OG2970
2516,OG2473
2517,OG47078
2518,OG1252
2519,OG2508
2520,OG50320
2521,OG11079
2522,OG35348
2523,OG39511
2524,OG138756
2525,OG165168
2526,OG91387
2527,OG115458
2528,OG9888
2529,OG54291
2530,OG4885
2531,OG13938
2532,OG135629
2533,OG52005
2534,OG165157
2535,OG221587
2536,OG1568
2537,OG143863
2538,OG185061
2539,OG68113
2540,OG95518
2541,OG233200
2542,OG196141
2543,OG141884
2544,OG22059
2545,OG193945
2546,OG124879
2547,OG15910
2548,OG195236
2549,OG1196
2550,OG96152
2551,OG19842
2552,OG176195
2553,OG136852
2554,OG2235
2555,OG47730
2556,OG90071
2557,OG179163
2558,OG215900
2559,OG10340
2560,OG6513
2561,OG2354
2562,OG165361
2563,OG12578
2564,OG80999
2565,OG176039
2566,OG1995
2567,OG199741
2568,OG3952
2569,OG31082
2570,OG91335
2571,OG3241
2572,OG7062
2573,OG12526
2574,OG1535
2575,OG169278
2576,OG1661
2577,OG11669
2578,OG167935
2579,OG5444
2580,OG3843
2581,OG31646
2582,OG6415
2583,OG12178
2584,OG43863
2585,OG1068
2586,OG1993
2587,OG181885
2588,OG1534
2589,OG3139
2590,OG13052
2591,OG219139
2592,OG209602
2593,OG46145
2594,OG42538
2595,OG97925
2596,OG180754
2597,OG191978
2598,OG1406
2599,OG1081
2600,OG1180
2601,OG26617
2602,OG32893
2603,OG5515
2604,OG17352
2605,OG178470
2606,OG2417
2607,OG3177
2608,OG191561
2609,OG9920
2610,OG62640
2611,OG79949
2612,OG107615
2613,OG195790
2614,OG110791
2615,OG1905
2616,OG56533
2617,OG2861
2618,OG160558
2619,OG83757
2620,OG23095
2621,OG65514
2622,OG75053
2623,OG43677
2624,OG72913
2625,OG5229
2626,OG46532
2627,OG2313
2628,OG134108
2629,OG85954
2630,OG196515
2631,OG5446
2632,OG26034
2633,OG4440
2634,OG110816
2635,OG2467
2636,OG19611
2637,OG77735
2638,OG1111
2639,OG77412
2640,OG1465
2641,OG230810
2642,OG1426
2643,OG1904
2644,OG119375
2645,OG207182
2646,OG116413
2647,OG2409
2648,OG43839
2649,OG68197
2650,OG47213
2651,OG10454
2652,OG127560
2653,OG105904
2654,OG2032
2655,OG41167
2656,OG3502
2657,OG3974
2658,OG31313
2659,OG38689
2660,OG16076
2661,OG163227
2662,OG85709
2663,OG166361
2664,OG3517
2665,OG4991
2666,OG205233
2667,OG170478
2668,OG68948
2669,OG77356
2670,OG63113
2671,OG3567
2672,OG230127
2673,OG173030
2674,OG30986
2675,OG175352
2676,OG105963
2677,OG219653
2678,OG3002
2679,OG134300
2680,OG5902
2681,OG4477
2682,OG201184
2683,OG4451
2684,OG10738
2685,OG2356
2686,OG26240
2687,OG155859
2688,OG1087
2689,OG49100
2690,OG6990
2691,OG155354
2692,OG21668
2693,OG2059
2694,OG194335
2695,OG150533
2696,OG4110
2697,OG1565
2698,OG2553
2699,OG31760
2700,OG49592
2701,OG106769
2702,OG1933
2703,OG7988
2704,OG72068
2705,OG11318
2706,OG165664
2707,OG132921
2708,OG214769
2709,OG1440
2710,OG48876
2711,OG40508
2712,OG140574
2713,OG135753
2714,OG143921
2715,OG40279
2716,OG13770
2717,OG38752
2718,OG1919
2719,OG81656
2720,OG7214
2721,OG226057
2722,OG160069
2723,OG219868
2724,OG206307
2725,OG1931
2726,OG5442
2727,OG2565
2728,OG16044
2729,OG48583
2730,OG28310
2731,OG135412
2732,OG14546
2733,OG146783
2734,OG170736
2735,OG72961
2736,OG3942
2737,OG5360
2738,OG31331
2739,OG1612
2740,OG1457
2741,OG25220
2742,OG193544
2743,OG10681
2744,OG9118
2745,OG197979
2746,OG8438
2747,OG3036
2748,OG11599
2749,OG229243
2750,OG200279
2751,OG18761
2752,OG5605
2753,OG1537
2754,OG22618
2755,OG82811
2756,OG49120
2757,OG120011
2758,OG4820
2759,OG135722
2760,OG11673
2761,OG215901
2762,OG11400
2763,OG201277
2764,OG26312
2765,OG7855
2766,OG91313
2767,OG1023
2768,OG1332
2769,OG17728
2770,OG179241
2771,OG2586
2772,OG220523
2773,OG202585
2774,OG5084
2775,OG3850
2776,OG122496
2777,OG3023
2778,OG1739
2779,OG49671
2780,OG4447
2781,OG220955
2782,OG7709
2783,OG223397
2784,OG13106
2785,OG67952
2786,OG198482
2787,OG2152
2788,OG1034
2789,OG174925
2790,OG87110
2791,OG170806
2792,OG221977
2793,OG213028
2794,OG1526
2795,OG219901
2796,OG86764
2797,OG157909
2798,OG5275
2799,OG11401
2800,OG53267
2801,OG1609
2802,OG1205
2803,OG144419
2804,OG30325
2805,OG2226
2806,OG32493
2807,OG196940
2808,OG45792
2809,OG176219
2810,OG30526
2811,OG8309
2812,OG1086
2813,OG219745
2814,OG113496
2815,OG112677
2816,OG2721
2817,OG138383
2818,OG83661
2819,OG93427
2820,OG116145
2821,OG1493
2822,OG102652
2823,OG167269
2824,OG3143
2825,OG13015
2826,OG7024
2827,OG134967
2828,OG99758
2829,OG2530
2830,OG206509
2831,OG2506
2832,OG172745
2833,OG106462
2834,OG134140
2835,OG214774
2836,OG1098
2837,OG2962
2838,OG1595
2839,OG93441
2840,OG215375
2841,OG153771
2842,OG2396
2843,OG3688
2844,OG19035
2845,OG38349
2846,OG1035
2847,OG1801
2848,OG189841
2849,OG44723
2850,OG3611
2851,OG87773
2852,OG86043
2853,OG64076
2854,OG4044
2855,OG137459
2856,OG5208
2857,OG2194
2858,OG2127
2859,OG32220
2860,OG5021
2861,OG86130
2862,OG105418
2863,OG83910
2864,OG11936
2865,OG1463
2866,OG198364
2867,OG102796
2868,OG114057
2869,OG1308
2870,OG5668
2871,OG41574
2872,OG2428
2873,OG26721
2874,OG1824
2875,OG4004
2876,OG3216
2877,OG1679
2878,OG3968
2879,OG26368
2880,OG22987
2881,OG2089
2882,OG205776
2883,OG69698
2884,OG126204
2885,OG11609
2886,OG77502
2887,OG1080
2888,OG157622
2889,OG189617
2890,OG221038
2891,OG103766
2892,OG1226
2893,OG3897
2894,OG2903
2895,OG22065
2896,OG1076
2897,OG1815
2898,OG148809
2899,OG1499
2900,OG41240
2901,OG2002
2902,OG71150
2903,OG133255
2904,OG149110
2905,OG3451
2906,OG52276
2907,OG17660
2908,OG33813
2909,OG4889
2910,OG5545
2911,OG10819
2912,OG230103
2913,OG41432
2914,OG2154
2915,OG1846
2916,OG15822
2917,OG1026
2918,OG79820
2919,OG4176
2920,OG27078
2921,OG7631
2922,OG11333
2923,OG5081
2924,OG130938
2925,OG24077
2926,OG13903
2927,OG17717
2928,OG163107
2929,OG172556
2930,OG68339
2931,OG2665
2932,OG1459
2933,OG140753
2934,OG43294
2935,OG47146
2936,OG107766
2937,OG5125
2938,OG50425
2939,OG1680
2940,OG228612
2941,OG226448
2942,OG12601
2943,OG12276
2944,OG27641
2945,OG177627
2946,OG2348
2947,OG119583
2948,OG129524
2949,OG226712
2950,OG5122
2951,OG1152
2952,OG5158
2953,OG46749
2954,OG4705
2955,OG180735
2956,OG169365
2957,OG40102
2958,OG1520
2959,OG155666
2960,OG13211
2961,OG26378
2962,OG2084
2963,OG1414
2964,OG66140
2965,OG212595
2966,OG221237
2967,OG41046
2968,OG5347
2969,OG170905
2970,OG2175
2971,OG138224
2972,OG10735
2973,OG68544
2974,OG2929
2975,OG15625
2976,OG147987
2977,OG219328
2978,OG126221
2979,OG7962
2980,OG202021
2981,OG2147
2982,OG2999
2983,OG103833
2984,OG1588
2985,OG61293
2986,OG2495
2987,OG231530
2988,OG91001
2989,OG29016
2990,OG3368
2991,OG117470
2992,OG2718
2993,OG5281
2994,OG84513
2995,OG23381
2996,OG109327
2997,OG2163
2998,OG211401
2999,OG1017
3000,OG140494
3001,OG61584
3002,OG89896
3003,OG183071
3004,OG8056
3005,OG189124
3006,OG184173
3007,OG5634
3008,OG142737
3009,OG180478
3010,OG22395
3011,OG125380
3012,OG1691
3013,OG1655
3014,OG2557
3015,OG2263
3016,OG31320
3017,OG7512
3018,OG48356
3019,OG154489
3020,OG194761
3021,OG1767
3022,OG1917
3023,OG2367
3024,OG5601
3025,OG141033
3026,OG76145
3027,OG80953
3028,OG3329
3029,OG232544
3030,OG4769
3031,OG143272
3032,OG127254
3033,OG4925
3034,OG1384
3035,OG1642
3036,OG48265
3037,OG91064
3038,OG175142
3039,OG144412
3040,OG163730
3041,OG73763
3042,OG1153
3043,OG85947
3044,OG2067
3045,OG58368
3046,OG31943
3047,OG3013
3048,OG2442
3049,OG169073
3050,OG2860
3051,OG121597
3052,OG12962
3053,OG13076
3054,OG24343
3055,OG1836
3056,OG4140
3057,OG3878
3058,OG2200
3059,OG58278
3060,OG5495
3061,OG3719
3062,OG2682
3063,OG111767
3064,OG2380
3065,OG46937
3066,OG23032
3067,OG1808
3068,OG51971
3069,OG103037
3070,OG6296
3071,OG1148
3072,OG4450
3073,OG1403
3074,OG197842
3075,OG43568
3076,OG47040
3077,OG10650
3078,OG20753
3079,OG38887
3080,OG137965
3081,OG31743
3082,OG165069
3083,OG1248
3084,OG47385
3085,OG47126
3086,OG233580
3087,OG27465
3088,OG3031
3089,OG22259
3090,OG153551
3091,OG39395
3092,OG13061
3093,OG102534
3094,OG2673
3095,OG5636
3096,OG27111
3097,OG186431
3098,OG211901
3099,OG9141
3100,OG1283
3101,OG6344
3102,OG98505
3103,OG1074
3104,OG186989
3105,OG198712
3106,OG112462
3107,OG62758
3108,OG151081
3109,OG155067
3110,OG102005
3111,OG9787
3112,OG9549
3113,OG1302
3114,OG91161
3115,OG189388
3116,OG42990
3117,OG2585
3118,OG197250
3119,OG53670
3120,OG4535
3121,OG49084
3122,OG5489
3123,OG68375
3124,OG8267
3125,OG1963
3126,OG7289
3127,OG1451
3128,OG4021
3129,OG2908
3130,OG226223
3131,OG1186
3132,OG7303
3133,OG1833
3134,OG12786
3135,OG61414
3136,OG27370
3137,OG150916
3138,OG5602
3139,OG53425
3140,OG79002
3141,OG1334
3142,OG47116
3143,OG55700
3144,OG1040
3145,OG1356
3146,OG173488
3147,OG17441
3148,OG225330
3149,OG3371
3150,OG191146
3151,OG2912
3152,OG1725
3153,OG16280
3154,OG127848
3155,OG221328
3156,OG40999
3157,OG146624
3158,OG25861
3159,OG1599
3160,OG82001
3161,OG88572
3162,OG74978
3163,OG14465
3164,OG1893
3165,OG21789
3166,OG75231
3167,OG149706
3168,OG6437
3169,OG103721
3170,OG11464
3171,OG25205
3172,OG63117
3173,OG128137
3174,OG50878
3175,OG8415
3176,OG4388
3177,OG112386
3178,OG27235
3179,OG77689
3180,OG58837
3181,OG2369
3182,OG1923
3183,OG5056
3184,OG193564
3185,OG5089
3186,OG11826
3187,OG8720
3188,OG194763
3189,OG1803
3190,OG136219
3191,OG10472
3192,OG13253
3193,OG19063
3194,OG9631
3195,OG1920
3196,OG196721
3197,OG11276
3198,OG144990
3199,OG3284
3200,OG1391
3201,OG155131
3202,OG173821
3203,OG1420
3204,OG2315
3205,OG131981
3206,OG76742
3207,OG10271
3208,OG201007
3209,OG55172
3210,OG102854
3211,OG27401
3212,OG184752
3213,OG141839
3214,OG4999
3215,OG39098
3216,OG69765
3217,OG94671
3218,OG1758
3219,OG2765
3220,OG3996
3221,OG96795
3222,OG10824
3223,OG102307
3224,OG177173
3225,OG5309
3226,OG31268
3227,OG5749
3228,OG7714
3229,OG2902
3230,OG7771
3231,OG105282
3232,OG143068
3233,OG3047
3234,OG49494
3235,OG220014
3236,OG13047
3237,OG227262
3238,OG2536
3239,OG39518
3240,OG42708
3241,OG5576
3242,OG160592
3243,OG77890
3244,OG21928
3245,OG142358
3246,OG39133
3247,OG205864
3248,OG146135
3249,OG2246
3250,OG91091
3251,OG185718
3252,OG195868
3253,OG47723
3254,OG156094
3255,OG212768
3256,OG3855
3257,OG77060
3258,OG1613
3259,OG1984
3260,OG8488
3261,OG7552
3262,OG2121
3263,OG210539
3264,OG46735
3265,OG1089
3266,OG4469
3267,OG13056
3268,OG183898
3269,OG4151
3270,OG140708
3271,OG1654
3272,OG156328
3273,OG1001
3274,OG30559
3275,OG171400
3276,OG58939
3277,OG36259
3278,OG69695
3279,OG3940
3280,OG224757
3281,OG165292
3282,OG1418
3283,OG208774
3284,OG90800
3285,OG1044
3286,OG199158
3287,OG3121
3288,OG2573
3289,OG163355
3290,OG138705
3291,OG10071
3292,OG96880
3293,OG25452
3294,OG5001
3295,OG114836
3296,OG93550
3297,OG16560
3298,OG72079
3299,OG18157
3300,OG115583
3301,OG150788
3302,OG152811
3303,OG4949
3304,OG2164
3305,OG185405
3306,OG3344
3307,OG195699
3308,OG84983
3309,OG193344
3310,OG3341
3311,OG2311
3312,OG2967
3313,OG77885
3314,OG184698
3315,OG13990
3316,OG2119
3317,OG121248
3318,OG144981
3319,OG25917
3320,OG1703
3321,OG2136
3322,OG4183
3323,OG129854
3324,OG31785
3325,OG125856
3326,OG6184
3327,OG76474
3328,OG5436
3329,OG44758
3330,OG1814
3331,OG14310
3332,OG7656
3333,OG4079
3334,OG3429
3335,OG125991
3336,OG4136
3337,OG207604
3338,OG130623
3339,OG2928
3340,OG181643
3341,OG32599
3342,OG1318
3343,OG46732
3344,OG51428
3345,OG45044
3346,OG70079
3347,OG1892
3348,OG165164
3349,OG203838
3350,OG4310
3351,OG7423
3352,OG2397
3353,OG21954
3354,OG17712
3355,OG164809
3356,OG218073
3357,OG140835
3358,OG17168
3359,OG49636
3360,OG4694
3361,OG47682
3362,OG1304
3363,OG179179
3364,OG140848
3365,OG104897
3366,OG3115
3367,OG41748
3368,OG113704
3369,OG11066
3370,OG38408
3371,OG224639
3372,OG1203
3373,OG4347
3374,OG17070
3375,OG93193
3376,OG1216
3377,OG205656
3378,OG31336
3379,OG1868
3380,OG7818
3381,OG11580
3382,OG4090
3383,OG4908
3384,OG10864
3385,OG1151
3386,OG47880
3387,OG1346
3388,OG1204
3389,OG1807
3390,OG192915
3391,OG2451
3392,OG198693
3393,OG15081
3394,OG1883
3395,OG2325
3396,OG35019
3397,OG171503
3398,OG176475
3399,OG12202
3400,OG197420
3401,OG1310
3402,OG40698
3403,OG99618
3404,OG164872
3405,OG1497
3406,OG78279
3407,OG101423
3408,OG112767
3409,OG46782
3410,OG15979
3411,OG197345
3412,OG178894
3413,OG1070
3414,OG85601
3415,OG2205
3416,OG1947
3417,OG130678
3418,OG221710
3419,OG5413
3420,OG1761
3421,OG76880
3422,OG8881
3423,OG2854
3424,OG9490
3425,OG166990
3426,OG7827
3427,OG11566
3428,OG2522
3429,OG36698
3430,OG141448
3431,OG169876
3432,OG1188
3433,OG146651
3434,OG3980
3435,OG100268
3436,OG80644
3437,OG4618
3438,OG4676
3439,OG3913
3440,OG124952
3441,OG2101
3442,OG199660
3443,OG3458
3444,OG48114
3445,OG3226
3446,OG135442
3447,OG212901
3448,OG161383
3449,OG3909
3450,OG141645
3451,OG3992
3452,OG2159
3453,OG16296
3454,OG129134
3455,OG31362
3456,OG2371
3457,OG2291
3458,OG2832
3459,OG4312
3460,OG130022
3461,OG76077
3462,OG36512
3463,OG204044
3464,OG160289
3465,OG1472
3466,OG34735
3467,OG66561
3468,OG2839
3469,OG1776
3470,OG2049
3471,OG6506
3472,OG49301
3473,OG1489
3474,OG110117
3475,OG25582
3476,OG216270
3477,OG57754
3478,OG2811
3479,OG2069
3480,OG150692
3481,OG4317
3482,OG211011
3483,OG6636
3484,OG3877
3485,OG2761
3486,OG3449
3487,OG30926
3488,OG204012
3489,OG1407
3490,OG1110
3491,OG1131
3492,OG13898
3493,OG98173
3494,OG11850
3495,OG10247
3496,OG104270
3497,OG1359
3498,OG197687
3499,OG2820
3500,OG174863
3501,OG2427
3502,OG217601
3503,OG1913
3504,OG4834
3505,OG192672
3506,OG30219
3507,OG2008
3508,OG1208
3509,OG4311
3510,OG7559
3511,OG48210
3512,OG138631
3513,OG202131
3514,OG3965
3515,OG75456
3516,OG14093
3517,OG219797
3518,OG162058
3519,OG15742
3520,OG53433
3521,OG163330
3522,OG60130
3523,OG2648
3524,OG139635
3525,OG9611
3526,OG225560
3527,OG181004
3528,OG2539
3529,OG85399
3530,OG43790
3531,OG114324
3532,OG223459
3533,OG58381
3534,OG55203
3535,OG182994
3536,OG29562
3537,OG176752
3538,OG17190
3539,OG202470
3540,OG13700
3541,OG137140
3542,OG60953
3543,OG192137
3544,OG172493
3545,OG140936
3546,OG104816
3547,OG2645
3548,OG1487
3549,OG3818
3550,OG6465
3551,OG5404
3552,OG3273
3553,OG102857
3554,OG9892
3555,OG1172
3556,OG81006
3557,OG77529
3558,OG172785
3559,OG2788
3560,OG21992
3561,OG1041
3562,OG26385
3563,OG223271
3564,OG194350
3565,OG45187
3566,OG3116
3567,OG10629
3568,OG202482
3569,OG3872
3570,OG58617
3571,OG40304
3572,OG19007
3573,OG33421
3574,OG11154
3575,OG7410
3576,OG3961
3577,OG65554
3578,OG147346
3579,OG1756
3580,OG7775
3581,OG30202
3582,OG204204
3583,OG137615
3584,OG199349
3585,OG11587
3586,OG2015
3587,OG5573
3588,OG14694
3589,OG3370
3590,OG48578
3591,OG2224
3592,OG1067
3593,OG79733
3594,OG195925
3595,OG70097
3596,OG184104
3597,OG202499
3598,OG2450
3599,OG1259
3600,OG5006
3601,OG4396
3602,OG49726
3603,OG163160
3604,OG4065
3605,OG218941
3606,OG186843
3607,OG2098
3608,OG1682
3609,OG95539
3610,OG1481
3611,OG171509
3612,OG205575
3613,OG1486
3614,OG3122
3615,OG220688
3616,OG23676
3617,OG144568
3618,OG38758
3619,OG1877
3620,OG115744
3621,OG94947
3622,OG1147
3623,OG67685
3624,OG2933
3625,OG187275
3626,OG49721
3627,OG12617
3628,OG149045
3629,OG2086
3630,OG88217
3631,OG33367
3632,OG226596
3633,OG228150
3634,OG5735
3635,OG3408
3636,OG85515
3637,OG73203
3638,OG53684
3639,OG87933
3640,OG4741
3641,OG77320
3642,OG8757
3643,OG1585
3644,OG1355
3645,OG51915
3646,OG127041
3647,OG3007
3648,OG5410
3649,OG171636
3650,OG2541
3651,OG161069
3652,OG1831
3653,OG125743
3654,OG27542
3655,OG3886
3656,OG178699
3657,OG19203
3658,OG69270
3659,OG2507
3660,OG1061
3661,OG38055
3662,OG25378
3663,OG43924
3664,OG9718
3665,OG179265
3666,OG180922
3667,OG4357
3668,OG83274
3669,OG118886
3670,OG155082
3671,OG1685
3672,OG22850
3673,OG183467
3674,OG105678
3675,OG175734
3676,OG1264
3677,OG5093
3678,OG2768
3679,OG10331
3680,OG53487
3681,OG74083
3682,OG75853
3683,OG4368
3684,OG4562
3685,OG147381
3686,OG25663
3687,OG43704
3688,OG18831
3689,OG61906
3690,OG164840
3691,OG168533
3692,OG4460
3693,OG2623
3694,OG115383
3695,OG31544
3696,OG105547
3697,OG38855
3698,OG1541
3699,OG2742
3700,OG169152
3701,OG70899
3702,OG12630
3703,OG1694
3704,OG3724
3705,OG2845
3706,OG118767
3707,OG32167
3708,OG150415
3709,OG4170
3710,OG215674
3711,OG152360
3712,OG5176
3713,OG178474
3714,OG181640
3715,OG25250
3716,OG2864
3717,OG2990
3718,OG28529
3719,OG219117
3720,OG4423
3721,OG8346
3722,OG19169
3723,OG11068
3724,OG1857
3725,OG29254
3726,OG10876
3727,OG21925
3728,OG116597
3729,OG51620
3730,OG16406
3731,OG232320
3732,OG186324
3733,OG17187
3734,OG80174
3735,OG70422
3736,OG57694
3737,OG11320
3738,OG109460
3739,OG2412
3740,OG101801
3741,OG169749
3742,OG2242
3743,OG95067
3744,OG123888
3745,OG83291
3746,OG169231
3747,OG9266
3748,OG87849
3749,OG101582
3750,OG84441
3751,OG5881
3752,OG221832
3753,OG135699
3754,OG111189
3755,OG122763
3756,OG23742
3757,OG185138
3758,OG128342
3759,OG35076
3760,OG3905
3761,OG2229
3762,OG13081
3763,OG226300
3764,OG1050
3765,OG82049
3766,OG1659
3767,OG1563
3768,OG54741
3769,OG3468
3770,OG12168
3771,OG222160
3772,OG157407
3773,OG11061
3774,OG205243
3775,OG177202
3776,OG131928
3777,OG161658
3778,OG187235
3779,OG8579
3780,OG173346
3781,OG2103
3782,OG172141
3783,OG19636
3784,OG213609
3785,OG140715
3786,OG6963
3787,OG19733
3788,OG2295
3789,OG1452
3790,OG142191
3791,OG190834
3792,OG5641
3793,OG4444
3794,OG1028
3795,OG1617
3796,OG6796
3797,OG114108
3798,OG175237
3799,OG9205
3800,OG3141
3801,OG163701
3802,OG34812
3803,OG119886
3804,OG26047
3805,OG1512
3806,OG63887
3807,OG83555
3808,OG17189
3809,OG19382
3810,OG117421
3811,OG1564
3812,OG196181
3813,OG3921
3814,OG22457
3815,OG41000
3816,OG3129
3817,OG40568
3818,OG102468
3819,OG10806
3820,OG1059
3821,OG8051
3822,OG162142
3823,OG2418
3824,OG225746
3825,OG1799
3826,OG3581
3827,OG110992
3828,OG27840
3829,OG31266
3830,OG1766
3831,OG115242
3832,OG69744
3833,OG68459
3834,OG11453
3835,OG2228
3836,OG18049
3837,OG27384
3838,OG7034
3839,OG3689
3840,OG1794
3841,OG47898
3842,OG232411
3843,OG3853
3844,OG1592
3845,OG85431
3846,OG3008
3847,OG121039
3848,OG58663
3849,OG9795
3850,OG26810
3851,OG106171
3852,OG4916
3853,OG177398
3854,OG7256
3855,OG108040
3856,OG1125
3857,OG81864
3858,OG2233
3859,OG8163
3860,OG56965
3861,OG2699
3862,OG3038
3863,OG87301
3864,OG3152
3865,OG5771
3866,OG148587
3867,OG16230
3868,OG4159
3869,OG174850
3870,OG128668
3871,OG2892
3872,OG5433
3873,OG16084
3874,OG184955
3875,OG80910
3876,OG6179
3877,OG37597
3878,OG132498
3879,OG35765
3880,OG1607
3881,OG81837
3882,OG27651
3883,OG2549
3884,OG57684
3885,OG196617
3886,OG200133
3887,OG85068
3888,OG182289
3889,OG19795
3890,OG202087
3891,OG2680
3892,OG4702
3893,OG201672
3894,OG3380
3895,OG121478
3896,OG4434
3897,OG9144
3898,OG7655
3899,OG16259
3900,OG2010
3901,OG53813
3902,OG194611
3903,OG3304
3904,OG35852
3905,OG4448
3906,OG2287
3907,OG39466
3908,OG5905
3909,OG165918
3910,OG7473
3911,OG75875
3912,OG3134
3913,OG126151
3914,OG5464
3915,OG70855
3916,OG16122
3917,OG4152
3918,OG192943
3919,OG56940
3920,OG11517
3921,OG189235
3922,OG8508
3923,OG106792
3924,OG47173
3925,OG6161
3926,OG187266
3927,OG214518
3928,OG3553
3929,OG15713
3930,OG203804
3931,OG2358
3932,OG87495
3933,OG145746
3934,OG155538
3935,OG154235
3936,OG22653
3937,OG127483
3938,OG91704
3939,OG4542
3940,OG48728
3941,OG32795
3942,OG146321
3943,OG40027
3944,OG204048
3945,OG1759
3946,OG1449
3947,OG90334
3948,OG159435
3949,OG43367
3950,OG47025
3951,OG15034
3952,OG32859
3953,OG17327
3954,OG107530
3955,OG2567
3956,OG50453
3957,OG123523
3958,OG1084
3959,OG187237
3960,OG3149
3961,OG2245
3962,OG74103
3963,OG10252
3964,OG1297
3965,OG1462
3966,OG50410
3967,OG115844
3968,OG2148
3969,OG12731
3970,OG3405
3971,OG1032
3972,OG7164
3973,OG4896
3974,OG199642
3975,OG11322
3976,OG151313
3977,OG93378
3978,OG2234
3979,OG1254
3980,OG1134
3981,OG176443
3982,OG55213
3983,OG2018
3984,OG4028
3985,OG3787
3986,OG32584
3987,OG2307
3988,OG175931
3989,OG192038
3990,OG78815
3991,OG4280
3992,OG2913
3993,OG38734
3994,OG78453
3995,OG2475
3996,OG207935
3997,OG58006
3998,OG4124
3999,OG1191
4000,OG2433
4001,OG2215
4002,OG2064
4003,OG200510
4004,OG3095
4005,OG3026
4006,OG9367
4007,OG181702
4008,OG63063
4009,OG159365
4010,OG65626
4011,OG186181
4012,OG1698
4013,OG14318
4014,OG2421
4015,OG32798
4016,OG50024
4017,OG15672
4018,OG33842
4019,OG31386
4020,OG1895
4021,OG12955
4022,OG1525
4023,OG9929
4024,OG207110
4025,OG1626
4026,OG69071
4027,OG74511
4028,OG18086
4029,OG55154
4030,OG192402
4031,OG72072
4032,OG50054
4033,OG2115
4034,OG161185
4035,OG12113
4036,OG6142
4037,OG180753
4038,OG4598
4039,OG42381
4040,OG49674
4041,OG2644
4042,OG1765
4043,OG2919
4044,OG188173
4045,OG118166
4046,OG2466
4047,OG35343
4048,OG14552
4049,OG103111
4050,OG6471
4051,OG26376
4052,OG30449
4053,OG231662
4054,OG24245
4055,OG8436
4056,OG30329
4057,OG45947
4058,OG1683
4059,OG219950
4060,OG18324
4061,OG2407
4062,OG197631
4063,OG129673
4064,OG91880
4065,OG5548
4066,OG2374
4067,OG33860
4068,OG5243
4069,OG4356
4070,OG1887
4071,OG111747
4072,OG1227
4073,OG5002
4074,OG1850
4075,OG137732
4076,OG89694
4077,OG133321
4078,OG1500
4079,OG2053
4080,OG5251
4081,OG53408
4082,OG1819
4083,OG67856
4084,OG25323
4085,OG55258
4086,OG2186
4087,OG26593
4088,OG119621
4089,OG3845
4090,OG2613
4091,OG183006
4092,OG96128
4093,OG147527
4094,OG170989
4095,OG3596
4096,OG1132
4097,OG77630
4098,OG36078
4099,OG110928
4100,OG141629
4101,OG1024
4102,OG199837
4103,OG47114
4104,OG1741
4105,OG4581
4106,OG3826
4107,OG117633
4108,OG4306
4109,OG226629
4110,OG142528
4111,OG11575
4112,OG108429
4113,OG3267
4114,OG94302
4115,OG180376
4116,OG19558
4117,OG1751
4118,OG2123
4119,OG3492
4120,OG2510
4121,OG148812
4122,OG181967
4123,OG7481
4124,OG103976
4125,OG60978
4126,OG8880
4127,OG172380
4128,OG1343
4129,OG1546
4130,OG98341
4131,OG209990
4132,OG5722
4133,OG1184
4134,OG119046
4135,OG3973
4136,OG3437
4137,OG2878
4138,OG4962
4139,OG1138
4140,OG5778
4141,OG19584
4142,OG141259
4143,OG1054
4144,OG2068
4145,OG68335
4146,OG26875
4147,OG31379
4148,OG1630
4149,OG11847
4150,OG66802
4151,OG210435
4152,OG188717
4153,OG142059
4154,OG32032
4155,OG168208
4156,OG2677
4157,OG31922
4158,OG2028
4159,OG138155
4160,OG9198
4161,OG182890
4162,OG5323
4163,OG158517
4164,OG11090
4165,OG83206
4166,OG28825
4167,OG46615
4168,OG11906
4169,OG2404
4170,OG205516
4171,OG30296
4172,OG2283
4173,OG2794
4174,OG3009
4175,OG26132
4176,OG2994
4177,OG170502
4178,OG132920
4179,OG233615
4180,OG26982
4181,OG193256
4182,OG90340
4183,OG17731
4184,OG1503
4185,OG8014
4186,OG131320
4187,OG102933
4188,OG176294
4189,OG146440
4190,OG129398
4191,OG25197
4192,OG2197
4193,OG79394
4194,OG63384
4195,OG193048
4196,OG10915
4197,OG2302
4198,OG158748
4199,OG3106
4200,OG27584
4201,OG4128
4202,OG1335
4203,OG69921
4204,OG4145
4205,OG70539
4206,OG4179
4207,OG137702
4208,OG151832
4209,OG2041
4210,OG13622
4211,OG234188
4212,OG172301
4213,OG12991
4214,OG34183
4215,OG1782
4216,OG27189
4217,OG41051
4218,OG230946
4219,OG204425
4220,OG121086
4221,OG74485
4222,OG13628
4223,OG1992
4224,OG129964
4225,OG30595
4226,OG1918
4227,OG2182
4228,OG1433
4229,OG195670
4230,OG3488
4231,OG4458
4232,OG161496
4233,OG1721
4234,OG6167
4235,OG148907
4236,OG94956
4237,OG7555
4238,OG11143
4239,OG49518
4240,OG3858
4241,OG2640
4242,OG103683
4243,OG1651
4244,OG1635
4245,OG1743
4246,OG2488
4247,OG32200
4248,OG21957
4249,OG55661
4250,OG22552
4251,OG103432
4252,OG224230
4253,OG20515
4254,OG179352
4255,OG132027
4256,OG18936
4257,OG9253
4258,OG51808
4259,OG63232
4260,OG10279
4261,OG20551
4262,OG2056
4263,OG231994
4264,OG1780
4265,OG161803
4266,OG160016
4267,OG15075
4268,OG71308
4269,OG87996
4270,OG233418
4271,OG5359
4272,OG111702
4273,OG1287
4274,OG231766
4275,OG11586
4276,OG47247
4277,OG2655
4278,OG19619
4279,OG11095
4280,OG1215
4281,OG212439
4282,OG109572
4283,OG207908
4284,OG213953
4285,OG16456
4286,OG2375
4287,OG25717
4288,OG2099
4289,OG11510
4290,OG75188
4291,OG60447
4292,OG136146
4293,OG120944
4294,OG3900
4295,OG159370
4296,OG169615
4297,OG28560
4298,OG51894
4299,OG151179
4300,OG106905
4301,OG67169
4302,OG3493
4303,OG7867
4304,OG3546
4305,OG32667
4306,OG70513
4307,OG230281
4308,OG149360
4309,OG1629
4310,OG4995
4311,OG67308
4312,OG232104
4313,OG2514
4314,OG2872
4315,OG135501
4316,OG4221
4317,OG2294
4318,OG34844
4319,OG145113
4320,OG55792
4321,OG1488
4322,OG153695
4323,OG13115
4324,OG3702
4325,OG164503
4326,OG3137
4327,OG2910
4328,OG1518
4329,OG31691
4330,OG1851
4331,OG3104
4332,OG37571
4333,OG1998
4334,OG17972
4335,OG219957
4336,OG1891
4337,OG2703
4338,OG221831
4339,OG78966
4340,OG22701
4341,OG2562
4342,OG184929
4343,OG32237
4344,OG118460
4345,OG120915
4346,OG3061
4347,OG106154
4348,OG94592
4349,OG196084
4350,OG17693
4351,OG9890
4352,OG4382
4353,OG2957
4354,OG32910
4355,OG6241
4356,OG2097
4357,OG1268
4358,OG62760
4359,OG126486
4360,OG2634
4361,OG1896
4362,OG133599
4363,OG3978
4364,OG4089
4365,OG59673
4366,OG181233
4367,OG210591
4368,OG18912
4369,OG1360
4370,OG25305
4371,OG82370
4372,OG216389
4373,OG1994
4374,OG104060
4375,OG3538
4376,OG145525
4377,OG45397
4378,OG3829
4379,OG217976
4380,OG44656
4381,OG17953
4382,OG2958
4383,OG1779
4384,OG2292
4385,OG232551
4386,OG9460
4387,OG67825
4388,OG57146
4389,OG40908
4390,OG171326
4391,OG4615
4392,OG188518
4393,OG50612
4394,OG1997
4395,OG3285
4396,OG84768
4397,OG1608
4398,OG1948
4399,OG27861
4400,OG54584
4401,OG3342
4402,OG2528
4403,OG152313
4404,OG1429
4405,OG186775
4406,OG57022
4407,OG1964
4408,OG66645
4409,OG93544
4410,OG95296
4411,OG9595
4412,OG2901
4413,OG228373
4414,OG1584
4415,OG17764
4416,OG1119
4417,OG229455
4418,OG1789
4419,OG120516
4420,OG127623
4421,OG162875
4422,OG186193
4423,OG170119
4424,OG30865
4425,OG170532
4426,OG38719
4427,OG1126
4428,OG1053
4429,OG29220
4430,OG31254
4431,OG188285
4432,OG210277
4433,OG1015
4434,OG57167
4435,OG53426
4436,OG2082
4437,OG5299
4438,OG6854
4439,OG4822
4440,OG54313
4441,OG172035
4442,OG1159
4443,OG110669
4444,OG176730
4445,OG9476
4446,OG192226
4447,OG11969
4448,OG89419
4449,OG13627
4450,OG97038
4451,OG6206
4452,OG136258
4453,OG135417
4454,OG204239
4455,OG223801
4456,OG208973
4457,OG26208
4458,OG1662
4459,OG1666
4460,OG43644
4461,OG3422
4462,OG111082
4463,OG1522
4464,OG47255
4465,OG1502
4466,OG4173
4467,OG75146
4468,OG9461
4469,OG4665
4470,OG3303
4471,OG1048
4472,OG79113
4473,OG19246
4474,OG35831
4475,OG5619
4476,OG64606
4477,OG5853
4478,OG1786
4479,OG26986
4480,OG160223
4481,OG175991
4482,OG130744
4483,OG80474
4484,OG35874
4485,OG2113
4486,OG93151
4487,OG7232
4488,OG105273
4489,OG8269
4490,OG51853
4491,OG127662
4492,OG7730
4493,OG149527
4494,OG115338
4495,OG133258
4496,OG174789
4497,OG103775
4498,OG71527
4499,OG1768
4500,OG8560
4501,OG1874
4502,OG2004
4503,OG27850
4504,OG109758
4505,OG138475
4506,OG106028
4507,OG3786
4508,OG51961
4509,OG215879
4510,OG219752
4511,OG1168
4512,OG225923
4513,OG2687
4514,OG4780
4515,OG6997
4516,OG120363
4517,OG54636
4518,OG4035
4519,OG39775
4520,OG64900
4521,OG4274
4522,OG1199
4523,OG219068
4524,OG160082
4525,OG1071
4526,OG1962
4527,OG1214
4528,OG2717
4529,OG1400
4530,OG61331
4531,OG146547
4532,OG2045
4533,OG1251
4534,OG1517
4535,OG1064
4536,OG35102
4537,OG150985
4538,OG77591
4539,OG142702
4540,OG3118
4541,OG148978
4542,OG142901
4543,OG130706
4544,OG10149
4545,OG219873
4546,OG2346
4547,OG3185
4548,OG3750
4549,OG62968
4550,OG163986
4551,OG9355
4552,OG1748
4553,OG158373
4554,OG183225
4555,OG4498
4556,OG86076
4557,OG227579
4558,OG224850
4559,OG2532
4560,OG2631
4561,OG9067
4562,OG208294
4563,OG167880
4564,OG126955
4565,OG3617
4566,OG1955
4567,OG208662
4568,OG19049
4569,OG8742
4570,OG165926
4571,OG3020
4572,OG7484
4573,OG142715
4574,OG222767
4575,OG166371
4576,OG100712
4577,OG179764
4578,OG207171
4579,OG4156
4580,OG3441
4581,OG61849
4582,OG3761
4583,OG1724
4584,OG153365
4585,OG3615
4586,OG9127
4587,OG34849
4588,OG204530
4589,OG50747
4590,OG127076
4591,OG1544
4592,OG229771
4593,OG5315
4594,OG4756
4595,OG159275
4596,OG10457
4597,OG2950
4598,OG21005
4599,OG98363
4600,OG2277
4601,OG49080
4602,OG61200
4603,OG43134
4604,OG152192
4605,OG4276
4606,OG129452
4607,OG3103
4608,OG3082
4609,OG8474
4610,OG4399
4611,OG205775
4612,OG155398
4613,OG1700
4614,OG13597
4615,OG12959
4616,OG77510
4617,OG157892
4618,OG49811
4619,OG5541
4620,OG39105
4621,OG7307
4622,OG2770
4623,OG213490
4624,OG3814
4625,OG222238
4626,OG1802
4627,OG93360
4628,OG192251
4629,OG79071
4630,OG3700
4631,OG82215
4632,OG30183
4633,OG97178
4634,OG148039
4635,OG176089
4636,OG7513
4637,OG3041
4638,OG213276
4639,OG121219
4640,OG2445
4641,OG4206
4642,OG135090
4643,OG97602
4644,OG208739
4645,OG8834
4646,OG15756
4647,OG116046
4648,OG5707
4649,OG3776
4650,OG4375
4651,OG41215
4652,OG6678
4653,OG3165
4654,OG127122
4655,OG135166
4656,OG188215
4657,OG68460
4658,OG202427
4659,OG3338
4660,OG160739
4661,OG87905
4662,OG140836
4663,OG166600
4664,OG4073
4665,OG1901
4666,OG222061
4667,OG54461
4668,OG93283
4669,OG136522
4670,OG3068
4671,OG174398
4672,OG52558
4673,OG191242
4674,OG117078
4675,OG157630
4676,OG116584
4677,OG178695
4678,OG2578
4679,OG135746
4680,OG4346
4681,OG110752
4682,OG160567
4683,OG111800
4684,OG4552
4685,OG17416
4686,OG1436
4687,OG1479
4688,OG35098
4689,OG2605
4690,OG17730
4691,OG24704
4692,OG66375
4693,OG162603
4694,OG47751
4695,OG207778
4696,OG63831
4697,OG1182
4698,OG22702
4699,OG4307
4700,OG45312
4701,OG5296
4702,OG31909
4703,OG165231
4704,OG12958
4705,OG11714
4706,OG1004
4707,OG180298
4708,OG151612
4709,OG7742
4710,OG1189
4711,OG185218
4712,OG9773
4713,OG4355
4714,OG4815
4715,OG4824
4716,OG1185
4717,OG22949
4718,OG226029
4719,OG195138
4720,OG2279
4721,OG43431
4722,OG1373
4723,OG4762
4724,OG10813
4725,OG75291
4726,OG3404
4727,OG5314
4728,OG1885
4729,OG1778
4730,OG1951
4731,OG5163
4732,OG103946
4733,OG34323
4734,OG50666
4735,OG50200
4736,OG5393
4737,OG119108
4738,OG106352
4739,OG2538
4740,OG119908
4741,OG33795
4742,OG4437
4743,OG73194
4744,OG5505
4745,OG49390
4746,OG4139
4747,OG154542
4748,OG11949
4749,OG220789
4750,OG56636
4751,OG101460
4752,OG176985
4753,OG4583
4754,OG23843
4755,OG189717
4756,OG172708
4757,OG35676
4758,OG230384
4759,OG2088
4760,OG214880
4761,OG49846
4762,OG18749
4763,OG71907
4764,OG1708
4765,OG4171
4766,OG10308
4767,OG80126
4768,OG5657
4769,OG3902
4770,OG1886
4771,OG130675
4772,OG196604
4773,OG4866
4774,OG3418
4775,OG217553
4776,OG199002
4777,OG224974
4778,OG170881
4779,OG213588
4780,OG47156
4781,OG228107
4782,OG21939
4783,OG4400
4784,OG6746
4785,OG166133
4786,OG3450
4787,OG13007
4788,OG22838
4789,OG173354
4790,OG40127
4791,OG1852
4792,OG1879
4793,OG184445
4794,OG44668
4795,OG11323
4796,OG2143
4797,OG50929
4798,OG124974
4799,OG46957
4800,OG52060
4801,OG16237
4802,OG47841
4803,OG40150
4804,OG198483
4805,OG158776
4806,OG3189
4807,OG10737
4808,OG141602
4809,OG102978
4810,OG160845
4811,OG64768
4812,OG16481
4813,OG75776
4814,OG199408
4815,OG38916
4816,OG8878
4817,OG3231
4818,OG40100
4819,OG1944
4820,OG1566
4821,OG6574
4822,OG2992
4823,OG3683
4824,OG135841
4825,OG127400
4826,OG186888
4827,OG3839
4828,OG189706
4829,OG49802
4830,OG4392
4831,OG46992
4832,OG48251
4833,OG1000
4834,OG3205
4835,OG1295
4836,OG32614
4837,OG2512
4838,OG3715
4839,OG14401
4840,OG2780
4841,OG200156
4842,OG41330
4843,OG177278
4844,OG39659
4845,OG1066
4846,OG146831
4847,OG17339
4848,OG1112
4849,OG190547
4850,OG153655
4851,OG1232
4852,OG4391
4853,OG127684
4854,OG2012
4855,OG1190
4856,OG38849
4857,OG5591
4858,OG13112
4859,OG32595
4860,OG3170
4861,OG6380
4862,OG3506
4863,OG13971
4864,OG1401
4865,OG134294
4866,OG9081
4867,OG11317
4868,OG214779
4869,OG27233
4870,OG107752
4871,OG53449
4872,OG1491
4873,OG10647
4874,OG5497
4875,OG39110
4876,OG76769
4877,OG186659
4878,OG5764
4879,OG33814
4880,OG215479
4881,OG195660
4882,OG199027
4883,OG123560
4884,OG169411
4885,OG25777
4886,OG9243
4887,OG58211
4888,OG66383
4889,OG6567
4890,OG158952
4891,OG1898
4892,OG116540
4893,OG1822
4894,OG125332
4895,OG130223
4896,OG3562
4897,OG65705
4898,OG4707
4899,OG193220
4900,OG43288
4901,OG223273
4902,OG1937
4903,OG52311
4904,OG1762
4905,OG6684
4906,OG176201
4907,OG1218
4908,OG1733
4909,OG43046
4910,OG1142
4911,OG201401
4912,OG58690
4913,OG4116
4914,OG2960
4915,OG94005
4916,OG53986
4917,OG157639
4918,OG32266
4919,OG17623
4920,OG51637
4921,OG3021
4922,OG99042
4923,OG7228
4924,OG175499
4925,OG11951
4926,OG69703
4927,OG47828
4928,OG5530
4929,OG3991
4930,OG1958
4931,OG1240
4932,OG9668
4933,OG17281
4934,OG2210
4935,OG146304
4936,OG4366
4937,OG62627
4938,OG2406
4939,OG224468
4940,OG160565
4941,OG137267
4942,OG31927
4943,OG2474
4944,OG47160
4945,OG3707
4946,OG166111
4947,OG4147
4948,OG205275
4949,OG158580
4950,OG10645
4951,OG5226
4952,OG1072
4953,OG196293
4954,OG102822
4955,OG1162
4956,OG4120
4957,OG1812
4958,OG30265
4959,OG94839
4960,OG100770
4961,OG224572
4962,OG55155
4963,OG3135
4964,OG189759
4965,OG16552
4966,OG3313
4967,OG144392
4968,OG2383
4969,OG190705
4970,OG2112
4971,OG64459
4972,OG2546
4973,OG28503
4974,OG1634
4975,OG232981
4976,OG15096
4977,OG36482
4978,OG198597
4979,OG49775
4980,OG49975
4981,OG2095
4982,OG14327
4983,OG153688
4984,OG205495
4985,OG169917
4986,OG106253
4987,OG149779
4988,OG1073
4989,OG27410
4990,OG135446
4991,OG23682
4992,OG155114
4993,OG52932
4994,OG3624
4995,OG32414
4996,OG45591
4997,OG5454
4998,OG8441
4999,OG131499
5000,OG2171
5001,OG12192
5002,OG3884
5003,OG3763
5004,OG2149
5005,OG2906
5006,OG134162
5007,OG40299
5008,OG69221
5009,OG74638
5010,OG1210
5011,OG189489
5012,OG1377
5013,OG155877
5014,OG127341
5015,OG10667
5016,OG109943
5017,OG1083
5018,OG3767
5019,OG3668
5020,OG5583
5021,OG3445
5022,OG228995
5023,OG156483
5024,OG131731
5025,OG1940
5026,OG180579
5027,OG7637
5028,OG2446
5029,OG2675
5030,OG3131
5031,OG1482
5032,OG125771
5033,OG22575
5034,OG1975
5035,OG3862
5036,OG2419
5037,OG2085
5038,OG53394
5039,OG1941
5040,OG4957
5041,OG87835
5042,OG210286
5043,OG217262
5044,OG2851
5045,OG9818
5046,OG5806
5047,OG1299
5048,OG163088
5049,OG42280
5050,OG207270
5051,OG190435
5052,OG169458
5053,OG211351
5054,OG234198
5055,OG73038
5056,OG176316
5057,OG176775
5058,OG4218
5059,OG60909
5060,OG233286
5061,OG108200
5062,OG25622
5063,OG17263
5064,OG43082
5065,OG2948
5066,OG166215
5067,OG69353
5068,OG175630
5069,OG155209
5070,OG8973
5071,OG21410
5072,OG232155
5073,OG124919
5074,OG213888
5075,OG44387
5076,OG150120
5077,OG1545
5078,OG5472
5079,OG14413
5080,OG3655
5081,OG39769
5082,OG1793
5083,OG222406
5084,OG86695
5085,OG1432
5086,OG1069
5087,OG146563
5088,OG2513
5089,OG125675
5090,OG1013
5091,OG2746
5092,OG1260
5093,OG110701
5094,OG2221
5095,OG4064
5096,OG215238
5097,OG1505
5098,OG1364
5099,OG1231
5100,OG123877
5101,OG39353
5102,OG1444
5103,OG24161
5104,OG1848
5105,OG32939
5106,OG1722
5107,OG30621
5108,OG197708
5109,OG183621
5110,OG4958
5111,OG91171
5112,OG88411
5113,OG219564
5114,OG132359
5115,OG22484
5116,OG10145
5117,OG11084
5118,OG223334
5119,OG221834
5120,OG15035
5121,OG1097
5122,OG125646
5123,OG127860
5124,OG99378
5125,OG47341
5126,OG6904
5127,OG1011
5128,OG186148
5129,OG1396
5130,OG1856
5131,OG80372
5132,OG2218
5133,OG18833
5134,OG40899
5135,OG23930
5136,OG21838
5137,OG1096
5138,OG83982
5139,OG169197
5140,OG1640
5141,OG1966
5142,OG121545
5143,OG5490
5144,OG102922
5145,OG217723
5146,OG18992
5147,OG3075
5148,OG52652
5149,OG47539
5150,OG85367
5151,OG10116
5152,OG1249
5153,OG4361
5154,OG101324
5155,OG45785
5156,OG158038
5157,OG70703
5158,OG7811
5159,OG1101
5160,OG135493
5161,OG9356
5162,OG9500
5163,OG190269
5164,OG109738
5165,OG151342
5166,OG213022
5167,OG12120
5168,OG2206
5169,OG1021
5170,OG156048
5171,OG2269
5172,OG91893
5173,OG202771
5174,OG154528
5175,OG177259
5176,OG209310
5177,OG1022
5178,OG180187
5179,OG25858
5180,OG160115
5181,OG142049
5182,OG14514
5183,OG3288
5184,OG4233
5185,OG56871
5186,OG1105
5187,OG228302
5188,OG3227
5189,OG4723
5190,OG143656
5191,OG32198
5192,OG2540
5193,OG114928
5194,OG2642
5195,OG1036
5196,OG1298
5197,OG2602
5198,OG13750
5199,OG1439
5200,OG6036
5201,OG1269
5202,OG44662
5203,OG5271
5204,OG39614
5205,OG2571
5206,OG2684
5207,OG152850
5208,OG5686
5209,OG171655
5210,OG13587
5211,OG182905
5212,OG98569
5213,OG2579
5214,OG48481
5215,OG8262
5216,OG214018
5217,OG147899
5218,OG3483
5219,OG112604
5220,OG209150
5221,OG3865
5222,OG229640
5223,OG11596
5224,OG187595
5225,OG135431
5226,OG33206
5227,OG2738
5228,OG13838
5229,OG26943
5230,OG1103
5231,OG2535
5232,OG2431
5233,OG2130
5234,OG94259
5235,OG128488
5236,OG3022
5237,OG91074
5238,OG117617
5239,OG202797
5240,OG2523
5241,OG108483
5242,OG72006
5243,OG47143
5244,OG40763
5245,OG230267
5246,OG3810
5247,OG17877
5248,OG8907
5249,OG162967
5250,OG1720
5251,OG3057
5252,OG195593
5253,OG200216
5254,OG1122
5255,OG22026
5256,OG196638
5257,OG3531
5258,OG2591
5259,OG172905
5260,OG2952
5261,OG11559
5262,OG3836
5263,OG1752
5264,OG140143
5265,OG165605
5266,OG199238
5267,OG1957
5268,OG45260
5269,OG1847
5270,OG1228
5271,OG3221
5272,OG5284
5273,OG130320
5274,OG8537
5275,OG159761
5276,OG212609
5277,OG227672
5278,OG134453
5279,OG191073
5280,OG142178
5281,OG3336
5282,OG1771
5283,OG4309
5284,OG130335
5285,OG141334
5286,OG5376
5287,OG4403
5288,OG166359
5289,OG28500
5290,OG1123
5291,OG35124
5292,OG4913
5293,OG217567
5294,OG73780
5295,OG3430
5296,OG6847
5297,OG208695
5298,OG129783
5299,OG7933
5300,OG5161
5301,OG159100
5302,OG124450
5303,OG3486
5304,OG32670
5305,OG4257
5306,OG8446
5307,OG78654
5308,OG112665
5309,OG1175
5310,OG8271
5311,OG101782
5312,OG4877
5313,OG23309
5314,OG35041
5315,OG194291
5316,OG181940
5317,OG30147
5318,OG64799
5319,OG149239
5320,OG2132
5321,OG3507
5322,OG11021
5323,OG1675
5324,OG8167
5325,OG178051
5326,OG155636
5327,OG2841
5328,OG186496
5329,OG48501
5330,OG3658
5331,OG2608
5332,OG145860
5333,OG116910
5334,OG3989
5335,OG3752
5336,OG4326
5337,OG215723
5338,OG47272
5339,OG5204
5340,OG4379
5341,OG1135
5342,OG2882
5343,OG1496
5344,OG1738
5345,OG5645
5346,OG25407
5347,OG185121
5348,OG91850
5349,OG46466
5350,OG8592
5351,OG4043
5352,OG1292
5353,OG167657
5354,OG2734
5355,OG196061
5356,OG5188
5357,OG131751
5358,OG8642
5359,OG1104
5360,OG81429
5361,OG63801
5362,OG8321
5363,OG112701
5364,OG214107
5365,OG39902
5366,OG45751
5367,OG31810
5368,OG71695
5369,OG152922
5370,OG1600
5371,OG166522
5372,OG193384
5373,OG5829
5374,OG6096
5375,OG21929
5376,OG3024
5377,OG197281
5378,OG1664
5379,OG6846
5380,OG38384
5381,OG104295
5382,OG94500
5383,OG118566
5384,OG218176
5385,OG5727
5386,OG107273
5387,OG2871
5388,OG95074
5389,OG98823
5390,OG144524
5391,OG9997
5392,OG5259
5393,OG1777
5394,OG1770
5395,OG26757
5396,OG109313
5397,OG92724
5398,OG116424
5399,OG1002
5400,OG14525
5401,OG163930
5402,OG169423
5403,OG25301
5404,OG15707
5405,OG30729
5406,OG10836
5407,OG97997
5408,OG1266
5409,OG86975
5410,OG215328
5411,OG142843
5412,OG84296
5413,OG1374
5414,OG5038
5415,OG38748
5416,OG207575
5417,OG54607
5418,OG211817
5419,OG19727
5420,OG2314
5421,OG173018
5422,OG118573
5423,OG186474
5424,OG1325
5425,OG87064
5426,OG28724
5427,OG2071
5428,OG161369
5429,OG1809
5430,OG233001
5431,OG3910
5432,OG11340
5433,OG182071
5434,OG5566
5435,OG53527
5436,OG1461
5437,OG11892
5438,OG8169
5439,OG1888
5440,OG16416
5441,OG32551
5442,OG142560
5443,OG177784
5444,OG2595
5445,OG4125
5446,OG54205
5447,OG4137
5448,OG1411
5449,OG103905
5450,OG28390
5451,OG8706
5452,OG2936
5453,OG6461
5454,OG54143
5455,OG222093
5456,OG137600
5457,OG1706
5458,OG1859
5459,OG7545
5460,OG147998
5461,OG9893
5462,OG65478
5463,OG233127
5464,OG4118
5465,OG9969
5466,OG19221
5467,OG1306
5468,OG1938
5469,OG86842
5470,OG3571
5471,OG7959
5472,OG124269
5473,OG6875
5474,OG11971
5475,OG1107
5476,OG2394
5477,OG39821
5478,OG112887
5479,OG169253
5480,OG86372
5481,OG173265
5482,OG3651
5483,OG38319
5484,OG10510
5485,OG230467
5486,OG3086
5487,OG7920
5488,OG3772
5489,OG2706
5490,OG25951
5491,OG175577
5492,OG191330
5493,OG134117
5494,OG141703
5495,OG3782
5496,OG101690
5497,OG4499
5498,OG13195
5499,OG124486
5500,OG25228
5501,OG1939
5502,OG16987
5503,OG224315
5504,OG228744
5505,OG1274
5506,OG44536
5507,OG2664
5508,OG70670
5509,OG28504
5510,OG28486
5511,OG166238
5512,OG2336
5513,OG1187
5514,OG1827
5515,OG42806
5516,OG224362
5517,OG1278
5518,OG4185
5519,OG5037
5520,OG6893
5521,OG51836
5522,OG6590
5523,OG20761
5524,OG2953
5525,OG199421
5526,OG27800
5527,OG233322
5528,OG122154
5529,OG8772
5530,OG9360
5531,OG93459
5532,OG167765
5533,OG46771
5534,OG1379
5535,OG53416
5536,OG161416
5537,OG94849
5538,OG111880
5539,OG33759
5540,OG111078
5541,OG30493
5542,OG121793
5543,OG12997
5544,OG111891
5545,OG4321
5546,OG214099
5547,OG84540
5548,OG32863
5549,OG30217
5550,OG36548
5551,OG48296
5552,OG218806
5553,OG12662
5554,OG189600
5555,OG22597
5556,OG165160
5557,OG154745
5558,OG2596
5559,OG154804
5560,OG153241
5561,OG150474
5562,OG1745
5563,OG74192
5564,OG3076
5565,OG201555
5566,OG80249
5567,OG159447
5568,OG170168
5569,OG7705
5570,OG107023
5571,OG22508
5572,OG2545
5573,OG2238
5574,OG1540
5575,OG1127
5576,OG90061
5577,OG5238
5578,OG22888
5579,OG14882
5580,OG19702
5581,OG5146
5582,OG4532
5583,OG4011
5584,OG41139
5585,OG87097
5586,OG13135
5587,OG7126
5588,OG39980
5589,OG95897
5590,OG34140
5591,OG39555
5592,OG137883
5593,OG3628
5594,OG1322
5595,OG12190
5596,OG154138
5597,OG208566
5598,OG147561
5599,OG4180
5600,OG2478
5601,OG10274
5602,OG1434
5603,OG204076
5604,OG190840
5605,OG1841
5606,OG128859
5607,OG49404
5608,OG2977
5609,OG198177
5610,OG5118
5611,OG119909
5612,OG1686
5613,OG3178
5614,OG15773
5615,OG1060
5616,OG11144
5617,OG73025
5618,OG4250
5619,OG142014
5620,OG70011
5621,OG5979
5622,OG43452
5623,OG33708
5624,OG47193
5625,OG5766
5626,OG97607
5627,OG3099
5628,OG9143
5629,OG156971
5630,OG1710
5631,OG9311
5632,OG2750
5633,OG8910
5634,OG145357
5635,OG2328
5636,OG7276
5637,OG123328
5638,OG2288
5639,OG81861
5640,OG3027
5641,OG121716
5642,OG2126
5643,OG72276
5644,OG180574
5645,OG46751
5646,OG200099
5647,OG144452
5648,OG1456
5649,OG2627
5650,OG217528
5651,OG101869
5652,OG212257
5653,OG1018
5654,OG10811
5655,OG113291
5656,OG2822
5657,OG163864
5658,OG1443
5659,OG1045
5660,OG32201
5661,OG17385
5662,OG31653
5663,OG137631
5664,OG27768
5665,OG219249
5666,OG2158
5667,OG8270
5668,OG1453
5669,OG62530
5670,OG212454
5671,OG4268
5672,OG220816
5673,OG2078
5674,OG1430
5675,OG15834
5676,OG27996
5677,OG226762
5678,OG4061
5679,OG10060
5680,OG96793
5681,OG13316
5682,OG87459
5683,OG199364
5684,OG19108
5685,OG3187
5686,OG64813
5687,OG2708
5688,OG4232
5689,OG78619
5690,OG26772
5691,OG212352
5692,OG1516
5693,OG49264
5694,OG6253
5695,OG22521
5696,OG26083
5697,OG202735
5698,OG78323
5699,OG126811
5700,OG167471
5701,OG6790
5702,OG1137
5703,OG170769
5704,OG3949
5705,OG5136
5706,OG3476
5707,OG47263
5708,OG1747
5709,OG1177
5710,OG19539
5711,OG5268
5712,OG215209
5713,OG5659
5714,OG200354
5715,OG3607
5716,OG225090
5717,OG32608
5718,OG2741
5719,OG6598
5720,OG2207
5721,OG7377
5722,OG48211
5723,OG120748
5724,OG1504
5725,OG223509
5726,OG7635
5727,OG82393
5728,OG202531
5729,OG11739
5730,OG3127
5731,OG30607
5732,OG140594
5733,OG2286
5734,OG94941
5735,OG129860
5736,OG47252
5737,OG45084
5738,OG119695
5739,OG188174
5740,OG27847
5741,OG2697
5742,OG147898
5743,OG41802
5744,OG11336
5745,OG1237
5746,OG74346
5747,OG11523
5748,OG1207
5749,OG197535
5750,OG63805
5751,OG121453
5752,OG111284
5753,OG1367
5754,OG166719
5755,OG2453
5756,OG7558
5757,OG111662
5758,OG1016
5759,OG9380
5760,OG3381
5761,OG229893
5762,OG17338
5763,OG1740
5764,OG133560
5765,OG33788
5766,OG3467
5767,OG3832
5768,OG136947
5769,OG1538
5770,OG1039
5771,OG234204
5772,OG11135
5773,OG75679
5774,OG3740
5775,OG1684
5776,OG17107
5777,OG40024
5778,OG9816
5779,OG213507
5780,OG19897
5781,OG31531
5782,OG3091
5783,OG149838
5784,OG92609
5785,OG131567
5786,OG26800
5787,OG219659
5788,OG216614
5789,OG90211
5790,OG228212
5791,OG13920
5792,OG3894
5793,OG3682
5794,OG4071
5795,OG10436
5796,OG11212
5797,OG1645
5798,OG1033
5799,OG28434
5800,OG60325
5801,OG3100
5802,OG79054
5803,OG184279
5804,OG8396
5805,OG85202
5806,OG15741
5807,OG49207
5808,OG71714
5809,OG50781
5810,OG9921
5811,OG4087
5812,OG3495
5813,OG21964
5814,OG134449
5815,OG162070
5816,OG90025
5817,OG108266
5818,OG159798
5819,OG41248
5820,OG17145
5821,OG25340
5822,OG53380
5823,OG27430
5824,OG6900
5825,OG10651
5826,OG75762
5827,OG53336
5828,OG61173
5829,OG5327
5830,OG233234
5831,OG4293
5832,OG210662
5833,OG154651
5834,OG156881
5835,OG1195
5836,OG188017
5837,OG153951
5838,OG26041
5839,OG4973
5840,OG2392
5841,OG4679
5842,OG3443
5843,OG10859
5844,OG2939
5845,OG179991
5846,OG3144
5847,OG11045
5848,OG138726
5849,OG116596
5850,OG221057
5851,OG83178
5852,OG1579
5853,OG34956
5854,OG1602
5855,OG21849
5856,OG198989
5857,OG19052
5858,OG7852
5859,OG137250
5860,OG1945
5861,OG43687
5862,OG53390
5863,OG133029
5864,OG90615
5865,OG207565
5866,OG6742
5867,OG17546
5868,OG172032
5869,OG36591
5870,OG72126
5871,OG11588
5872,OG143606
5873,OG3217
5874,OG215502
5875,OG4411
5876,OG3811
5877,OG15907
5878,OG35324
5879,OG159054
5880,OG12164
5881,OG187768
5882,OG2931
5883,OG9475
5884,OG54389
5885,OG2496
5886,OG2183
5887,OG106630
5888,OG226939
5889,OG197006
5890,OG75747
5891,OG11962
5892,OG1603
5893,OG158080
5894,OG182021
5895,OG125841
5896,OG6114
5897,OG10917
5898,OG182731
5899,OG19559
5900,OG60214
5901,OG221407
5902,OG22116
5903,OG1109
5904,OG173176
5905,OG233457
5906,OG1167
5907,OG184165
5908,OG233939
5909,OG1861
5910,OG2343
5911,OG5355
5912,OG4718
5913,OG159049
5914,OG1507
5915,OG93712
5916,OG5170
5917,OG123272
5918,OG28446
5919,OG4589
5920,OG12303
5921,OG46366
5922,OG2162
5923,OG4644
5924,OG1943
5925,OG190826
5926,OG9983
5927,OG89742
5928,OG30387
5929,OG2333
5930,OG146107
5931,OG46081
5932,OG83973
5933,OG1164
5934,OG146058
5935,OG2034
5936,OG1100
5937,OG1256
5938,OG2575
5939,OG1025
5940,OG26410
5941,OG120948
5942,OG4950
5943,OG38644
5944,OG2519
5945,OG2262
5946,OG2267
5947,OG52036
5948,OG67657
5949,OG134754
5950,OG40509
5951,OG6640
5952,OG5071
5953,OG126306
5954,OG180812
5955,OG212015
5956,OG32687
5957,OG14604
5958,OG1688
5959,OG42656
5960,OG3638
5961,OG39616
5962,OG209965
5963,OG191271
5964,OG1329
5965,OG5311
5966,OG43579
5967,OG19632
5968,OG1141
5969,OG68786
5970,OG17115
5971,OG110498
5972,OG3663
5973,OG78500
5974,OG161262
5975,OG1749
5976,OG144406
5977,OG2787
5978,OG117293
5979,OG4289
5980,OG147693
5981,OG216409
5982,OG31306
5983,OG17166
5984,OG170836
5985,OG4778
5986,OG100815
5987,OG224239
5988,OG76612
5989,OG64092
5990,OG126384
5991,OG131036
5992,OG62428
5993,OG11516
5994,OG4351
5995,OG74589
5996,OG183787
5997,OG12675
5998,OG1380
5999,OG4078
6000,OG4122
6001,OG169369
6002,OG206119
6003,OG169570
6004,OG4387
6005,OG3714
6006,OG101597
6007,OG26080
6008,OG98678
6009,OG57152
6010,OG91257
6011,OG3874
6012,OG63631
6013,OG225780
6014,OG232952
6015,OG8561
6016,OG129561
6017,OG10672
6018,OG80144
6019,OG149279
6020,OG4624
6021,OG45284
6022,OG123804
6023,OG3588
6024,OG3046
6025,OG32223
6026,OG101934
6027,OG60494
6028,OG47012
6029,OG131979
6030,OG75989
6031,OG171467
6032,OG191392
6033,OG3063
6034,OG60992
6035,OG190956
6036,OG43314
6037,OG129597
6038,OG1375
6039,OG191422
6040,OG212839
6041,OG40126
6042,OG165993
6043,OG21613
6044,OG56382
6045,OG1276
6046,OG153602
6047,OG60196
6048,OG4102
6049,OG6849
6050,OG141942
6051,OG88007
6052,OG173137
6053,OG2930
6054,OG2628
6055,OG1754
6056,OG3674
6057,OG1849
6058,OG1638
6059,OG1718
6060,OG116328
6061,OG137254
6062,OG86594
6063,OG14613
6064,OG136319
6065,OG125047
6066,OG2856
6067,OG183910
6068,OG1410
6069,OG5087
6070,OG4369
6071,OG112788
6072,OG3326
6073,OG10234
6074,OG160507
6075,OG4605
6076,OG15446
6077,OG173532
