,OG,dN_dS
0,OG2176.out_yn00,0.1421
1,OG3717.out_yn00,0.2527
2,OG3802.out_yn00,0.6755
3,OG1516.out_yn00,0.0074
4,OG2455.out_yn00,0.0846
5,OG1200.out_yn00,0.1375
6,OG4041.out_yn00,0.3797
7,OG3896.out_yn00,0.4604
8,OG4436.out_yn00,0.1316
9,OG3480.out_yn00,0.2054
10,OG4804.out_yn00,0.2121
11,OG3347.out_yn00,0.1438
12,OG1096.out_yn00,0.0101
13,OG3371.out_yn00,0.3047
14,OG3718.out_yn00,0.354
15,OG2818.out_yn00,0.2386
16,OG4278.out_yn00,0.4387
17,OG2164.out_yn00,0.1057
18,OG3532.out_yn00,0.4202
19,OG2649.out_yn00,0.1482
20,OG1370.out_yn00,0.1462
21,OG2971.out_yn00,0.2947
22,OG1325.out_yn00,0.3443
23,OG4195.out_yn00,0.2632
24,OG2942.out_yn00,0.0702
25,OG4859.out_yn00,0.1232
26,OG4065.out_yn00,0.1776
27,OG3276.out_yn00,0.1288
28,OG1444.out_yn00,0.1077
29,OG4759.out_yn00,0.1946
30,OG4699.out_yn00,0.3092
31,OG3415.out_yn00,0.1869
32,OG1314.out_yn00,0.2565
33,OG1934.out_yn00,0.1601
34,OG2894.out_yn00,0.284
35,OG1637.out_yn00,0.1232
36,OG1465.out_yn00,0.2885
37,OG2047.out_yn00,0.4896
38,OG3310.out_yn00,0.1257
39,OG3145.out_yn00,0.1763
40,OG1750.out_yn00,0.2458
41,OG1132.out_yn00,0.0878
42,OG4159.out_yn00,0.341
43,OG4464.out_yn00,0.514
44,OG2878.out_yn00,0.1074
45,OG2165.out_yn00,0.1114
46,OG4400.out_yn00,0.1505
47,OG2415.out_yn00,1.1668
48,OG2345.out_yn00,0.1833
49,OG2266.out_yn00,0.4216
50,OG1453.out_yn00,0.2954
51,OG4089.out_yn00,0.2827
52,OG2992.out_yn00,0.1021
53,OG4244.out_yn00,0.2537
54,OG3362.out_yn00,0.1752
55,OG5338.out_yn00,0.3262
56,OG4269.out_yn00,0.2282
57,OG2598.out_yn00,0.261
58,OG2186.out_yn00,0.0987
59,OG4452.out_yn00,0.1946
60,OG1408.out_yn00,0.2949
61,OG2578.out_yn00,0.1345
62,OG2891.out_yn00,0.2074
63,OG5113.out_yn00,0.192
64,OG4198.out_yn00,0.2227
65,OG2628.out_yn00,0.2281
66,OG1049.out_yn00,0.0734
67,OG2495.out_yn00,0.0805
68,OG3635.out_yn00,0.2219
69,OG3637.out_yn00,0.2936
70,OG1652.out_yn00,0.281
71,OG2828.out_yn00,0.0646
72,OG2465.out_yn00,0.2672
73,OG4485.out_yn00,0.1775
74,OG3647.out_yn00,0.1482
75,OG3354.out_yn00,0.2736
76,OG2706.out_yn00,0.3499
77,OG3001.out_yn00,0.1926
78,OG3501.out_yn00,0.1765
79,OG1777.out_yn00,0.0617
80,OG3968.out_yn00,0.3704
81,OG2006.out_yn00,0.3437
82,OG1246.out_yn00,0.2863
83,OG2476.out_yn00,0.2923
84,OG2579.out_yn00,0.1039
85,OG2145.out_yn00,0.3394
86,OG1758.out_yn00,0.1868
87,OG1812.out_yn00,0.0457
88,OG4286.out_yn00,0.1877
89,OG3275.out_yn00,0.2054
90,OG1689.out_yn00,0.0956
91,OG4479.out_yn00,0.317
92,OG4297.out_yn00,0.0021
93,OG4793.out_yn00,0.1356
94,OG3189.out_yn00,0.2794
95,OG1335.out_yn00,0.1056
96,OG1572.out_yn00,0.0714
97,OG3638.out_yn00,0.5344
98,OG2296.out_yn00,0.7026
99,OG2370.out_yn00,0.2169
100,OG1844.out_yn00,0.1175
101,OG3468.out_yn00,0.1287
102,OG1588.out_yn00,0.1223
103,OG3376.out_yn00,0.3284
104,OG1375.out_yn00,0.0657
105,OG4424.out_yn00,0.1901
106,OG3167.out_yn00,0.371
107,OG2634.out_yn00,0.2644
108,OG1826.out_yn00,0.5092
109,OG4228.out_yn00,0.5849
110,OG2474.out_yn00,1.2978
111,OG3115.out_yn00,0.1055
112,OG4027.out_yn00,0.3443
113,OG4273.out_yn00,0.2
114,OG4432.out_yn00,0.1449
115,OG2694.out_yn00,0.0815
116,OG3884.out_yn00,0.2296
117,OG2681.out_yn00,0.1038
118,OG1404.out_yn00,0.2138
119,OG1525.out_yn00,0.165
120,OG3085.out_yn00,0.1949
121,OG1871.out_yn00,0.0339
122,OG4140.out_yn00,0.0877
123,OG2515.out_yn00,0.1468
124,OG1412.out_yn00,0.0833
125,OG1890.out_yn00,0.3299
126,OG4346.out_yn00,0.1544
127,OG2881.out_yn00,0.1947
128,OG4044.out_yn00,0.0963
129,OG2905.out_yn00,0.1499
130,OG1414.out_yn00,0.1333
131,OG4449.out_yn00,0.5341
132,OG4316.out_yn00,0.1555
133,OG4340.out_yn00,0.2191
134,OG3926.out_yn00,0.1917
135,OG4126.out_yn00,0.2859
136,OG2540.out_yn00,0.2134
137,OG1666.out_yn00,0.7398
138,OG1811.out_yn00,0.1716
139,OG3320.out_yn00,0.1917
140,OG3186.out_yn00,0.2175
141,OG2473.out_yn00,0.4718
142,OG3702.out_yn00,0.0756
143,OG4920.out_yn00,0.181
144,OG2286.out_yn00,0.1395
145,OG3853.out_yn00,0.1766
146,OG2281.out_yn00,0.4818
147,OG2734.out_yn00,0.1489
148,OG1059.out_yn00,0.2348
149,OG3118.out_yn00,0.0824
150,OG1617.out_yn00,0.1702
151,OG4474.out_yn00,0.3625
152,OG1740.out_yn00,0.2508
153,OG1527.out_yn00,0.2786
154,OG3121.out_yn00,0.1209
155,OG3615.out_yn00,0.1038
156,OG4351.out_yn00,0.2186
157,OG3531.out_yn00,0.1059
158,OG2443.out_yn00,0.0983
159,OG1626.out_yn00,0.0656
160,OG1999.out_yn00,0.0523
161,OG1647.out_yn00,0.3093
162,OG3304.out_yn00,0.1904
163,OG2636.out_yn00,0.1244
164,OG3311.out_yn00,0.1466
165,OG1926.out_yn00,0.0822
166,OG2978.out_yn00,0.4279
167,OG2250.out_yn00,0.0761
168,OG2230.out_yn00,0.0867
169,OG3771.out_yn00,0.0838
170,OG1763.out_yn00,0.2667
171,OG1614.out_yn00,0.0923
172,OG1282.out_yn00,0.3858
173,OG3409.out_yn00,0.155
174,OG1583.out_yn00,0.4157
175,OG4133.out_yn00,0.1238
176,OG2485.out_yn00,0.0528
177,OG4556.out_yn00,0.395
178,OG1817.out_yn00,0.0529
179,OG5015.out_yn00,0.2575
180,OG1954.out_yn00,0.1457
181,OG1358.out_yn00,0.0837
182,OG1903.out_yn00,0.3452
183,OG4748.out_yn00,0.2153
184,OG2732.out_yn00,0.2387
185,OG3111.out_yn00,0.1679
186,OG2339.out_yn00,0.1122
187,OG3901.out_yn00,0.3666
188,OG2306.out_yn00,0.4883
189,OG1843.out_yn00,0.1379
190,OG3246.out_yn00,0.137
191,OG2196.out_yn00,0.2388
192,OG2689.out_yn00,0.4967
193,OG4035.out_yn00,0.3247
194,OG4547.out_yn00,0.14
195,OG1257.out_yn00,0.2003
196,OG1508.out_yn00,0.1815
197,OG1346.out_yn00,0.1144
198,OG2562.out_yn00,0.2457
199,OG2747.out_yn00,0.0737
200,OG1657.out_yn00,0.1002
201,OG1128.out_yn00,0.1845
202,OG2195.out_yn00,0.2386
203,OG4242.out_yn00,0.2071
204,OG4778.out_yn00,0.1799
205,OG3844.out_yn00,0.2
206,OG1962.out_yn00,0.2579
207,OG1227.out_yn00,0.1009
208,OG1367.out_yn00,0.3847
209,OG3471.out_yn00,0.4206
210,OG4819.out_yn00,0.4749
211,OG4274.out_yn00,0.2774
212,OG2416.out_yn00,0.1085
213,OG2094.out_yn00,0.1215
214,OG2437.out_yn00,0.1
215,OG4289.out_yn00,0.1549
216,OG4105.out_yn00,0.4181
217,OG1349.out_yn00,0.1496
218,OG1535.out_yn00,0.1023
219,OG2498.out_yn00,0.0937
220,OG2638.out_yn00,0.3719
221,OG2602.out_yn00,0.2067
222,OG3656.out_yn00,0.2878
223,OG1650.out_yn00,0.201
224,OG2193.out_yn00,0.0998
225,OG4060.out_yn00,0.1775
226,OG4281.out_yn00,0.2389
227,OG1651.out_yn00,0.0608
228,OG3620.out_yn00,0.2222
229,OG3303.out_yn00,0.2649
230,OG4213.out_yn00,0.4036
231,OG3052.out_yn00,0.3417
232,OG1504.out_yn00,0.2809
233,OG2783.out_yn00,0.1078
234,OG3333.out_yn00,0.1625
235,OG4949.out_yn00,0.1783
236,OG3577.out_yn00,0.3666
237,OG4319.out_yn00,0.3277
238,OG2629.out_yn00,0.1096
239,OG3413.out_yn00,0.149
240,OG2975.out_yn00,0.3348
241,OG3624.out_yn00,0.224
242,OG1271.out_yn00,0.1932
243,OG3411.out_yn00,0.5894
244,OG2126.out_yn00,0.1041
245,OG1545.out_yn00,0.1455
246,OG1944.out_yn00,0.1454
247,OG1208.out_yn00,0.2818
248,OG3755.out_yn00,0.7602
249,OG1251.out_yn00,0.3794
250,OG3247.out_yn00,0.2494
251,OG2255.out_yn00,0.3388
252,OG1275.out_yn00,0.1119
253,OG1313.out_yn00,0.04
254,OG3972.out_yn00,0.3157
255,OG3456.out_yn00,0.1655
256,OG3543.out_yn00,0.1153
257,OG4698.out_yn00,0.9556
258,OG4794.out_yn00,0.1912
259,OG4302.out_yn00,0.2912
260,OG2246.out_yn00,0.2947
261,OG3983.out_yn00,0.5155
262,OG2008.out_yn00,0.1118
263,OG3386.out_yn00,0.3465
264,OG4255.out_yn00,0.2129
265,OG2799.out_yn00,0.9375
266,OG1859.out_yn00,0.1014
267,OG3936.out_yn00,0.2103
268,OG2588.out_yn00,0.0173
269,OG1898.out_yn00,0.1082
270,OG2009.out_yn00,0.3
271,OG2823.out_yn00,0.1883
272,OG2763.out_yn00,0.3867
273,OG2139.out_yn00,0.3386
274,OG2408.out_yn00,0.5378
275,OG1058.out_yn00,0.1167
276,OG1060.out_yn00,0.0536
277,OG3319.out_yn00,0.141
278,OG1289.out_yn00,0.3397
279,OG4243.out_yn00,0.3274
280,OG2806.out_yn00,0.5118
281,OG2639.out_yn00,0.2232
282,OG1263.out_yn00,0.3041
283,OG5354.out_yn00,0.5227
284,OG2680.out_yn00,0.2668
285,OG3250.out_yn00,0.2241
286,OG3557.out_yn00,0.3077
287,OG1587.out_yn00,0.2505
288,OG2715.out_yn00,0.3292
289,OG4053.out_yn00,0.4425
290,OG4259.out_yn00,0.1848
291,OG2123.out_yn00,0.1747
292,OG3210.out_yn00,0.1246
293,OG1808.out_yn00,0.1423
294,OG2147.out_yn00,0.2601
295,OG4327.out_yn00,0.9906
296,OG2853.out_yn00,0.2656
297,OG1451.out_yn00,0.055
298,OG3977.out_yn00,0.1969
299,OG2003.out_yn00,0.062
300,OG3913.out_yn00,0.1806
301,OG1447.out_yn00,0.2204
302,OG2934.out_yn00,0.2621
303,OG4383.out_yn00,0.3011
304,OG1519.out_yn00,0.1953
305,OG3174.out_yn00,0.1288
306,OG2026.out_yn00,0.1937
307,OG2481.out_yn00,0.3108
308,OG3393.out_yn00,0.1884
309,OG3136.out_yn00,0.1549
310,OG1045.out_yn00,0.1014
311,OG1472.out_yn00,0.1508
312,OG3477.out_yn00,0.4493
313,OG3817.out_yn00,0.7728
314,OG1129.out_yn00,0.0955
315,OG3721.out_yn00,0.1314
316,OG2847.out_yn00,0.0494
317,OG5140.out_yn00,0.1552
318,OG1454.out_yn00,0.1467
319,OG1332.out_yn00,0.0481
320,OG2178.out_yn00,0.4369
321,OG3956.out_yn00,0.4962
322,OG4245.out_yn00,0.3431
323,OG3528.out_yn00,0.1759
324,OG2792.out_yn00,0.3041
325,OG11340.out_yn00,0.0844
326,OG1753.out_yn00,0.1879
327,OG4151.out_yn00,0.1491
328,OG7593.out_yn00,0.1643
329,OG4627.out_yn00,0.1716
330,OG3157.out_yn00,0.6556
331,OG2034.out_yn00,0.155
332,OG2450.out_yn00,0.1182
333,OG2220.out_yn00,0.5208
334,OG1309.out_yn00,0.4643
335,OG1474.out_yn00,0.2827
336,OG1177.out_yn00,0.0837
337,OG2205.out_yn00,0.1218
338,OG3420.out_yn00,0.1411
339,OG2406.out_yn00,0.2012
340,OG1214.out_yn00,0.1813
341,OG1127.out_yn00,0.0791
342,OG2570.out_yn00,0.4156
343,OG1589.out_yn00,0.1281
344,OG6233.out_yn00,0.0794
345,OG1870.out_yn00,0.0797
346,OG1179.out_yn00,0.1096
347,OG1742.out_yn00,0.1316
348,OG1794.out_yn00,0.1233
349,OG2512.out_yn00,0.0706
350,OG4917.out_yn00,0.3681
351,OG2565.out_yn00,0.1252
352,OG3643.out_yn00,0.1153
353,OG4047.out_yn00,0.4037
354,OG2852.out_yn00,0.1203
355,OG4379.out_yn00,0.216
356,OG1805.out_yn00,0.4816
357,OG3198.out_yn00,0.6995
358,OG3010.out_yn00,0.4788
359,OG3759.out_yn00,0.437
360,OG3293.out_yn00,0.152
361,OG1255.out_yn00,0.1003
362,OG3225.out_yn00,0.5519
363,OG1264.out_yn00,0.1882
364,OG4780.out_yn00,0.1452
365,OG2760.out_yn00,0.112
366,OG4200.out_yn00,0.2942
367,OG4927.out_yn00,0.4069
368,OG3517.out_yn00,0.3886
369,OG4626.out_yn00,0.2358
370,OG3641.out_yn00,0.3983
371,OG1809.out_yn00,0.1023
372,OG4860.out_yn00,0.5258
373,OG1978.out_yn00,0.1151
374,OG3069.out_yn00,0.0864
375,OG3558.out_yn00,0.0843
376,OG3331.out_yn00,0.3617
377,OG4959.out_yn00,0.2453
378,OG2622.out_yn00,0.0635
379,OG4052.out_yn00,0.2747
380,OG1203.out_yn00,0.2192
381,OG2739.out_yn00,0.1565
382,OG3850.out_yn00,0.4342
383,OG3006.out_yn00,0.0849
384,OG1552.out_yn00,0.1652
385,OG2327.out_yn00,0.1159
386,OG2004.out_yn00,0.2509
387,OG4188.out_yn00,0.1383
388,OG3684.out_yn00,0.2732
389,OG3272.out_yn00,0.3485
390,OG3780.out_yn00,0.0592
391,OG3548.out_yn00,0.0862
392,OG2407.out_yn00,0.3471
393,OG3396.out_yn00,0.1637
394,OG3072.out_yn00,0.1008
395,OG1397.out_yn00,0.1009
396,OG3314.out_yn00,0.1365
397,OG1678.out_yn00,0.3925
398,OG1506.out_yn00,0.1128
399,OG4887.out_yn00,0.1349
400,OG2710.out_yn00,0.4556
401,OG1996.out_yn00,0.1194
402,OG3475.out_yn00,0.1191
403,OG4382.out_yn00,0.2738
404,OG2810.out_yn00,0.2171
405,OG1178.out_yn00,0.1013
406,OG3665.out_yn00,0.3618
407,OG3783.out_yn00,0.254
408,OG5060.out_yn00,0.0048
409,OG2405.out_yn00,0.0481
410,OG1610.out_yn00,0.1013
411,OG4036.out_yn00,0.4814
412,OG2201.out_yn00,0.3729
413,OG2677.out_yn00,0.1765
414,OG1752.out_yn00,0.0712
415,OG1156.out_yn00,0.1775
416,OG3836.out_yn00,0.1175
417,OG4261.out_yn00,0.1857
418,OG2691.out_yn00,0.4586
419,OG2033.out_yn00,0.1425
420,OG1738.out_yn00,0.0793
421,OG3789.out_yn00,0.1765
422,OG1988.out_yn00,0.0462
423,OG2046.out_yn00,0.1213
424,OG4323.out_yn00,0.1418
425,OG1046.out_yn00,0.0716
426,OG1619.out_yn00,0.1066
427,OG1530.out_yn00,0.4332
428,OG2384.out_yn00,0.238
429,OG1259.out_yn00,0.8928
430,OG3866.out_yn00,0.3593
431,OG2334.out_yn00,0.1332
432,OG1636.out_yn00,0.5253
433,OG3245.out_yn00,0.1655
434,OG3679.out_yn00,0.2846
435,OG2781.out_yn00,0.1351
436,OG2830.out_yn00,0.3424
437,OG4613.out_yn00,99.0
438,OG3489.out_yn00,0.1548
439,OG1374.out_yn00,0.0866
440,OG1974.out_yn00,0.203
441,OG1720.out_yn00,0.1803
442,OG1148.out_yn00,0.225
443,OG1827.out_yn00,0.1117
444,OG1166.out_yn00,0.0502
445,OG3660.out_yn00,0.2694
446,OG1507.out_yn00,0.1901
447,OG3905.out_yn00,0.6151
448,OG4168.out_yn00,0.3388
449,OG3469.out_yn00,0.5678
450,OG1100.out_yn00,0.1383
451,OG3382.out_yn00,0.1676
452,OG3814.out_yn00,0.1348
453,OG2191.out_yn00,0.0684
454,OG4406.out_yn00,0.1324
455,OG2553.out_yn00,0.2734
456,OG4421.out_yn00,0.2406
457,OG1631.out_yn00,0.2634
458,OG2418.out_yn00,0.0669
459,OG2329.out_yn00,0.101
460,OG2770.out_yn00,0.0929
461,OG3511.out_yn00,0.1522
462,OG1136.out_yn00,0.1732
463,OG1383.out_yn00,0.1485
464,OG1939.out_yn00,0.1247
465,OG1068.out_yn00,0.3498
466,OG3398.out_yn00,0.1891
467,OG3743.out_yn00,0.2841
468,OG4580.out_yn00,0.092
469,OG4218.out_yn00,0.0468
470,OG1643.out_yn00,0.0033
471,OG3553.out_yn00,0.2667
472,OG2955.out_yn00,0.2286
473,OG4552.out_yn00,0.2105
474,OG4312.out_yn00,0.0
475,OG3312.out_yn00,0.1344
476,OG2786.out_yn00,0.1829
477,OG1071.out_yn00,0.2525
478,OG1333.out_yn00,0.0743
479,OG1217.out_yn00,0.0809
480,OG2593.out_yn00,0.1316
481,OG5145.out_yn00,0.5835
482,OG2436.out_yn00,0.1637
483,OG4059.out_yn00,0.1415
484,OG1548.out_yn00,0.0964
485,OG1834.out_yn00,0.0796
486,OG1887.out_yn00,0.1554
487,OG1170.out_yn00,0.4362
488,OG2081.out_yn00,0.1147
489,OG2059.out_yn00,0.0767
490,OG1955.out_yn00,0.3377
491,OG2925.out_yn00,0.2004
492,OG2916.out_yn00,0.1217
493,OG2110.out_yn00,0.3594
494,OG3330.out_yn00,0.1446
495,OG3934.out_yn00,0.4462
496,OG1715.out_yn00,0.3184
497,OG3287.out_yn00,0.1156
498,OG3139.out_yn00,0.233
499,OG2240.out_yn00,0.2197
500,OG2328.out_yn00,0.2031
501,OG2099.out_yn00,0.2218
502,OG3739.out_yn00,0.2776
503,OG4142.out_yn00,0.3253
504,OG1523.out_yn00,0.4147
505,OG1355.out_yn00,0.0652
506,OG3550.out_yn00,0.2668
507,OG4513.out_yn00,0.2138
508,OG2774.out_yn00,0.025
509,OG3270.out_yn00,0.3458
510,OG2976.out_yn00,0.2033
511,OG3104.out_yn00,0.261
512,OG4502.out_yn00,0.3262
513,OG1173.out_yn00,0.5061
514,OG1908.out_yn00,0.2398
515,OG1348.out_yn00,0.18
516,OG2035.out_yn00,0.0888
517,OG4537.out_yn00,0.2587
518,OG2058.out_yn00,0.0791
519,OG3148.out_yn00,0.4127
520,OG1293.out_yn00,0.1936
521,OG3744.out_yn00,0.2828
522,OG4153.out_yn00,0.0911
523,OG4581.out_yn00,0.163
524,OG3494.out_yn00,0.2392
525,OG3839.out_yn00,0.1299
526,OG1770.out_yn00,0.1831
527,OG3298.out_yn00,0.1482
528,OG2125.out_yn00,0.3398
529,OG2288.out_yn00,0.1319
530,OG4321.out_yn00,0.1086
531,OG3212.out_yn00,0.4501
532,OG3592.out_yn00,0.1026
533,OG1424.out_yn00,0.3412
534,OG4252.out_yn00,0.3033
535,OG2779.out_yn00,0.1152
536,OG1593.out_yn00,0.113
537,OG1001.out_yn00,0.0596
538,OG4339.out_yn00,0.181
539,OG2119.out_yn00,0.2397
540,OG1644.out_yn00,0.1852
541,OG2538.out_yn00,0.1388
542,OG2566.out_yn00,0.1195
543,OG2528.out_yn00,0.3383
544,OG5058.out_yn00,0.1134
545,OG3902.out_yn00,0.3686
546,OG2242.out_yn00,0.0876
547,OG1828.out_yn00,0.2041
548,OG2657.out_yn00,0.4219
549,OG2319.out_yn00,0.217
550,OG2121.out_yn00,0.0291
551,OG1602.out_yn00,0.295
552,OG2864.out_yn00,0.2154
553,OG2117.out_yn00,0.2175
554,OG1557.out_yn00,0.1874
555,OG1853.out_yn00,0.2577
556,OG4073.out_yn00,0.1918
557,OG2865.out_yn00,0.2163
558,OG2352.out_yn00,0.2533
559,OG2965.out_yn00,0.2189
560,OG3711.out_yn00,0.3852
561,OG2501.out_yn00,0.3961
562,OG2953.out_yn00,0.0895
563,OG5428.out_yn00,0.1834
564,OG2627.out_yn00,0.1774
565,OG1318.out_yn00,0.2462
566,OG1221.out_yn00,0.4876
567,OG2426.out_yn00,0.3699
568,OG1190.out_yn00,0.3629
569,OG1115.out_yn00,0.0812
570,OG1924.out_yn00,0.2201
571,OG2277.out_yn00,0.2895
572,OG7451.out_yn00,0.1374
573,OG3859.out_yn00,0.2072
574,OG2728.out_yn00,0.5363
575,OG2543.out_yn00,0.0372
576,OG3803.out_yn00,0.199
577,OG2609.out_yn00,0.1636
578,OG2150.out_yn00,0.4515
579,OG1082.out_yn00,0.284
580,OG1820.out_yn00,0.088
581,OG3646.out_yn00,0.1307
582,OG3851.out_yn00,0.2016
583,OG2897.out_yn00,0.3996
584,OG4189.out_yn00,0.4961
585,OG3987.out_yn00,0.136
586,OG3695.out_yn00,0.1973
587,OG1705.out_yn00,0.2293
588,OG2947.out_yn00,0.404
589,OG1037.out_yn00,0.0709
590,OG3355.out_yn00,0.1848
591,OG4616.out_yn00,0.1194
592,OG1056.out_yn00,0.1132
593,OG1388.out_yn00,0.0577
594,OG4123.out_yn00,0.3417
595,OG1579.out_yn00,0.2606
596,OG3791.out_yn00,0.1627
597,OG3598.out_yn00,0.5008
598,OG2857.out_yn00,0.1073
599,OG1266.out_yn00,0.0893
600,OG3573.out_yn00,0.1601
601,OG1356.out_yn00,0.289
602,OG4999.out_yn00,0.2149
603,OG1494.out_yn00,0.1349
604,OG1305.out_yn00,0.2085
605,OG4084.out_yn00,0.2433
606,OG4807.out_yn00,0.1119
607,OG3277.out_yn00,0.1535
608,OG2463.out_yn00,0.2891
609,OG1634.out_yn00,0.0834
610,OG3259.out_yn00,0.3009
611,OG4235.out_yn00,0.0851
612,OG4989.out_yn00,0.2749
613,OG1272.out_yn00,0.1069
614,OG2379.out_yn00,0.0748
615,OG2826.out_yn00,0.1585
616,OG5241.out_yn00,0.2145
617,OG1423.out_yn00,0.1048
618,OG2595.out_yn00,0.5632
619,OG3937.out_yn00,0.0918
620,OG1957.out_yn00,0.215
621,OG4072.out_yn00,0.1134
622,OG3384.out_yn00,0.4016
623,OG1857.out_yn00,0.0586
624,OG3722.out_yn00,0.1221
625,OG1638.out_yn00,0.0852
626,OG3441.out_yn00,0.0815
627,OG2411.out_yn00,0.0882
628,OG2744.out_yn00,0.1407
629,OG2825.out_yn00,0.085
630,OG4170.out_yn00,0.1817
631,OG3018.out_yn00,0.1943
632,OG2369.out_yn00,0.2046
633,OG2466.out_yn00,0.1042
634,OG2559.out_yn00,0.1041
635,OG3719.out_yn00,0.3121
636,OG2654.out_yn00,0.1182
637,OG2233.out_yn00,0.5319
638,OG4136.out_yn00,0.1466
639,OG1686.out_yn00,0.1105
640,OG2151.out_yn00,0.1446
641,OG1756.out_yn00,0.09
642,OG5096.out_yn00,0.0741
643,OG4558.out_yn00,0.306
644,OG2373.out_yn00,0.3576
645,OG1111.out_yn00,0.1204
646,OG4710.out_yn00,0.145
647,OG3618.out_yn00,0.1989
648,OG2030.out_yn00,0.127
649,OG4951.out_yn00,0.3262
650,OG1605.out_yn00,0.1098
651,OG4128.out_yn00,0.4171
652,OG1852.out_yn00,0.0766
653,OG2788.out_yn00,0.1129
654,OG2842.out_yn00,0.3661
655,OG2626.out_yn00,0.4606
656,OG3036.out_yn00,0.1074
657,OG4715.out_yn00,0.4263
658,OG1053.out_yn00,0.2063
659,OG1935.out_yn00,0.0561
660,OG3457.out_yn00,0.3835
661,OG1362.out_yn00,0.2364
662,OG3165.out_yn00,0.1849
663,OG2064.out_yn00,0.1184
664,OG2097.out_yn00,0.2521
665,OG4028.out_yn00,0.2637
666,OG1371.out_yn00,0.26
667,OG2385.out_yn00,0.817
668,OG2673.out_yn00,0.1589
669,OG1639.out_yn00,0.1201
670,OG3589.out_yn00,0.1174
671,OG2522.out_yn00,0.2173
672,OG1497.out_yn00,0.1315
673,OG4091.out_yn00,0.2768
674,OG1776.out_yn00,0.0283
675,OG3933.out_yn00,0.5556
676,OG1366.out_yn00,0.1348
677,OG1537.out_yn00,0.0773
678,OG3952.out_yn00,0.1589
679,OG3982.out_yn00,0.388
680,OG1464.out_yn00,0.0757
681,OG5095.out_yn00,0.1808
682,OG2684.out_yn00,0.1149
683,OG1081.out_yn00,0.3659
684,OG3727.out_yn00,0.1967
685,OG1590.out_yn00,0.2292
686,OG1965.out_yn00,0.2099
687,OG3994.out_yn00,0.1323
688,OG1958.out_yn00,0.505
689,OG3862.out_yn00,0.1981
690,OG1952.out_yn00,0.1562
691,OG2325.out_yn00,0.2619
692,OG5126.out_yn00,0.1334
693,OG2822.out_yn00,0.0741
694,OG2796.out_yn00,0.3711
695,OG1869.out_yn00,0.1962
696,OG1684.out_yn00,0.1272
697,OG3808.out_yn00,0.2044
698,OG1439.out_yn00,0.1585
699,OG3059.out_yn00,0.3653
700,OG3127.out_yn00,0.3044
701,OG2548.out_yn00,0.4563
702,OG4371.out_yn00,0.1607
703,OG3423.out_yn00,0.1058
704,OG1390.out_yn00,0.0761
705,OG2489.out_yn00,0.3311
706,OG1380.out_yn00,0.231
707,OG3639.out_yn00,0.135
708,OG2442.out_yn00,0.053
709,OG3607.out_yn00,0.3964
710,OG2208.out_yn00,0.3688
711,OG4306.out_yn00,0.3401
712,OG2076.out_yn00,0.3912
713,OG1911.out_yn00,0.0848
714,OG3942.out_yn00,0.1613
715,OG2393.out_yn00,0.1371
716,OG1754.out_yn00,0.3006
717,OG4280.out_yn00,0.5734
718,OG2241.out_yn00,0.1143
719,OG1085.out_yn00,0.1389
720,OG3042.out_yn00,0.1773
721,OG4204.out_yn00,0.1987
722,OG1895.out_yn00,0.1526
723,OG1386.out_yn00,0.1356
724,OG1236.out_yn00,0.1718
725,OG3166.out_yn00,0.3663
726,OG1089.out_yn00,0.028
727,OG2153.out_yn00,0.1214
728,OG3560.out_yn00,0.1649
729,OG1468.out_yn00,0.1124
730,OG2320.out_yn00,0.1045
731,OG3352.out_yn00,0.2863
732,OG2943.out_yn00,0.302
733,OG3208.out_yn00,0.1178
734,OG3675.out_yn00,0.2412
735,OG3163.out_yn00,0.2102
736,OG3487.out_yn00,0.0981
737,OG2054.out_yn00,0.0397
738,OG4111.out_yn00,0.2273
739,OG2938.out_yn00,0.3677
740,OG2302.out_yn00,0.1729
741,OG2229.out_yn00,0.0867
742,OG1702.out_yn00,0.1544
743,OG1569.out_yn00,0.1996
744,OG4107.out_yn00,0.2168
745,OG3372.out_yn00,0.3207
746,OG1157.out_yn00,0.1577
747,OG1927.out_yn00,0.138
748,OG2835.out_yn00,0.2726
749,OG2496.out_yn00,0.1377
750,OG1946.out_yn00,0.1261
751,OG2159.out_yn00,0.167
752,OG4427.out_yn00,0.1509
753,OG1039.out_yn00,0.1189
754,OG2344.out_yn00,0.3242
755,OG1095.out_yn00,0.1163
756,OG2425.out_yn00,0.0791
757,OG3848.out_yn00,0.1665
758,OG4092.out_yn00,0.1899
759,OG4412.out_yn00,0.2178
760,OG4026.out_yn00,0.1807
761,OG1578.out_yn00,0.2871
762,OG2765.out_yn00,0.0904
763,OG1074.out_yn00,0.4477
764,OG4754.out_yn00,0.0966
765,OG2597.out_yn00,0.3153
766,OG3963.out_yn00,0.2062
767,OG3960.out_yn00,0.5512
768,OG1714.out_yn00,0.1864
769,OG3760.out_yn00,0.145
770,OG3379.out_yn00,0.3571
771,OG2105.out_yn00,0.0575
772,OG3824.out_yn00,0.1178
773,OG4055.out_yn00,0.2026
774,OG1023.out_yn00,0.2972
775,OG1577.out_yn00,0.1944
776,OG1745.out_yn00,0.1464
777,OG3190.out_yn00,0.2024
778,OG3924.out_yn00,0.1883
779,OG2118.out_yn00,0.0358
780,OG4006.out_yn00,0.114
781,OG4733.out_yn00,0.4134
782,OG3631.out_yn00,0.0931
783,OG2493.out_yn00,0.3307
784,OG3766.out_yn00,0.1443
785,OG3209.out_yn00,0.1277
786,OG3026.out_yn00,0.1582
787,OG1204.out_yn00,0.1011
788,OG1683.out_yn00,0.0857
789,OG1764.out_yn00,0.1145
790,OG2718.out_yn00,0.101
791,OG3943.out_yn00,0.1917
792,OG1163.out_yn00,0.2987
793,OG1773.out_yn00,0.4914
794,OG3378.out_yn00,0.1886
795,OG1533.out_yn00,0.0407
796,OG1839.out_yn00,0.0531
797,OG3944.out_yn00,0.4186
798,OG3919.out_yn00,0.4057
799,OG2368.out_yn00,0.1452
800,OG4008.out_yn00,0.3185
801,OG3903.out_yn00,0.206
802,OG1970.out_yn00,0.4134
803,OG1517.out_yn00,0.0977
804,OG3787.out_yn00,0.1616
805,OG1392.out_yn00,0.0697
806,OG3505.out_yn00,0.1515
807,OG4330.out_yn00,0.236
808,OG1981.out_yn00,0.2007
809,OG1116.out_yn00,0.1569
810,OG3401.out_yn00,0.199
811,OG3891.out_yn00,0.1243
812,OG2712.out_yn00,0.2053
813,OG3288.out_yn00,0.2104
814,OG2293.out_yn00,0.1207
815,OG4744.out_yn00,0.2146
816,OG3024.out_yn00,0.1451
817,OG5092.out_yn00,0.4189
818,OG2318.out_yn00,0.1914
819,OG4260.out_yn00,0.0923
820,OG2696.out_yn00,0.0612
821,OG2619.out_yn00,0.243
822,OG3707.out_yn00,0.1441
823,OG3644.out_yn00,0.2087
824,OG3481.out_yn00,0.1193
825,OG3769.out_yn00,0.1755
826,OG3596.out_yn00,0.1641
827,OG1747.out_yn00,0.473
828,OG2989.out_yn00,0.0669
829,OG1352.out_yn00,0.2798
830,OG4418.out_yn00,0.2348
831,OG2348.out_yn00,0.1759
832,OG1656.out_yn00,0.021
833,OG2735.out_yn00,0.0594
834,OG1228.out_yn00,0.0751
835,OG1455.out_yn00,0.1673
836,OG4937.out_yn00,0.3712
837,OG5932.out_yn00,0.3365
838,OG3192.out_yn00,0.2768
839,OG3449.out_yn00,0.138
840,OG2154.out_yn00,0.3415
841,OG1979.out_yn00,0.0725
842,OG1987.out_yn00,0.124
843,OG3664.out_yn00,0.1497
844,OG2526.out_yn00,0.2085
845,OG1772.out_yn00,0.1501
846,OG3351.out_yn00,0.1627
847,OG1350.out_yn00,0.0811
848,OG2304.out_yn00,0.0352
849,OG4413.out_yn00,0.0909
850,OG1591.out_yn00,0.0508
851,OG1347.out_yn00,0.3848
852,OG1103.out_yn00,0.0511
853,OG3958.out_yn00,0.269
854,OG4231.out_yn00,0.109
855,OG2745.out_yn00,0.3364
856,OG4865.out_yn00,0.2547
857,OG2400.out_yn00,0.3343
858,OG4817.out_yn00,0.8058
859,OG3446.out_yn00,0.5852
860,OG2074.out_yn00,0.1845
861,OG4520.out_yn00,0.158
862,OG1883.out_yn00,0.0769
863,OG2029.out_yn00,0.1584
864,OG2875.out_yn00,0.319
865,OG1751.out_yn00,0.2404
866,OG1254.out_yn00,0.0
867,OG1242.out_yn00,0.1807
868,OG2888.out_yn00,0.2214
869,OG2502.out_yn00,0.0278
870,OG3907.out_yn00,0.1253
871,OG1565.out_yn00,0.0704
872,OG1015.out_yn00,0.0657
873,OG1850.out_yn00,0.3662
874,OG2789.out_yn00,0.1817
875,OG1788.out_yn00,0.2111
876,OG2755.out_yn00,0.1557
877,OG1406.out_yn00,0.1355
878,OG4504.out_yn00,0.2586
879,OG2717.out_yn00,0.0993
880,OG4417.out_yn00,0.8662
881,OG3110.out_yn00,0.1618
882,OG3651.out_yn00,0.1193
883,OG4127.out_yn00,0.3128
884,OG2884.out_yn00,0.2602
885,OG4054.out_yn00,0.22
886,OG4360.out_yn00,0.0973
887,OG3434.out_yn00,0.323
888,OG2041.out_yn00,0.0767
889,OG3601.out_yn00,0.1552
890,OG2494.out_yn00,0.1963
891,OG4207.out_yn00,0.237
892,OG1014.out_yn00,0.2953
893,OG3621.out_yn00,0.2983
894,OG4277.out_yn00,0.2184
895,OG3448.out_yn00,0.1483
896,OG3970.out_yn00,0.2062
897,OG4343.out_yn00,0.2223
898,OG4974.out_yn00,0.051
899,OG1083.out_yn00,0.4148
900,OG1541.out_yn00,0.0896
901,OG1778.out_yn00,0.0692
902,OG3307.out_yn00,0.1344
903,OG5569.out_yn00,0.5556
904,OG2676.out_yn00,0.1072
905,OG2371.out_yn00,0.1323
906,OG3588.out_yn00,0.352
907,OG5635.out_yn00,0.0183
908,OG2814.out_yn00,0.3489
909,OG2079.out_yn00,0.148
910,OG3895.out_yn00,0.3883
911,OG1986.out_yn00,0.1135
912,OG4294.out_yn00,0.2881
913,OG2430.out_yn00,0.3245
914,OG3747.out_yn00,0.1166
915,OG3686.out_yn00,0.155
916,OG2018.out_yn00,0.0791
917,OG1612.out_yn00,0.1909
918,OG1710.out_yn00,0.1764
919,OG2173.out_yn00,0.3399
920,OG3846.out_yn00,0.0672
921,OG2100.out_yn00,0.257
922,OG4881.out_yn00,0.3085
923,OG3185.out_yn00,0.0883
924,OG2951.out_yn00,0.1159
925,OG3871.out_yn00,0.2522
926,OG3217.out_yn00,0.5479
927,OG3611.out_yn00,0.5009
928,OG2012.out_yn00,0.1986
929,OG3540.out_yn00,0.1296
930,OG3251.out_yn00,0.0689
931,OG1291.out_yn00,0.2095
932,OG1500.out_yn00,0.0686
933,OG1158.out_yn00,0.0967
934,OG3741.out_yn00,0.5486
935,OG3492.out_yn00,0.0464
936,OG1394.out_yn00,0.2382
937,OG1413.out_yn00,0.0964
938,OG1814.out_yn00,0.1089
939,OG2750.out_yn00,0.1982
940,OG2124.out_yn00,0.2056
941,OG4596.out_yn00,0.4747
942,OG4156.out_yn00,0.2908
943,OG4272.out_yn00,0.1829
944,OG1233.out_yn00,0.0971
945,OG2761.out_yn00,0.1702
946,OG2050.out_yn00,0.0339
947,OG1010.out_yn00,0.2897
948,OG3338.out_yn00,0.1038
949,OG1836.out_yn00,0.0748
950,OG3273.out_yn00,0.1157
951,OG2069.out_yn00,0.0391
952,OG1006.out_yn00,0.0384
953,OG3499.out_yn00,0.344
954,OG3809.out_yn00,0.1298
955,OG2248.out_yn00,0.067
956,OG4602.out_yn00,0.1993
957,OG4296.out_yn00,0.2442
958,OG2132.out_yn00,0.1991
959,OG2394.out_yn00,0.2515
960,OG2209.out_yn00,0.2662
961,OG3692.out_yn00,0.2052
962,OG4635.out_yn00,0.5879
963,OG2482.out_yn00,0.083
964,OG3837.out_yn00,0.1642
965,OG2671.out_yn00,0.1027
966,OG3067.out_yn00,0.3516
967,OG1183.out_yn00,0.2234
968,OG2722.out_yn00,0.1387
969,OG2346.out_yn00,0.1297
970,OG1206.out_yn00,0.451
971,OG2998.out_yn00,0.3491
972,OG2846.out_yn00,0.1905
973,OG3453.out_yn00,0.0022
974,OG2027.out_yn00,0.0777
975,OG1575.out_yn00,0.1421
976,OG3242.out_yn00,0.6198
977,OG4969.out_yn00,0.3378
978,OG2995.out_yn00,0.1593
979,OG2663.out_yn00,0.1498
980,OG4524.out_yn00,0.3091
981,OG3381.out_yn00,0.5149
982,OG3140.out_yn00,0.1943
983,OG2872.out_yn00,0.6319
984,OG2192.out_yn00,0.2411
985,OG4275.out_yn00,0.1961
986,OG1775.out_yn00,0.1274
987,OG3761.out_yn00,0.1513
988,OG1757.out_yn00,0.0357
989,OG2162.out_yn00,0.1309
990,OG1574.out_yn00,0.283
991,OG2518.out_yn00,0.275
992,OG1298.out_yn00,0.1848
993,OG3899.out_yn00,0.0707
994,OG2316.out_yn00,0.2135
995,OG3048.out_yn00,0.0895
996,OG3435.out_yn00,0.168
997,OG2103.out_yn00,0.0561
998,OG1521.out_yn00,0.122
999,OG2174.out_yn00,0.1215
1000,OG4276.out_yn00,0.4106
1001,OG3281.out_yn00,0.2404
1002,OG4076.out_yn00,0.5213
1003,OG3572.out_yn00,0.1676
1004,OG3019.out_yn00,0.2233
1005,OG3945.out_yn00,0.4339
1006,OG2549.out_yn00,0.2876
1007,OG3794.out_yn00,0.152
1008,OG3114.out_yn00,0.1489
1009,OG1220.out_yn00,0.2904
1010,OG2672.out_yn00,0.4142
1011,OG4664.out_yn00,0.3715
1012,OG2392.out_yn00,0.2009
1013,OG2228.out_yn00,0.1414
1014,OG1393.out_yn00,0.1423
1015,OG4483.out_yn00,0.2361
1016,OG4292.out_yn00,0.1504
1017,OG1234.out_yn00,0.4548
1018,OG3849.out_yn00,0.5181
1019,OG4861.out_yn00,0.2178
1020,OG3066.out_yn00,0.2345
1021,OG4096.out_yn00,0.2769
1022,OG1543.out_yn00,0.2004
1023,OG2827.out_yn00,0.1711
1024,OG3923.out_yn00,0.1899
1025,OG4803.out_yn00,0.488
1026,OG1055.out_yn00,0.0628
1027,OG3074.out_yn00,0.1832
1028,OG3294.out_yn00,0.3365
1029,OG1326.out_yn00,0.1309
1030,OG3400.out_yn00,0.0031
1031,OG1419.out_yn00,0.1991
1032,OG3399.out_yn00,0.1402
1033,OG1823.out_yn00,0.0813
1034,OG3581.out_yn00,0.1277
1035,OG3282.out_yn00,0.3792
1036,OG1848.out_yn00,0.2138
1037,OG2083.out_yn00,0.2375
1038,OG3084.out_yn00,0.4075
1039,OG2049.out_yn00,0.1294
1040,OG4097.out_yn00,0.2925
1041,OG1021.out_yn00,0.2013
1042,OG1784.out_yn00,0.2851
1043,OG4434.out_yn00,0.2204
1044,OG2517.out_yn00,0.1401
1045,OG4211.out_yn00,0.1998
1046,OG1782.out_yn00,0.1094
1047,OG2674.out_yn00,0.1739
1048,OG4516.out_yn00,0.2434
1049,OG2809.out_yn00,0.1679
1050,OG2564.out_yn00,0.3138
1051,OG2010.out_yn00,0.0894
1052,OG4958.out_yn00,0.2021
1053,OG3083.out_yn00,0.0813
1054,OG2380.out_yn00,0.2597
1055,OG1175.out_yn00,0.1568
1056,OG4134.out_yn00,0.3635
1057,OG1581.out_yn00,0.1318
1058,OG3070.out_yn00,0.0256
1059,OG3978.out_yn00,0.1146
1060,OG3935.out_yn00,0.1056
1061,OG3113.out_yn00,0.2363
1062,OG1248.out_yn00,0.3688
1063,OG1418.out_yn00,0.1673
1064,OG3790.out_yn00,0.0654
1065,OG2354.out_yn00,0.2806
1066,OG1872.out_yn00,0.2755
1067,OG2587.out_yn00,0.0875
1068,OG3228.out_yn00,0.1561
1069,OG2048.out_yn00,0.2354
1070,OG2342.out_yn00,0.1301
1071,OG1615.out_yn00,0.3334
1072,OG1563.out_yn00,0.2468
1073,OG3179.out_yn00,0.0827
1074,OG1113.out_yn00,0.4683
1075,OG1755.out_yn00,0.1147
1076,OG1452.out_yn00,0.0501
1077,OG1629.out_yn00,0.1674
1078,OG3389.out_yn00,0.1681
1079,OG2795.out_yn00,0.1375
1080,OG1145.out_yn00,0.2771
1081,OG4098.out_yn00,0.2439
1082,OG3201.out_yn00,0.2012
1083,OG3640.out_yn00,0.2233
1084,OG3436.out_yn00,0.3342
1085,OG3997.out_yn00,0.1254
1086,OG2720.out_yn00,0.1597
1087,OG1317.out_yn00,0.4849
1088,OG2768.out_yn00,0.1002
1089,OG3020.out_yn00,0.092
1090,OG3108.out_yn00,0.0801
1091,OG1420.out_yn00,0.2305
1092,OG1997.out_yn00,0.2074
1093,OG1707.out_yn00,0.1126
1094,OG2614.out_yn00,0.138
1095,OG4467.out_yn00,0.5123
1096,OG2456.out_yn00,0.2698
1097,OG3057.out_yn00,0.1276
1098,OG4049.out_yn00,0.3098
1099,OG2053.out_yn00,0.0505
1100,OG3383.out_yn00,0.3027
1101,OG2182.out_yn00,0.3179
1102,OG3375.out_yn00,0.1679
1103,OG3120.out_yn00,0.0895
1104,OG1990.out_yn00,0.4371
1105,OG1503.out_yn00,0.6106
1106,OG2840.out_yn00,0.1251
1107,OG3772.out_yn00,0.1475
1108,OG3657.out_yn00,0.1567
1109,OG3390.out_yn00,0.329
1110,OG3556.out_yn00,0.3995
1111,OG4197.out_yn00,0.2027
1112,OG1532.out_yn00,0.4446
1113,OG3428.out_yn00,0.5278
1114,OG1524.out_yn00,0.2791
1115,OG3955.out_yn00,0.2779
1116,OG2085.out_yn00,0.0778
1117,OG1960.out_yn00,0.1966
1118,OG2190.out_yn00,0.1213
1119,OG2800.out_yn00,0.2429
1120,OG2664.out_yn00,0.0455
1121,OG4135.out_yn00,0.4495
1122,OG3900.out_yn00,0.2298
1123,OG1668.out_yn00,0.3825
1124,OG2478.out_yn00,0.5627
1125,OG2521.out_yn00,0.1576
1126,OG2089.out_yn00,0.1937
1127,OG2468.out_yn00,0.0303
1128,OG1417.out_yn00,0.2064
1129,OG3712.out_yn00,0.733
1130,OG3745.out_yn00,0.2049
1131,OG1048.out_yn00,0.2141
1132,OG2448.out_yn00,0.4089
1133,OG1878.out_yn00,0.1392
1134,OG3530.out_yn00,0.3556
1135,OG1851.out_yn00,0.1559
1136,OG1884.out_yn00,0.196
1137,OG4505.out_yn00,0.2869
1138,OG4463.out_yn00,0.1964
1139,OG2940.out_yn00,0.0929
1140,OG4491.out_yn00,0.1282
1141,OG2581.out_yn00,0.1844
1142,OG3697.out_yn00,0.2458
1143,OG3017.out_yn00,0.1493
1144,OG3439.out_yn00,0.1349
1145,OG1274.out_yn00,0.3547
1146,OG1918.out_yn00,0.0988
1147,OG2537.out_yn00,0.0668
1148,OG1973.out_yn00,0.4332
1149,OG5075.out_yn00,0.0081
1150,OG2611.out_yn00,0.4765
1151,OG1735.out_yn00,0.3502
1152,OG1213.out_yn00,0.092
1153,OG4146.out_yn00,0.1464
1154,OG2690.out_yn00,0.156
1155,OG2931.out_yn00,0.0086
1156,OG1487.out_yn00,0.0774
1157,OG3149.out_yn00,0.2962
1158,OG1568.out_yn00,0.0332
1159,OG2648.out_yn00,0.3906
1160,OG1106.out_yn00,0.0328
1161,OG3918.out_yn00,0.2064
1162,OG4665.out_yn00,0.0636
1163,OG1991.out_yn00,0.1095
1164,OG2353.out_yn00,0.23
1165,OG1316.out_yn00,0.1401
1166,OG3366.out_yn00,0.1874
1167,OG3954.out_yn00,0.1464
1168,OG4229.out_yn00,0.2055
1169,OG4512.out_yn00,0.239
1170,OG3820.out_yn00,0.148
1171,OG4115.out_yn00,0.1992
1172,OG1905.out_yn00,0.239
1173,OG2568.out_yn00,0.1254
1174,OG2949.out_yn00,0.1319
1175,OG2087.out_yn00,0.1429
1176,OG4100.out_yn00,0.2014
1177,OG3444.out_yn00,0.1401
1178,OG1140.out_yn00,0.5749
1179,OG4518.out_yn00,0.1704
1180,OG2386.out_yn00,0.0664
1181,OG3826.out_yn00,0.1272
1182,OG2708.out_yn00,0.1371
1183,OG1395.out_yn00,0.1526
1184,OG4311.out_yn00,0.2084
1185,OG3894.out_yn00,0.1183
1186,OG2870.out_yn00,0.3943
1187,OG1012.out_yn00,0.2692
1188,OG3124.out_yn00,0.1268
1189,OG3728.out_yn00,0.3517
1190,OG4781.out_yn00,0.158
1191,OG3649.out_yn00,0.2002
1192,OG2969.out_yn00,0.1149
1193,OG2855.out_yn00,0.3821
1194,OG1285.out_yn00,0.3775
1195,OG1138.out_yn00,0.164
1196,OG1625.out_yn00,0.1166
1197,OG1799.out_yn00,0.3904
1198,OG3672.out_yn00,0.4337
1199,OG2738.out_yn00,0.1592
1200,OG3565.out_yn00,0.1124
1201,OG1276.out_yn00,0.1757
1202,OG3703.out_yn00,0.3612
1203,OG3012.out_yn00,0.3527
1204,OG3782.out_yn00,0.1138
1205,OG3613.out_yn00,0.1765
1206,OG1840.out_yn00,0.1057
1207,OG4029.out_yn00,0.2521
1208,OG1505.out_yn00,0.0774
1209,OG2817.out_yn00,0.3119
1210,OG2120.out_yn00,0.1111
1211,OG3227.out_yn00,0.136
1212,OG2253.out_yn00,0.0567
1213,OG1566.out_yn00,0.2163
1214,OG3648.out_yn00,0.6535
1215,OG1187.out_yn00,0.0626
1216,OG2959.out_yn00,0.1061
1217,OG3971.out_yn00,0.164
1218,OG4459.out_yn00,0.2482
1219,OG4840.out_yn00,0.2791
1220,OG4466.out_yn00,0.4034
1221,OG1319.out_yn00,0.2095
1222,OG5136.out_yn00,0.174
1223,OG1841.out_yn00,0.5162
1224,OG1323.out_yn00,0.1025
1225,OG1137.out_yn00,0.0064
1226,OG1584.out_yn00,0.3725
1227,OG2360.out_yn00,0.3026
1228,OG3872.out_yn00,0.6417
1229,OG1914.out_yn00,0.1287
1230,OG1125.out_yn00,0.0782
1231,OG1759.out_yn00,0.2251
1232,OG1131.out_yn00,0.1236
1233,OG4429.out_yn00,0.4289
1234,OG4341.out_yn00,0.3135
1235,OG4172.out_yn00,0.4087
1236,OG4110.out_yn00,0.3453
1237,OG3713.out_yn00,0.1333
1238,OG3290.out_yn00,0.4064
1239,OG4308.out_yn00,0.1504
1240,OG2833.out_yn00,0.1254
1241,OG1896.out_yn00,0.0675
1242,OG3591.out_yn00,0.479
1243,OG4645.out_yn00,0.3605
1244,OG3539.out_yn00,0.1856
1245,OG2247.out_yn00,0.1319
1246,OG5427.out_yn00,0.3665
1247,OG1300.out_yn00,0.0946
1248,OG1567.out_yn00,0.2481
1249,OG1718.out_yn00,0.4014
1250,OG1860.out_yn00,0.0824
1251,OG4171.out_yn00,0.1071
1252,OG1433.out_yn00,0.1102
1253,OG1199.out_yn00,0.1855
1254,OG1436.out_yn00,0.3561
1255,OG2555.out_yn00,0.4384
1256,OG2314.out_yn00,0.4508
1257,OG1677.out_yn00,0.3148
1258,OG1560.out_yn00,0.0957
1259,OG4016.out_yn00,0.2277
1260,OG3341.out_yn00,0.2455
1261,OG4543.out_yn00,0.1588
1262,OG2479.out_yn00,0.2114
1263,OG3039.out_yn00,0.0635
1264,OG3058.out_yn00,0.3863
1265,OG4702.out_yn00,0.1737
1266,OG1118.out_yn00,0.2592
1267,OG1499.out_yn00,0.0954
1268,OG4225.out_yn00,0.3357
1269,OG1796.out_yn00,0.1854
1270,OG2505.out_yn00,0.4377
1271,OG3767.out_yn00,0.1367
1272,OG2422.out_yn00,0.0917
1273,OG3158.out_yn00,0.1432
1274,OG3033.out_yn00,0.4906
1275,OG1694.out_yn00,0.1223
1276,OG3852.out_yn00,0.3068
1277,OG4202.out_yn00,0.2224
1278,OG3077.out_yn00,0.0351
1279,OG2860.out_yn00,0.2958
1280,OG4208.out_yn00,0.0694
1281,OG2701.out_yn00,0.1646
1282,OG2556.out_yn00,0.1828
1283,OG3811.out_yn00,0.1462
1284,OG4515.out_yn00,0.167
1285,OG1147.out_yn00,0.3182
1286,OG2687.out_yn00,0.1058
1287,OG3642.out_yn00,0.247
1288,OG3055.out_yn00,0.1959
1289,OG5118.out_yn00,0.0929
1290,OG1165.out_yn00,0.1235
1291,OG2848.out_yn00,0.1471
1292,OG4301.out_yn00,0.3357
1293,OG1473.out_yn00,0.0784
1294,OG4878.out_yn00,0.2146
1295,OG3947.out_yn00,0.067
1296,OG1258.out_yn00,0.0455
1297,OG1825.out_yn00,0.1031
1298,OG2321.out_yn00,0.1919
1299,OG2620.out_yn00,0.1179
1300,OG1989.out_yn00,0.059
1301,OG4215.out_yn00,0.1365
1302,OG3523.out_yn00,0.4044
1303,OG2402.out_yn00,0.4031
1304,OG3030.out_yn00,0.0976
1305,OG1315.out_yn00,0.1274
1306,OG1621.out_yn00,0.1535
1307,OG2958.out_yn00,0.113
1308,OG1286.out_yn00,0.3811
1309,OG1862.out_yn00,0.0732
1310,OG3564.out_yn00,0.1811
1311,OG2461.out_yn00,0.1395
1312,OG2042.out_yn00,0.0752
1313,OG3551.out_yn00,0.0891
1314,OG3349.out_yn00,0.3964
1315,OG1795.out_yn00,0.2397
1316,OG2390.out_yn00,0.0016
1317,OG2483.out_yn00,0.3179
1318,OG2285.out_yn00,0.1344
1319,OG4002.out_yn00,0.1206
1320,OG3586.out_yn00,0.4177
1321,OG1426.out_yn00,0.1645
1322,OG3248.out_yn00,0.0046
1323,OG1513.out_yn00,0.3123
1324,OG3534.out_yn00,0.0911
1325,OG3998.out_yn00,0.3343
1326,OG2924.out_yn00,0.2567
1327,OG2243.out_yn00,0.1256
1328,OG4525.out_yn00,0.3956
1329,OG3825.out_yn00,0.3572
1330,OG3324.out_yn00,0.5236
1331,OG4349.out_yn00,0.8565
1332,OG1837.out_yn00,0.1601
1333,OG3904.out_yn00,0.191
1334,OG1522.out_yn00,0.2764
1335,OG4043.out_yn00,0.2848
1336,OG1002.out_yn00,0.1324
1337,OG2235.out_yn00,0.1178
1338,OG1237.out_yn00,0.1154
1339,OG1491.out_yn00,0.1068
1340,OG2753.out_yn00,0.2153
1341,OG1320.out_yn00,0.1047
1342,OG3315.out_yn00,0.1969
1343,OG4461.out_yn00,0.3079
1344,OG1940.out_yn00,0.2025
1345,OG4234.out_yn00,0.2179
1346,OG1653.out_yn00,0.1567
1347,OG3730.out_yn00,0.4305
1348,OG3527.out_yn00,0.6354
1349,OG3356.out_yn00,0.0908
1350,OG3633.out_yn00,0.1934
1351,OG1721.out_yn00,0.0571
1352,OG4011.out_yn00,0.2092
1353,OG2651.out_yn00,0.0854
1354,OG1475.out_yn00,0.3673
1355,OG5545.out_yn00,0.3048
1356,OG1765.out_yn00,0.1083
1357,OG4019.out_yn00,0.2236
1358,OG3733.out_yn00,0.1591
1359,OG1630.out_yn00,0.3785
1360,OG5411.out_yn00,0.1364
1361,OG5039.out_yn00,0.1826
1362,OG3340.out_yn00,0.3028
1363,OG3890.out_yn00,0.1471
1364,OG4963.out_yn00,0.2439
1365,OG3427.out_yn00,0.1554
1366,OG4522.out_yn00,0.5427
1367,OG1942.out_yn00,0.1041
1368,OG1446.out_yn00,0.121
1369,OG1608.out_yn00,0.1813
1370,OG2068.out_yn00,0.0647
1371,OG3286.out_yn00,0.392
1372,OG3422.out_yn00,0.2351
1373,OG1066.out_yn00,0.177
1374,OG3467.out_yn00,0.0942
1375,OG2244.out_yn00,0.3204
1376,OG1028.out_yn00,0.0361
1377,OG3226.out_yn00,0.0667
1378,OG1230.out_yn00,0.105
1379,OG4040.out_yn00,0.2323
1380,OG2582.out_yn00,0.2848
1381,OG1699.out_yn00,0.2033
1382,OG4271.out_yn00,0.5026
1383,OG2252.out_yn00,0.1393
1384,OG2954.out_yn00,0.1016
1385,OG3271.out_yn00,0.2359
1386,OG1875.out_yn00,0.1085
1387,OG1188.out_yn00,0.1025
1388,OG2506.out_yn00,0.257
1389,OG3845.out_yn00,0.1222
1390,OG2280.out_yn00,0.1167
1391,OG4117.out_yn00,0.1824
1392,OG3785.out_yn00,0.4048
1393,OG2037.out_yn00,0.1037
1394,OG3263.out_yn00,0.2361
1395,OG3105.out_yn00,0.1724
1396,OG1307.out_yn00,0.4853
1397,OG3339.out_yn00,0.1511
1398,OG1379.out_yn00,0.2014
1399,OG1377.out_yn00,0.2756
1400,OG3681.out_yn00,0.1942
1401,OG3610.out_yn00,0.1485
1402,OG3254.out_yn00,0.2263
1403,OG4039.out_yn00,0.2
1404,OG2149.out_yn00,0.1809
1405,OG2072.out_yn00,0.1293
1406,OG1076.out_yn00,0.134
1407,OG3142.out_yn00,0.5966
1408,OG1900.out_yn00,0.1929
1409,OG1193.out_yn00,0.1072
1410,OG1133.out_yn00,0.0676
1411,OG2093.out_yn00,0.1474
1412,OG4241.out_yn00,0.4167
1413,OG4381.out_yn00,0.4786
1414,OG3134.out_yn00,0.3226
1415,OG3775.out_yn00,0.1197
1416,OG1640.out_yn00,0.1697
1417,OG1709.out_yn00,0.1808
1418,OG2631.out_yn00,0.1217
1419,OG4033.out_yn00,0.3063
1420,OG2109.out_yn00,0.2873
1421,OG3483.out_yn00,0.1777
1422,OG4158.out_yn00,0.1835
1423,OG1336.out_yn00,0.1381
1424,OG4061.out_yn00,0.2972
1425,OG4067.out_yn00,0.2664
1426,OG2324.out_yn00,0.3655
1427,OG2574.out_yn00,0.3555
1428,OG4222.out_yn00,0.1067
1429,OG1529.out_yn00,0.1372
1430,OG3454.out_yn00,0.101
1431,OG2990.out_yn00,0.3811
1432,OG3482.out_yn00,0.1855
1433,OG4584.out_yn00,0.6007
1434,OG1731.out_yn00,0.1146
1435,OG3050.out_yn00,0.0049
1436,OG3196.out_yn00,0.1183
1437,OG2754.out_yn00,0.2809
1438,OG2454.out_yn00,0.295
1439,OG2662.out_yn00,0.1651
1440,OG1719.out_yn00,0.3383
1441,OG4015.out_yn00,0.2691
1442,OG3445.out_yn00,0.2763
1443,OG3269.out_yn00,0.1262
1444,OG2862.out_yn00,0.6344
1445,OG3410.out_yn00,0.1407
1446,OG3574.out_yn00,0.1579
1447,OG3788.out_yn00,0.1415
1448,OG2836.out_yn00,0.0825
1449,OG7988.out_yn00,0.1354
1450,OG2404.out_yn00,0.0916
1451,OG1481.out_yn00,0.1231
1452,OG1141.out_yn00,0.3929
1453,OG2851.out_yn00,0.0848
1454,OG4894.out_yn00,0.1805
1455,OG2002.out_yn00,0.0618
1456,OG1594.out_yn00,0.1916
1457,OG5106.out_yn00,0.1086
1458,OG1897.out_yn00,0.1129
1459,OG2854.out_yn00,0.1623
1460,OG2550.out_yn00,0.0626
1461,OG4288.out_yn00,0.1019
1462,OG2967.out_yn00,0.3123
1463,OG2758.out_yn00,0.186
1464,OG2527.out_yn00,0.1228
1465,OG2729.out_yn00,0.1586
1466,OG3786.out_yn00,0.1564
1467,OG3874.out_yn00,0.2723
1468,OG4939.out_yn00,0.2033
1469,OG1385.out_yn00,0.1074
1470,OG3951.out_yn00,0.1629
1471,OG2313.out_yn00,0.1359
1472,OG3519.out_yn00,0.0805
1473,OG2914.out_yn00,0.1459
1474,OG4991.out_yn00,0.7034
1475,OG2387.out_yn00,0.039
1476,OG3812.out_yn00,0.1006
1477,OG4022.out_yn00,0.3341
1478,OG1680.out_yn00,0.1744
1479,OG4141.out_yn00,0.3708
1480,OG2451.out_yn00,0.2268
1481,OG1941.out_yn00,0.057
1482,OG4545.out_yn00,0.1909
1483,OG1353.out_yn00,0.1079
1484,OG3764.out_yn00,0.166
1485,OG1299.out_yn00,0.1226
1486,OG2458.out_yn00,0.1072
1487,OG3135.out_yn00,0.1778
1488,OG2486.out_yn00,0.3349
1489,OG3016.out_yn00,0.0656
1490,OG1301.out_yn00,0.2462
1491,OG1032.out_yn00,0.0414
1492,OG4031.out_yn00,0.3077
1493,OG2821.out_yn00,0.4065
1494,OG3252.out_yn00,0.1671
1495,OG2801.out_yn00,0.4435
1496,OG1645.out_yn00,0.1411
1497,OG4004.out_yn00,0.1011
1498,OG3073.out_yn00,0.2582
1499,OG1598.out_yn00,0.0873
1500,OG3224.out_yn00,0.3444
1501,OG1351.out_yn00,0.1662
1502,OG1893.out_yn00,0.0568
1503,OG2705.out_yn00,0.2616
1504,OG3424.out_yn00,0.1381
1505,OG2741.out_yn00,0.1132
1506,OG5222.out_yn00,0.447
1507,OG4855.out_yn00,0.417
1508,OG2932.out_yn00,0.4544
1509,OG3873.out_yn00,0.1603
1510,OG3205.out_yn00,0.2196
1511,OG2351.out_yn00,0.3894
1512,OG3689.out_yn00,0.6697
1513,OG1288.out_yn00,0.1542
1514,OG3571.out_yn00,0.1476
1515,OG4124.out_yn00,0.3042
1516,OG4443.out_yn00,0.2164
1517,OG1632.out_yn00,0.0386
1518,OG4071.out_yn00,0.1657
1519,OG3426.out_yn00,0.189
1520,OG4720.out_yn00,0.4134
1521,OG3754.out_yn00,0.3056
1522,OG2180.out_yn00,0.2432
1523,OG4018.out_yn00,0.6123
1524,OG1372.out_yn00,0.1536
1525,OG1622.out_yn00,0.0747
1526,OG1211.out_yn00,0.2484
1527,OG1947.out_yn00,0.2758
1528,OG4219.out_yn00,0.2026
1529,OG5540.out_yn00,0.1763
1530,OG3709.out_yn00,0.1672
1531,OG1822.out_yn00,0.1046
1532,OG2726.out_yn00,0.1583
1533,OG3175.out_yn00,0.2672
1534,OG2519.out_yn00,0.262
1535,OG2794.out_yn00,0.3581
1536,OG4190.out_yn00,0.2421
1537,OG2596.out_yn00,0.1818
1538,OG1411.out_yn00,0.3082
1539,OG2315.out_yn00,0.0943
1540,OG1490.out_yn00,0.4875
1541,OG1920.out_yn00,0.0787
1542,OG3569.out_yn00,0.1609
1543,OG2704.out_yn00,0.0474
1544,OG2711.out_yn00,0.3771
1545,OG2929.out_yn00,0.0658
1546,OG2911.out_yn00,0.2665
1547,OG4683.out_yn00,0.5713
1548,OG3552.out_yn00,0.2909
1549,OG3358.out_yn00,0.1129
1550,OG1441.out_yn00,0.1251
1551,OG2573.out_yn00,0.1976
1552,OG4614.out_yn00,0.1047
1553,OG4132.out_yn00,0.2954
1554,OG1373.out_yn00,0.122
1555,OG3082.out_yn00,0.2807
1556,OG4025.out_yn00,0.4703
1557,OG3086.out_yn00,0.1435
1558,OG2500.out_yn00,0.1337
1559,OG1744.out_yn00,0.1113
1560,OG2224.out_yn00,0.0679
1561,OG3645.out_yn00,0.4468
1562,OG1389.out_yn00,0.1951
1563,OG1526.out_yn00,0.1392
1564,OG2859.out_yn00,0.206
1565,OG1287.out_yn00,0.1618
1566,OG1676.out_yn00,0.4126
1567,OG3878.out_yn00,0.4158
1568,OG3941.out_yn00,0.0842
1569,OG2028.out_yn00,0.1149
1570,OG2594.out_yn00,0.1354
1571,OG1043.out_yn00,0.0988
1572,OG3278.out_yn00,0.1708
1573,OG3056.out_yn00,0.3644
1574,OG1681.out_yn00,0.0375
1575,OG2231.out_yn00,0.1885
1576,OG1586.out_yn00,0.0503
1577,OG4422.out_yn00,0.198
1578,OG2184.out_yn00,0.1281
1579,OG1509.out_yn00,0.0972
1580,OG4637.out_yn00,0.2608
1581,OG3283.out_yn00,0.2796
1582,OG2590.out_yn00,0.0749
1583,OG1381.out_yn00,0.2361
1584,OG3773.out_yn00,0.0956
1585,OG3662.out_yn00,0.2007
1586,OG4480.out_yn00,0.2544
1587,OG2650.out_yn00,0.3927
1588,OG2901.out_yn00,0.1151
1589,OG1993.out_yn00,0.2047
1590,OG1892.out_yn00,0.0848
1591,OG2698.out_yn00,0.151
1592,OG1172.out_yn00,0.1732
1593,OG3746.out_yn00,0.1826
1594,OG1528.out_yn00,0.1472
1595,OG2561.out_yn00,0.359
1596,OG2525.out_yn00,0.1395
1597,OG3476.out_yn00,0.3773
1598,OG1398.out_yn00,0.3115
1599,OG2464.out_yn00,0.2644
1600,OG2868.out_yn00,0.3379
1601,OG4971.out_yn00,0.3187
1602,OG3536.out_yn00,0.172
1603,OG1692.out_yn00,0.1975
1604,OG1780.out_yn00,0.1175
1605,OG2751.out_yn00,0.1264
1606,OG1998.out_yn00,0.0556
1607,OG2707.out_yn00,0.3178
1608,OG2389.out_yn00,0.2255
1609,OG2896.out_yn00,0.3267
1610,OG1123.out_yn00,0.1451
1611,OG1363.out_yn00,0.0307
1612,OG1091.out_yn00,0.2145
1613,OG3181.out_yn00,0.1417
1614,OG2757.out_yn00,0.116
1615,OG2919.out_yn00,0.0918
1616,OG2563.out_yn00,0.6028
1617,OG3608.out_yn00,0.474
1618,OG1210.out_yn00,0.179
1619,OG3863.out_yn00,0.1187
1620,OG4137.out_yn00,0.1457
1621,OG1984.out_yn00,0.0353
1622,OG2665.out_yn00,0.065
1623,OG1980.out_yn00,0.1297
1624,OG2001.out_yn00,0.0518
1625,OG3238.out_yn00,0.2797
1626,OG3342.out_yn00,0.3414
1627,OG2171.out_yn00,0.1864
1628,OG4187.out_yn00,0.3719
1629,OG4457.out_yn00,0.4341
1630,OG3868.out_yn00,0.227
1631,OG3541.out_yn00,0.1613
1632,OG1295.out_yn00,0.3014
1633,OG2300.out_yn00,0.3422
1634,OG2116.out_yn00,0.0668
1635,OG1492.out_yn00,0.4587
1636,OG3547.out_yn00,0.1656
1637,OG1101.out_yn00,0.1403
1638,OG3726.out_yn00,0.1044
1639,OG1434.out_yn00,0.2476
1640,OG4264.out_yn00,0.332
1641,OG3230.out_yn00,0.1381
1642,OG2161.out_yn00,0.1247
1643,OG1536.out_yn00,0.5113
1644,OG2589.out_yn00,0.2846
1645,OG3885.out_yn00,0.1606
1646,OG2438.out_yn00,0.1217
1647,OG4688.out_yn00,0.1752
1648,OG2270.out_yn00,0.5058
1649,OG3949.out_yn00,0.0403
1650,OG4363.out_yn00,0.1722
1651,OG3498.out_yn00,0.1158
1652,OG2077.out_yn00,0.2742
1653,OG4223.out_yn00,0.3801
1654,OG2269.out_yn00,0.3184
1655,OG4080.out_yn00,0.1483
1656,OG3680.out_yn00,0.2131
1657,OG3512.out_yn00,0.1393
1658,OG1044.out_yn00,0.063
1659,OG3090.out_yn00,0.1483
1660,OG4017.out_yn00,0.2347
1661,OG3496.out_yn00,0.1734
1662,OG4164.out_yn00,0.14
1663,OG2986.out_yn00,0.1531
1664,OG2941.out_yn00,0.1286
1665,OG1889.out_yn00,0.2457
1666,OG2019.out_yn00,0.127
1667,OG2044.out_yn00,0.1856
1668,OG4389.out_yn00,0.4532
1669,OG4201.out_yn00,0.0987
1670,OG2583.out_yn00,0.0817
1671,OG3289.out_yn00,0.128
1672,OG3822.out_yn00,0.4252
1673,OG1967.out_yn00,0.0835
1674,OG4138.out_yn00,0.1129
1675,OG1290.out_yn00,0.0909
1676,OG2358.out_yn00,0.0822
1677,OG2013.out_yn00,0.2909
1678,OG1559.out_yn00,0.1537
1679,OG3207.out_yn00,0.2075
1680,OG3616.out_yn00,0.1943
1681,OG2142.out_yn00,0.1128
1682,OG2333.out_yn00,0.0955
1683,OG4414.out_yn00,0.5674
1684,OG3234.out_yn00,0.2564
1685,OG4508.out_yn00,0.1325
1686,OG3079.out_yn00,0.1639
1687,OG2778.out_yn00,0.1243
1688,OG3353.out_yn00,0.0388
1689,OG2507.out_yn00,0.1413
1690,OG3985.out_yn00,0.2266
1691,OG1950.out_yn00,0.4169
1692,OG3522.out_yn00,0.288
1693,OG1600.out_yn00,0.2482
1694,OG1261.out_yn00,0.5804
1695,OG2605.out_yn00,0.2928
1696,OG4050.out_yn00,0.1431
1697,OG3725.out_yn00,0.3937
1698,OG1879.out_yn00,0.2313
1699,OG3394.out_yn00,0.1975
1700,OG1868.out_yn00,0.0805
1701,OG3632.out_yn00,0.1173
1702,OG2497.out_yn00,0.2568
1703,OG4448.out_yn00,0.0401
1704,OG2987.out_yn00,0.1414
1705,OG4079.out_yn00,0.2538
1706,OG1278.out_yn00,0.3034
1707,OG1767.out_yn00,0.0536
1708,OG1802.out_yn00,0.075
1709,OG2824.out_yn00,0.1494
1710,OG3088.out_yn00,0.2529
1711,OG2143.out_yn00,0.1878
1712,OG4265.out_yn00,0.1765
1713,OG1768.out_yn00,0.167
1714,OG3510.out_yn00,0.2657
1715,OG3524.out_yn00,0.1486
1716,OG1338.out_yn00,0.1016
1717,OG2669.out_yn00,0.3686
1718,OG4325.out_yn00,0.0825
1719,OG4284.out_yn00,0.1131
1720,OG2198.out_yn00,0.3118
1721,OG3981.out_yn00,0.006
1722,OG1031.out_yn00,0.0208
1723,OG2356.out_yn00,0.1358
1724,OG4535.out_yn00,0.386
1725,OG1624.out_yn00,0.1865
1726,OG4257.out_yn00,0.1652
1727,OG4032.out_yn00,0.1733
1728,OG3464.out_yn00,0.2211
1729,OG4165.out_yn00,0.2016
1730,OG2127.out_yn00,0.11
1731,OG1937.out_yn00,0.1272
1732,OG4398.out_yn00,0.1101
1733,OG1606.out_yn00,0.3017
1734,OG1932.out_yn00,0.2606
1735,OG3930.out_yn00,0.6806
1736,OG1855.out_yn00,0.1274
1737,OG4150.out_yn00,0.2706
1738,OG1570.out_yn00,0.8033
1739,OG2376.out_yn00,0.0642
1740,OG2962.out_yn00,0.4063
1741,OG1968.out_yn00,0.0696
1742,OG4454.out_yn00,0.2728
1743,OG1013.out_yn00,0.0594
1744,OG3889.out_yn00,0.1793
1745,OG1038.out_yn00,0.1216
1746,OG2092.out_yn00,0.1447
1747,OG2844.out_yn00,0.1078
1748,OG4051.out_yn00,0.0816
1749,OG2457.out_yn00,0.4065
1750,OG4344.out_yn00,0.3775
1751,OG1090.out_yn00,0.6588
1752,OG1425.out_yn00,0.416
1753,OG1296.out_yn00,0.1405
1754,OG2290.out_yn00,0.0873
1755,OG3666.out_yn00,0.1537
1756,OG1743.out_yn00,0.1045
1757,OG1697.out_yn00,0.0512
1758,OG2834.out_yn00,0.1499
1759,OG2759.out_yn00,0.4535
1760,OG2764.out_yn00,0.161
1761,OG1449.out_yn00,0.0561
1762,OG2558.out_yn00,0.0771
1763,OG1378.out_yn00,0.0618
1764,OG4010.out_yn00,0.1053
1765,OG1771.out_yn00,0.1813
1766,OG1783.out_yn00,0.0363
1767,OG3128.out_yn00,0.1218
1768,OG1238.out_yn00,0.3113
1769,OG3122.out_yn00,0.3655
1770,OG2137.out_yn00,0.0821
1771,OG1310.out_yn00,0.0598
1772,OG4062.out_yn00,0.136
1773,OG1917.out_yn00,0.143
1774,OG3614.out_yn00,0.3862
1775,OG1042.out_yn00,0.1261
1776,OG2889.out_yn00,0.1425
1777,OG3554.out_yn00,0.6771
1778,OG1334.out_yn00,0.1059
1779,OG2152.out_yn00,0.3708
1780,OG1268.out_yn00,0.1501
1781,OG2829.out_yn00,0.4298
1782,OG1807.out_yn00,0.1053
1783,OG2510.out_yn00,0.1035
1784,OG2307.out_yn00,0.2427
1785,OG2038.out_yn00,0.078
1786,OG1368.out_yn00,0.0852
1787,OG2930.out_yn00,0.0695
1788,OG2291.out_yn00,0.0735
1789,OG2218.out_yn00,0.0712
1790,OG2977.out_yn00,0.3163
1791,OG3173.out_yn00,0.4819
1792,OG2051.out_yn00,0.2877
1793,OG3049.out_yn00,0.4385
1794,OG3432.out_yn00,0.1156
1795,OG1034.out_yn00,0.1763
1796,OG2682.out_yn00,0.1598
1797,OG3491.out_yn00,0.3068
1798,OG4766.out_yn00,0.1393
1799,OG1628.out_yn00,0.1648
1800,OG1445.out_yn00,0.1378
1801,OG3408.out_yn00,0.1223
1802,OG2530.out_yn00,0.5583
1803,OG1921.out_yn00,0.2205
1804,OG3770.out_yn00,0.6829
1805,OG3200.out_yn00,0.1582
1806,OG2140.out_yn00,0.0989
1807,OG1450.out_yn00,0.39
1808,OG4570.out_yn00,0.2563
1809,OG2584.out_yn00,0.4308
1810,OG1365.out_yn00,0.0708
1811,OG3673.out_yn00,0.2355
1812,OG4001.out_yn00,0.3656
1813,OG3579.out_yn00,0.1681
1814,OG4037.out_yn00,0.5662
1815,OG3416.out_yn00,0.3073
1816,OG2441.out_yn00,1.0593
1817,OG2156.out_yn00,0.122
1818,OG1573.out_yn00,0.106
1819,OG2378.out_yn00,0.3604
1820,OG2625.out_yn00,0.1414
1821,OG1982.out_yn00,0.2193
1822,OG3159.out_yn00,0.0355
1823,OG1679.out_yn00,0.2844
1824,OG2332.out_yn00,0.0201
1825,OG5732.out_yn00,0.1465
1826,OG1120.out_yn00,0.0797
1827,OG1596.out_yn00,0.1632
1828,OG4433.out_yn00,0.1746
1829,OG2480.out_yn00,0.1174
1830,OG3133.out_yn00,0.4295
1831,OG3710.out_yn00,0.2004
1832,OG2762.out_yn00,0.0934
1833,OG2790.out_yn00,0.1162
1834,OG3368.out_yn00,0.4245
1835,OG2169.out_yn00,0.0935
1836,OG3123.out_yn00,0.4257
1837,OG3688.out_yn00,0.1275
1838,OG1072.out_yn00,0.1167
1839,OG5314.out_yn00,0.1071
1840,OG2879.out_yn00,0.1202
1841,OG4007.out_yn00,0.4483
1842,OG3433.out_yn00,0.5971
1843,OG2909.out_yn00,0.3314
1844,OG3655.out_yn00,0.1241
1845,OG2903.out_yn00,0.1321
1846,OG4359.out_yn00,0.3947
1847,OG2617.out_yn00,0.1468
1848,OG3724.out_yn00,0.3538
1849,OG2391.out_yn00,0.1
1850,OG4250.out_yn00,0.2077
1851,OG3328.out_yn00,0.1308
1852,OG2899.out_yn00,0.1694
1853,OG2964.out_yn00,0.1448
1854,OG2377.out_yn00,0.1015
1855,OG3623.out_yn00,0.2398
1856,OG2666.out_yn00,0.0295
1857,OG1484.out_yn00,0.1015
1858,OG4095.out_yn00,0.3965
1859,OG3625.out_yn00,0.2862
1860,OG4587.out_yn00,0.3346
1861,OG4542.out_yn00,0.4741
1862,OG4411.out_yn00,0.2033
1863,OG1330.out_yn00,0.463
1864,OG3765.out_yn00,0.4405
1865,OG2158.out_yn00,0.0892
1866,OG3000.out_yn00,0.162
1867,OG1354.out_yn00,0.143
1868,OG3514.out_yn00,0.1646
1869,OG4825.out_yn00,0.1653
1870,OG1901.out_yn00,0.0637
1871,OG1674.out_yn00,0.0955
1872,OG4367.out_yn00,0.1296
1873,OG2435.out_yn00,0.0716
1874,OG2812.out_yn00,0.3296
1875,OG3701.out_yn00,0.5805
1876,OG3599.out_yn00,0.4371
1877,OG4560.out_yn00,0.1648
1878,OG3993.out_yn00,0.4371
1879,OG2893.out_yn00,0.3125
1880,OG4217.out_yn00,0.3103
1881,OG2462.out_yn00,0.1466
1882,OG4085.out_yn00,0.219
1883,OG2215.out_yn00,0.1287
1884,OG3959.out_yn00,0.2585
1885,OG4258.out_yn00,0.3626
1886,OG3513.out_yn00,0.1875
1887,OG2652.out_yn00,0.1686
1888,OG2129.out_yn00,0.0756
1889,OG1080.out_yn00,0.1908
1890,OG3594.out_yn00,0.1245
1891,OG2421.out_yn00,0.1233
1892,OG3578.out_yn00,0.1056
1893,OG1846.out_yn00,0.2198
1894,OG1861.out_yn00,0.29
1895,OG1994.out_yn00,0.1976
1896,OG3690.out_yn00,0.2072
1897,OG2061.out_yn00,0.1088
1898,OG2849.out_yn00,0.1635
1899,OG2685.out_yn00,0.1389
1900,OG1479.out_yn00,0.2822
1901,OG2887.out_yn00,0.1218
1902,OG4236.out_yn00,0.4578
1903,OG2410.out_yn00,0.2612
1904,OG1671.out_yn00,0.1061
1905,OG2983.out_yn00,0.1441
1906,OG2303.out_yn00,0.1165
1907,OG2886.out_yn00,0.1268
1908,OG3798.out_yn00,0.1486
1909,OG2871.out_yn00,0.1078
1910,OG4102.out_yn00,0.0804
1911,OG3068.out_yn00,0.1845
1912,OG2135.out_yn00,0.2521
1913,OG2910.out_yn00,0.4416
1914,OG3126.out_yn00,0.1023
1915,OG1654.out_yn00,0.1948
1916,OG2278.out_yn00,0.1924
1917,OG3388.out_yn00,0.5801
1918,OG3043.out_yn00,0.1183
1919,OG2935.out_yn00,0.1953
1920,OG5045.out_yn00,0.1918
1921,OG3268.out_yn00,0.2388
1922,OG3752.out_yn00,0.1342
1923,OG4082.out_yn00,0.2539
1924,OG3584.out_yn00,0.1719
1925,OG2365.out_yn00,0.1814
1926,OG1161.out_yn00,0.3729
1927,OG2200.out_yn00,0.1012
1928,OG2091.out_yn00,0.0549
1929,OG3708.out_yn00,0.1608
1930,OG2011.out_yn00,0.2019
1931,OG2262.out_yn00,0.1377
1932,OG2282.out_yn00,0.199
1933,OG2936.out_yn00,0.2139
1934,OG4465.out_yn00,0.2717
1935,OG3138.out_yn00,0.2781
1936,OG4194.out_yn00,0.1543
1937,OG3455.out_yn00,0.1214
1938,OG2114.out_yn00,0.2416
1939,OG1462.out_yn00,0.1307
1940,OG2560.out_yn00,0.3821
1941,OG2062.out_yn00,0.1253
1942,OG1816.out_yn00,0.8105
1943,OG4895.out_yn00,0.1639
1944,OG3443.out_yn00,0.1199
1945,OG1913.out_yn00,0.0596
1946,OG4253.out_yn00,0.102
1947,OG1430.out_yn00,0.1784
1948,OG2488.out_yn00,0.1877
1949,OG2236.out_yn00,0.1289
1950,OG1369.out_yn00,0.3184
1951,OG1613.out_yn00,0.305
1952,OG3365.out_yn00,0.1032
1953,OG2032.out_yn00,0.147
1954,OG3451.out_yn00,0.3447
1955,OG2395.out_yn00,0.1684
1956,OG3357.out_yn00,0.1027
1957,OG3177.out_yn00,0.3663
1958,OG1815.out_yn00,0.19
1959,OG1078.out_yn00,0.1081
1960,OG3629.out_yn00,0.2285
1961,OG3622.out_yn00,0.164
1962,OG2966.out_yn00,0.2939
1963,OG4009.out_yn00,0.5805
1964,OG1642.out_yn00,0.0987
1965,OG2592.out_yn00,0.039
1966,OG1252.out_yn00,0.2877
1967,OG3567.out_yn00,0.3543
1968,OG3682.out_yn00,0.1471
1969,OG2746.out_yn00,0.088
1970,OG2782.out_yn00,0.2983
1971,OG4388.out_yn00,0.3412
1972,OG2057.out_yn00,0.0925
1973,OG1995.out_yn00,0.2241
1974,OG1706.out_yn00,0.2206
1975,OG1102.out_yn00,0.2566
1976,OG2981.out_yn00,0.2961
1977,OG2808.out_yn00,0.2104
1978,OG4551.out_yn00,0.1581
1979,OG3075.out_yn00,0.3296
1980,OG2210.out_yn00,0.1875
1981,OG2646.out_yn00,0.4511
1982,OG3062.out_yn00,0.0889
1983,OG1485.out_yn00,0.013
1984,OG1912.out_yn00,0.1409
1985,OG2202.out_yn00,0.3637
1986,OG1785.out_yn00,0.2398
1987,OG3920.out_yn00,0.775
1988,OG1174.out_yn00,0.1157
1989,OG1964.out_yn00,0.2299
1990,OG3988.out_yn00,0.3344
1991,OG2326.out_yn00,0.069
1992,OG3856.out_yn00,0.1479
1993,OG1457.out_yn00,0.0761
1994,OG2552.out_yn00,0.2356
1995,OG3178.out_yn00,0.0947
1996,OG1018.out_yn00,0.037
1997,OG2022.out_yn00,0.0381
1998,OG4220.out_yn00,0.2273
1999,OG1345.out_yn00,0.0701
2000,OG3116.out_yn00,0.0638
2001,OG3327.out_yn00,0.1694
2002,OG1270.out_yn00,0.1776
2003,OG2641.out_yn00,0.1489
2004,OG1399.out_yn00,0.3862
2005,OG2331.out_yn00,0.3335
2006,OG3797.out_yn00,0.0822
2007,OG1168.out_yn00,0.1545
2008,OG3029.out_yn00,0.415
2009,OG1514.out_yn00,0.2449
2010,OG3367.out_yn00,0.4387
2011,OG1904.out_yn00,0.0924
2012,OG3602.out_yn00,0.2695
2013,OG6552.out_yn00,0.3487
2014,OG3437.out_yn00,0.5011
2015,OG3698.out_yn00,0.3492
2016,OG3474.out_yn00,0.4093
2017,OG3418.out_yn00,0.2905
2018,OG3583.out_yn00,0.5192
2019,OG3886.out_yn00,0.2575
2020,OG2915.out_yn00,0.2098
2021,OG4314.out_yn00,0.3591
2022,OG4318.out_yn00,0.5315
2023,OG2477.out_yn00,0.4158
2024,OG2181.out_yn00,0.1168
2025,OG1240.out_yn00,0.0872
2026,OG2070.out_yn00,0.0471
2027,OG5942.out_yn00,0.1461
2028,OG2740.out_yn00,0.1087
2029,OG1739.out_yn00,0.0967
2030,OG3758.out_yn00,0.1783
2031,OG3888.out_yn00,0.1656
2032,OG5536.out_yn00,0.1941
2033,OG3154.out_yn00,0.2298
2034,OG1512.out_yn00,0.1585
2035,OG3335.out_yn00,0.0056
2036,OG3630.out_yn00,1.1299
2037,OG3321.out_yn00,0.1596
2038,OG3748.out_yn00,0.2067
2039,OG2885.out_yn00,0.5612
2040,OG4066.out_yn00,0.5202
2041,OG4746.out_yn00,0.1905
2042,OG2591.out_yn00,0.2301
2043,OG3318.out_yn00,0.3202
2044,OG2317.out_yn00,0.1462
2045,OG4990.out_yn00,0.0907
2046,OG3800.out_yn00,0.1462
2047,OG3687.out_yn00,0.1318
2048,OG3678.out_yn00,0.329
2049,OG2090.out_yn00,0.2487
2050,OG3535.out_yn00,0.1627
2051,OG1972.out_yn00,0.1589
2052,OG5006.out_yn00,0.1322
2053,OG4077.out_yn00,0.147
2054,OG1360.out_yn00,0.0952
2055,OG1047.out_yn00,0.0684
2056,OG4451.out_yn00,0.6084
2057,OG4654.out_yn00,0.3625
2058,OG2838.out_yn00,0.1246
2059,OG2877.out_yn00,0.3471
2060,OG3229.out_yn00,0.2067
2061,OG1198.out_yn00,0.2894
2062,OG1542.out_yn00,0.1319
2063,OG1244.out_yn00,0.0305
2064,OG3262.out_yn00,0.1428
2065,OG2308.out_yn00,0.1056
2066,OG2974.out_yn00,0.1899
2067,OG3301.out_yn00,0.3186
2068,OG2531.out_yn00,0.1369
2069,OG4657.out_yn00,0.1807
2070,OG1035.out_yn00,0.064
2071,OG1247.out_yn00,0.1113
2072,OG5014.out_yn00,0.2718
2073,OG1486.out_yn00,0.2829
2074,OG1324.out_yn00,0.1128
2075,OG1603.out_yn00,0.1579
2076,OG1554.out_yn00,0.0984
2077,OG1205.out_yn00,0.068
2078,OG4490.out_yn00,0.0606
2079,OG2021.out_yn00,0.0461
2080,OG3881.out_yn00,0.0623
2081,OG1922.out_yn00,0.04
2082,OG4559.out_yn00,0.1307
2083,OG1797.out_yn00,0.0926
2084,OG2985.out_yn00,0.1047
2085,OG2503.out_yn00,0.1691
2086,OG1961.out_yn00,0.0954
2087,OG3674.out_yn00,0.1219
2088,OG2946.out_yn00,0.1618
2089,OG1544.out_yn00,0.1132
2090,OG4431.out_yn00,0.4779
2091,OG3962.out_yn00,0.1586
2092,OG3044.out_yn00,0.1299
2093,OG1518.out_yn00,0.1867
2094,OG1051.out_yn00,0.1659
2095,OG3223.out_yn00,0.5366
2096,OG2749.out_yn00,0.1906
2097,OG2428.out_yn00,0.1381
2098,OG2776.out_yn00,0.1587
2099,OG1854.out_yn00,0.1085
2100,OG2692.out_yn00,0.1066
2101,OG4845.out_yn00,0.1282
2102,OG1435.out_yn00,0.1395
2103,OG3612.out_yn00,0.062
2104,OG3031.out_yn00,0.132
2105,OG3213.out_yn00,0.3195
2106,OG3975.out_yn00,0.1959
2107,OG3440.out_yn00,0.2476
2108,OG2179.out_yn00,0.0811
2109,OG1907.out_yn00,0.265
2110,OG3343.out_yn00,0.3463
2111,OG1966.out_yn00,0.2851
2112,OG1539.out_yn00,0.22
2113,OG4965.out_yn00,0.1912
2114,OG2141.out_yn00,0.0746
2115,OG1195.out_yn00,0.2208
2116,OG2557.out_yn00,0.0897
2117,OG1633.out_yn00,0.2921
2118,OG2520.out_yn00,0.1779
2119,OG2088.out_yn00,0.1089
2120,OG2257.out_yn00,0.1373
2121,OG1114.out_yn00,0.5327
2122,OG3597.out_yn00,0.1194
2123,OG1888.out_yn00,0.0418
2124,OG1322.out_yn00,0.1031
2125,OG2902.out_yn00,0.1811
2126,OG2963.out_yn00,0.5043
2127,OG3833.out_yn00,0.2358
2128,OG4768.out_yn00,0.0051
2129,OG4489.out_yn00,0.4543
2130,OG4430.out_yn00,0.1247
2131,OG2432.out_yn00,0.1268
2132,OG2771.out_yn00,0.2508
2133,OG3316.out_yn00,0.338
2134,OG2444.out_yn00,0.2182
2135,OG3965.out_yn00,0.1954
2136,OG1146.out_yn00,0.2812
2137,OG1201.out_yn00,0.1049
2138,OG1580.out_yn00,0.3713
2139,OG2260.out_yn00,0.1637
2140,OG2213.out_yn00,0.5626
2141,OG1438.out_yn00,0.2649
2142,OG2714.out_yn00,0.0797
2143,OG1391.out_yn00,0.199
2144,OG2078.out_yn00,0.0441
2145,OG2372.out_yn00,0.0617
2146,OG3249.out_yn00,1.0024
2147,OG2412.out_yn00,0.204
2148,OG4024.out_yn00,0.1455
2149,OG1874.out_yn00,0.1562
2150,OG2338.out_yn00,0.0485
2151,OG4782.out_yn00,0.6661
2152,OG3526.out_yn00,0.1193
2153,OG3774.out_yn00,0.0637
2154,OG2643.out_yn00,0.416
2155,OG2452.out_yn00,0.7818
2156,OG1717.out_yn00,0.3394
2157,OG1549.out_yn00,0.3423
2158,OG1824.out_yn00,0.3106
2159,OG2815.out_yn00,0.1707
2160,OG4738.out_yn00,0.4094
2161,OG2604.out_yn00,0.3303
2162,OG1134.out_yn00,0.4402
2163,OG4334.out_yn00,0.5443
2164,OG1437.out_yn00,0.2943
2165,OG2084.out_yn00,0.1538
2166,OG3700.out_yn00,0.0752
2167,OG1092.out_yn00,0.1873
2168,OG3431.out_yn00,0.1595
2169,OG3232.out_yn00,0.1286
2170,OG4832.out_yn00,0.0464
2171,OG1511.out_yn00,0.3204
2172,OG4796.out_yn00,0.0494
2173,OG2349.out_yn00,0.169
2174,OG1916.out_yn00,0.126
2175,OG1384.out_yn00,0.18
2176,OG2653.out_yn00,0.2487
2177,OG3921.out_yn00,0.1986
2178,OG2225.out_yn00,0.284
2179,OG1845.out_yn00,0.3258
2180,OG2752.out_yn00,0.076
2181,OG3253.out_yn00,0.4153
2182,OG3452.out_yn00,0.1644
2183,OG1229.out_yn00,0.0089
2184,OG2599.out_yn00,0.1893
2185,OG1149.out_yn00,0.3752
2186,OG1623.out_yn00,0.1079
2187,OG4239.out_yn00,0.3537
2188,OG3704.out_yn00,0.1459
2189,OG5438.out_yn00,0.106
2190,OG2187.out_yn00,0.0609
2191,OG1284.out_yn00,0.0403
2192,OG2273.out_yn00,0.0664
2193,OG3007.out_yn00,0.0885
2194,OG2866.out_yn00,0.1798
2195,OG1223.out_yn00,0.0915
2196,OG4511.out_yn00,0.2235
2197,OG3529.out_yn00,0.5287
2198,OG1818.out_yn00,0.5231
2199,OG1064.out_yn00,0.0983
2200,OG2980.out_yn00,0.3028
2201,OG1894.out_yn00,0.159
2202,OG2312.out_yn00,0.1044
2203,OG3346.out_yn00,0.2698
2204,OG1659.out_yn00,0.0756
2205,OG3892.out_yn00,0.5704
2206,OG4320.out_yn00,0.2011
2207,OG2535.out_yn00,0.1166
2208,OG3197.out_yn00,0.289
2209,OG3459.out_yn00,0.1119
2210,OG4147.out_yn00,0.1396
2211,OG3931.out_yn00,0.1935
2212,OG2900.out_yn00,0.3045
2213,OG1087.out_yn00,0.3423
2214,OG4191.out_yn00,0.1637
2215,OG2545.out_yn00,0.3203
2216,OG2569.out_yn00,0.1316
2217,OG1592.out_yn00,0.1577
2218,OG1655.out_yn00,0.3575
2219,OG1469.out_yn00,0.2589
2220,OG4251.out_yn00,0.1701
2221,OG2523.out_yn00,0.0649
2222,OG1029.out_yn00,0.1775
2223,OG3546.out_yn00,0.0504
2224,OG2427.out_yn00,0.2466
2225,OG1618.out_yn00,0.114
2226,OG3188.out_yn00,0.2719
2227,OG1906.out_yn00,0.3667
2228,OG3742.out_yn00,0.5871
2229,OG2956.out_yn00,0.0904
2230,OG3855.out_yn00,0.1274
2231,OG3194.out_yn00,0.2267
2232,OG4764.out_yn00,0.1313
2233,OG4012.out_yn00,0.2078
2234,OG3590.out_yn00,0.3937
2235,OG1024.out_yn00,0.0748
2236,OG3260.out_yn00,0.2873
2237,OG3299.out_yn00,0.1362
2238,OG2203.out_yn00,0.3437
2239,OG1558.out_yn00,0.1089
2240,OG5514.out_yn00,0.1863
2241,OG1415.out_yn00,0.3379
2242,OG4268.out_yn00,0.1853
2243,OG2298.out_yn00,0.3103
2244,OG2122.out_yn00,0.4382
2245,OG1337.out_yn00,0.0826
2246,OG3991.out_yn00,0.1547
2247,OG1471.out_yn00,0.3251
2248,OG4585.out_yn00,0.01
2249,OG4592.out_yn00,0.2407
2250,OG4069.out_yn00,0.3469
2251,OG1306.out_yn00,0.3467
2252,OG1732.out_yn00,0.114
2253,OG3691.out_yn00,0.1452
2254,OG2532.out_yn00,0.3759
2255,OG3729.out_yn00,0.2153
2256,OG3093.out_yn00,0.1848
2257,OG3035.out_yn00,0.1315
2258,OG5117.out_yn00,0.1378
2259,OG2104.out_yn00,0.1267
2260,OG3883.out_yn00,0.4563
2261,OG2080.out_yn00,0.3616
2262,OG3515.out_yn00,0.1141
2263,OG1891.out_yn00,0.2069
2264,OG2640.out_yn00,0.1658
2265,OG5355.out_yn00,0.423
2266,OG3715.out_yn00,0.2152
2267,OG4593.out_yn00,0.093
2268,OG4442.out_yn00,0.6001
2269,OG4291.out_yn00,0.2042
2270,OG1304.out_yn00,0.1781
2271,OG2484.out_yn00,0.0834
2272,OG2819.out_yn00,0.194
2273,OG4555.out_yn00,0.1743
2274,OG3925.out_yn00,0.1946
2275,OG3821.out_yn00,0.1694
2276,OG4063.out_yn00,0.3446
2277,OG2040.out_yn00,0.1246
2278,OG4589.out_yn00,0.0494
2279,OG1463.out_yn00,0.2414
2280,OG3781.out_yn00,0.1339
2281,OG4184.out_yn00,0.2435
2282,OG4322.out_yn00,0.1827
2283,OG1948.out_yn00,0.0897
2284,OG1410.out_yn00,0.2173
2285,OG3076.out_yn00,0.355
2286,OG1835.out_yn00,0.1987
2287,OG2212.out_yn00,0.0275
2288,OG2660.out_yn00,0.2155
2289,OG3065.out_yn00,0.1442
2290,OG1693.out_yn00,0.0934
2291,OG1480.out_yn00,0.1197
2292,OG5598.out_yn00,0.1491
2293,OG1789.out_yn00,0.4608
2294,OG2398.out_yn00,0.6424
2295,OG1009.out_yn00,0.0618
2296,OG3442.out_yn00,0.0086
2297,OG1482.out_yn00,0.1166
2298,OG3258.out_yn00,0.5331
2299,OG1562.out_yn00,0.2091
2300,OG3370.out_yn00,0.1427
2301,OG5065.out_yn00,0.1305
2302,OG1243.out_yn00,0.2315
2303,OG4224.out_yn00,0.0083
2304,OG2811.out_yn00,0.4327
2305,OG4831.out_yn00,0.2057
2306,OG1695.out_yn00,0.1558
2307,OG1431.out_yn00,0.258
2308,OG1729.out_yn00,0.1418
2309,OG1774.out_yn00,0.0529
2310,OG1495.out_yn00,0.3821
2311,OG1448.out_yn00,0.1556
2312,OG3576.out_yn00,0.4104
2313,OG1882.out_yn00,0.0335
2314,OG2112.out_yn00,0.3898
2315,OG3486.out_yn00,0.0947
2316,OG1741.out_yn00,0.0901
2317,OG2227.out_yn00,0.0607
2318,OG4114.out_yn00,0.1407
2319,OG1696.out_yn00,0.1161
2320,OG2837.out_yn00,0.0797
2321,OG3893.out_yn00,0.1959
2322,OG3094.out_yn00,0.3244
2323,OG2624.out_yn00,0.151
2324,OG2222.out_yn00,0.3044
2325,OG5315.out_yn00,0.5992
2326,OG2772.out_yn00,0.1412
2327,OG3053.out_yn00,0.1384
2328,OG1711.out_yn00,0.0935
2329,OG2060.out_yn00,0.1918
2330,OG2357.out_yn00,0.0852
2331,OG1098.out_yn00,0.0547
2332,OG4408.out_yn00,0.2291
2333,OG4176.out_yn00,0.0042
2334,OG4899.out_yn00,0.2867
2335,OG2845.out_yn00,0.2923
2336,OG2679.out_yn00,0.3115
2337,OG4310.out_yn00,0.4721
2338,OG4262.out_yn00,0.3666
2339,OG2908.out_yn00,0.3455
2340,OG1139.out_yn00,0.255
2341,OG3313.out_yn00,0.4083
2342,OG4566.out_yn00,0.3261
2343,OG3285.out_yn00,0.1717
2344,OG1665.out_yn00,0.1101
2345,OG1405.out_yn00,0.1088
2346,OG2075.out_yn00,0.2079
2347,OG1833.out_yn00,0.226
2348,OG2098.out_yn00,0.264
2349,OG3668.out_yn00,0.2981
2350,OG2440.out_yn00,0.1093
2351,OG1065.out_yn00,0.2173
2352,OG4144.out_yn00,0.4577
2353,OG3525.out_yn00,0.2189
2354,OG4199.out_yn00,0.1761
2355,OG1416.out_yn00,0.1232
2356,OG2000.out_yn00,0.0683
2357,OG2633.out_yn00,0.1586
2358,OG4087.out_yn00,0.1247
2359,OG3734.out_yn00,0.2632
2360,OG1185.out_yn00,0.2375
2361,OG2547.out_yn00,0.0352
2362,OG1225.out_yn00,0.1241
2363,OG1604.out_yn00,0.0778
2364,OG1493.out_yn00,0.1545
2365,OG3922.out_yn00,0.3638
2366,OG3768.out_yn00,0.1508
2367,OG3032.out_yn00,0.3181
2368,OG4684.out_yn00,0.4867
2369,OG3604.out_yn00,0.2498
2370,OG4254.out_yn00,0.171
2371,OG1963.out_yn00,0.1368
2372,OG2232.out_yn00,0.2444
2373,OG1992.out_yn00,0.1079
2374,OG3857.out_yn00,0.1121
2375,OG2816.out_yn00,0.4599
2376,OG1728.out_yn00,0.1015
2377,OG2608.out_yn00,0.0956
2378,OG1669.out_yn00,0.1532
2379,OG3470.out_yn00,0.2918
2380,OG2773.out_yn00,0.1847
2381,OG3130.out_yn00,0.2145
2382,OG2138.out_yn00,0.2507
2383,OG4221.out_yn00,0.331
2384,OG2960.out_yn00,0.0708
2385,OG2603.out_yn00,0.5678
2386,OG3815.out_yn00,0.6112
2387,OG3219.out_yn00,0.262
2388,OG2168.out_yn00,0.0683
2389,OG2913.out_yn00,0.2243
2390,OG3092.out_yn00,0.0564
2391,OG1793.out_yn00,0.176
2392,OG2769.out_yn00,0.1278
2393,OG1099.out_yn00,0.0974
2394,OG1364.out_yn00,0.2082
2395,OG1162.out_yn00,0.1157
2396,OG3582.out_yn00,0.1159
2397,OG3757.out_yn00,0.2723
2398,OG1975.out_yn00,0.0646
2399,OG2700.out_yn00,0.3362
2400,OG3297.out_yn00,0.3058
2401,OG2858.out_yn00,0.148
2402,OG4651.out_yn00,0.2005
2403,OG2015.out_yn00,0.0922
2404,OG1609.out_yn00,0.0782
2405,OG5560.out_yn00,0.2253
2406,OG1331.out_yn00,0.2156
2407,OG4174.out_yn00,0.3419
2408,OG3051.out_yn00,0.0985
2409,OG1329.out_yn00,0.1103
2410,OG2508.out_yn00,0.0542
2411,OG3095.out_yn00,0.1751
2412,OG5621.out_yn00,0.0856
2413,OG2948.out_yn00,0.1183
2414,OG3147.out_yn00,0.391
2415,OG2686.out_yn00,0.1209
2416,OG3112.out_yn00,0.1406
2417,OG4818.out_yn00,0.1677
2418,OG3563.out_yn00,0.382
2419,OG3493.out_yn00,0.3272
2420,OG5097.out_yn00,0.3833
2421,OG2921.out_yn00,0.2472
2422,OG4058.out_yn00,0.1871
2423,OG3037.out_yn00,0.1117
2424,OG3359.out_yn00,0.1519
2425,OG2733.out_yn00,0.2047
2426,OG3619.out_yn00,0.2846
2427,OG1787.out_yn00,0.3578
2428,OG4550.out_yn00,0.199
2429,OG2420.out_yn00,0.4036
2430,OG2014.out_yn00,0.2323
2431,OG1327.out_yn00,0.4883
2432,OG1649.out_yn00,0.5153
2433,OG1701.out_yn00,0.2559
2434,OG4166.out_yn00,0.2046
2435,OG4605.out_yn00,0.123
2436,OG3106.out_yn00,0.2724
2437,OG2917.out_yn00,0.1688
2438,OG2678.out_yn00,0.2658
2439,OG1838.out_yn00,0.1006
2440,OG1876.out_yn00,0.0556
2441,OG3929.out_yn00,0.1037
2442,OG2219.out_yn00,0.0746
2443,OG2802.out_yn00,0.3684
2444,OG1781.out_yn00,0.168
2445,OG2748.out_yn00,0.1205
2446,OG4169.out_yn00,0.4047
2447,OG3627.out_yn00,0.6467
2448,OG1443.out_yn00,0.3092
2449,OG3153.out_yn00,0.1294
2450,OG4944.out_yn00,0.0987
2451,OG2511.out_yn00,0.4329
2452,OG4122.out_yn00,0.0877
2453,OG1088.out_yn00,0.0341
2454,OG2536.out_yn00,0.3858
2455,OG1057.out_yn00,0.422
2456,OG1000.out_yn00,0.0694
2457,OG2245.out_yn00,0.2352
2458,OG2417.out_yn00,0.2102
2459,OG5009.out_yn00,0.25
2460,OG4313.out_yn00,0.2848
2461,OG4162.out_yn00,0.3764
2462,OG2469.out_yn00,0.1115
2463,OG2542.out_yn00,0.2752
2464,OG2258.out_yn00,0.5395
2465,OG1477.out_yn00,0.1124
2466,OG2918.out_yn00,0.2115
2467,OG4640.out_yn00,0.1317
2468,OG3714.out_yn00,0.1979
2469,OG5129.out_yn00,0.3635
2470,OG1121.out_yn00,0.1538
2471,OG2873.out_yn00,0.1557
2472,OG3908.out_yn00,0.1731
2473,OG2922.out_yn00,0.149
2474,OG3683.out_yn00,0.2418
2475,OG2616.out_yn00,0.2513
2476,OG3841.out_yn00,0.0056
2477,OG2106.out_yn00,0.4456
2478,OG2961.out_yn00,0.5814
2479,OG2856.out_yn00,0.0926
2480,OG1670.out_yn00,0.2064
2481,OG3091.out_yn00,0.2868
2482,OG3182.out_yn00,0.4114
2483,OG1553.out_yn00,0.3508
2484,OG3566.out_yn00,0.2929
2485,OG1547.out_yn00,0.2224
2486,OG4081.out_yn00,0.1741
2487,OG2892.out_yn00,0.3677
2488,OG2926.out_yn00,0.1135
2489,OG3107.out_yn00,0.2353
2490,OG2170.out_yn00,0.0734
2491,OG3430.out_yn00,0.0814
2492,OG4182.out_yn00,0.3626
2493,OG3974.out_yn00,0.3016
2494,OG1215.out_yn00,0.14
2495,OG3992.out_yn00,0.3404
2496,OG2082.out_yn00,0.0485
2497,OG2237.out_yn00,0.4474
2498,OG3348.out_yn00,0.0982
2499,OG4606.out_yn00,0.2281
2500,OG1421.out_yn00,0.3679
2501,OG1344.out_yn00,0.3509
2502,OG3211.out_yn00,0.0802
2503,OG4149.out_yn00,0.3194
2504,OG4270.out_yn00,0.4506
2505,OG4046.out_yn00,0.4549
2506,OG2832.out_yn00,0.1395
2507,OG1698.out_yn00,0.1558
2508,OG3414.out_yn00,0.3394
2509,OG1831.out_yn00,0.1667
2510,OG1339.out_yn00,0.114
2511,OG2743.out_yn00,0.2649
2512,OG1135.out_yn00,0.2189
2513,OG2128.out_yn00,0.2193
2514,OG4361.out_yn00,0.1492
2515,OG4797.out_yn00,0.417
2516,OG3429.out_yn00,0.2682
2517,OG3738.out_yn00,0.5274
2518,OG1769.out_yn00,0.1342
2519,OG2263.out_yn00,0.3646
2520,OG2576.out_yn00,0.1688
2521,OG4216.out_yn00,0.1822
2522,OG3805.out_yn00,0.4024
2523,OG3813.out_yn00,0.1162
2524,OG1231.out_yn00,0.3228
2525,OG3516.out_yn00,0.1322
2526,OG2023.out_yn00,0.1142
2527,OG3180.out_yn00,0.4555
2528,OG1027.out_yn00,0.0207
2529,OG4691.out_yn00,0.187
2530,OG4638.out_yn00,0.3746
2531,OG3617.out_yn00,0.399
2532,OG1357.out_yn00,0.1187
2533,OG1611.out_yn00,0.1071
2534,OG2024.out_yn00,0.119
2535,OG1712.out_yn00,0.3265
2536,OG2551.out_yn00,0.1429
2537,OG1688.out_yn00,0.1539
2538,OG1736.out_yn00,0.0864
2539,OG1546.out_yn00,0.3358
2540,OG2172.out_yn00,0.2765
2541,OG3236.out_yn00,0.1843
2542,OG3652.out_yn00,0.3205
2543,OG1842.out_yn00,0.1602
2544,OG1726.out_yn00,0.7837
2545,OG2546.out_yn00,0.1164
2546,OG1262.out_yn00,0.0626
2547,OG3916.out_yn00,0.3123
2548,OG4678.out_yn00,0.0514
2549,OG2831.out_yn00,0.2765
2550,OG2637.out_yn00,0.1043
2551,OG3021.out_yn00,0.1919
2552,OG4121.out_yn00,0.1507
2553,OG2066.out_yn00,0.1573
2554,OG3419.out_yn00,0.1165
2555,OG2661.out_yn00,0.2831
2556,OG1224.out_yn00,0.1387
2557,OG2907.out_yn00,0.4069
2558,OG3716.out_yn00,0.3783
2559,OG4070.out_yn00,0.174
2560,OG4481.out_yn00,0.1517
2561,OG3152.out_yn00,0.6376
2562,OG2803.out_yn00,0.5686
2563,OG1866.out_yn00,0.2278
2564,OG4305.out_yn00,0.4495
2565,OG3831.out_yn00,0.1221
2566,OG4118.out_yn00,0.2372
2567,OG1488.out_yn00,0.1271
2568,OG1016.out_yn00,0.0803
2569,OG1801.out_yn00,0.1075
2570,OG2567.out_yn00,0.1328
2571,OG3425.out_yn00,0.1709
2572,OG2861.out_yn00,0.3665
2573,OG1607.out_yn00,0.1691
2574,OG2804.out_yn00,0.146
2575,OG4534.out_yn00,0.1537
2576,OG4226.out_yn00,0.0869
2577,OG1107.out_yn00,0.3165
2578,OG3027.out_yn00,0.3189
2579,OG2144.out_yn00,0.1041
2580,OG1761.out_yn00,0.1124
2581,OG1538.out_yn00,0.1266
2582,OG2217.out_yn00,0.1201
2583,OG3004.out_yn00,0.2093
2584,OG2289.out_yn00,0.0707
2585,OG1620.out_yn00,0.1339
2586,OG3506.out_yn00,0.2981
2587,OG3064.out_yn00,0.8951
2588,OG4904.out_yn00,0.3654
2589,OG1540.out_yn00,0.2878
2590,OG3653.out_yn00,0.4618
2591,OG1977.out_yn00,0.078
2592,OG3875.out_yn00,0.0689
2593,OG2699.out_yn00,0.3484
2594,OG2096.out_yn00,0.2476
2595,OG2820.out_yn00,0.6258
2596,OG2688.out_yn00,0.187
2597,OG1104.out_yn00,0.3816
2598,OG3099.out_yn00,0.0785
2599,OG3203.out_yn00,0.3141
2600,OG4867.out_yn00,0.293
2601,OG2957.out_yn00,0.3077
2602,OG2359.out_yn00,0.1531
2603,OG2843.out_yn00,0.1117
2604,OG2979.out_yn00,0.1837
2605,OG2721.out_yn00,0.0672
2606,OG3306.out_yn00,0.1206
2607,OG1302.out_yn00,0.0604
2608,OG2287.out_yn00,0.2744
2609,OG3326.out_yn00,0.274
2610,OG2276.out_yn00,0.0928
2611,OG3834.out_yn00,0.7914
2612,OG2695.out_yn00,0.4848
2613,OG2108.out_yn00,0.0492
2614,OG3005.out_yn00,0.2524
2615,OG3191.out_yn00,0.4184
2616,OG3202.out_yn00,0.5031
2617,OG1791.out_yn00,0.1482
2618,OG2194.out_yn00,0.1431
2619,OG1171.out_yn00,0.0674
2620,OG2188.out_yn00,0.1283
2621,OG3222.out_yn00,0.145
2622,OG2716.out_yn00,0.4019
2623,OG1641.out_yn00,0.2946
2624,OG1283.out_yn00,0.1926
2625,OG2272.out_yn00,0.2969
2626,OG3218.out_yn00,0.3918
2627,OG2607.out_yn00,0.1292
2628,OG3969.out_yn00,0.2692
2629,OG2341.out_yn00,0.4254
2630,OG1551.out_yn00,0.2947
2631,OG4553.out_yn00,0.1846
2632,OG4377.out_yn00,0.1962
2633,OG1902.out_yn00,0.1229
2634,OG1061.out_yn00,0.0478
2635,OG1945.out_yn00,0.5325
2636,OG2813.out_yn00,0.2794
2637,OG1813.out_yn00,0.1989
2638,OG2453.out_yn00,0.1843
2639,OG1595.out_yn00,0.1713
2640,OG11856.out_yn00,0.1702
2641,OG3014.out_yn00,0.3578
2642,OG4679.out_yn00,0.1108
2643,OG1440.out_yn00,0.0658
2644,OG4266.out_yn00,0.2532
2645,OG3980.out_yn00,0.1822
2646,OG1949.out_yn00,0.2406
2647,OG3402.out_yn00,0.036
2648,OG1713.out_yn00,0.2124
2649,OG2264.out_yn00,0.2752
2650,OG1402.out_yn00,0.1786
2651,OG4093.out_yn00,0.156
2652,OG3732.out_yn00,0.1522
2653,OG1142.out_yn00,0.0317
2654,OG1716.out_yn00,0.4545
2655,OG1197.out_yn00,0.4368
2656,OG3882.out_yn00,0.3479
2657,OG2322.out_yn00,0.1957
2658,OG4116.out_yn00,0.1175
2659,OG4282.out_yn00,0.5025
2660,OG2798.out_yn00,0.2882
2661,OG4038.out_yn00,0.221
2662,OG3860.out_yn00,0.1592
2663,OG2719.out_yn00,0.1348
2664,OG3832.out_yn00,0.3097
2665,OG1216.out_yn00,0.1082
2666,OG3932.out_yn00,0.2524
2667,OG1703.out_yn00,0.144
2668,OG3129.out_yn00,0.2082
2669,OG1432.out_yn00,0.2648
2670,OG1003.out_yn00,0.0748
2671,OG3364.out_yn00,0.3148
2672,OG3309.out_yn00,0.1613
2673,OG2876.out_yn00,0.2492
2674,OG4671.out_yn00,0.3186
2675,OG2251.out_yn00,0.6103
2676,OG3508.out_yn00,0.1953
2677,OG3296.out_yn00,0.1248
2678,OG2005.out_yn00,0.3887
2679,OG3220.out_yn00,0.2573
2680,OG3243.out_yn00,0.1161
2681,OG4952.out_yn00,0.1539
2682,OG3967.out_yn00,0.1599
2683,OG3484.out_yn00,0.1641
2684,OG2756.out_yn00,0.1187
2685,OG2933.out_yn00,0.5421
2686,OG1428.out_yn00,0.2652
2687,OG3292.out_yn00,0.1135
2688,OG2984.out_yn00,0.0905
2689,OG1025.out_yn00,0.1323
2690,OG2920.out_yn00,0.16
2691,OG3404.out_yn00,0.0054
2692,OG3109.out_yn00,0.4604
2693,OG2923.out_yn00,0.4035
2694,OG2374.out_yn00,0.3333
2695,OG1036.out_yn00,0.231
2696,OG2256.out_yn00,0.2962
2697,OG1746.out_yn00,0.0918
2698,OG3676.out_yn00,0.1507
2699,OG2577.out_yn00,0.0754
2700,OG2403.out_yn00,0.2926
2701,OG2130.out_yn00,0.0691
2702,OG3502.out_yn00,0.1251
2703,OG1672.out_yn00,0.3757
2704,OG3195.out_yn00,0.0439
2705,OG4914.out_yn00,0.3324
2706,OG2155.out_yn00,0.1218
2707,OG4355.out_yn00,0.201
2708,OG1616.out_yn00,0.3883
2709,OG1691.out_yn00,0.1125
2710,OG3215.out_yn00,0.1245
2711,OG4740.out_yn00,0.2626
2712,OG3131.out_yn00,0.1618
2713,OG3041.out_yn00,0.1488
2714,OG4883.out_yn00,0.2317
2715,OG4453.out_yn00,0.0068
2716,OG3792.out_yn00,0.2646
2717,OG2997.out_yn00,0.2452
2718,OG2928.out_yn00,0.0814
2719,OG3239.out_yn00,0.1962
2720,OG2397.out_yn00,0.2125
2721,OG3096.out_yn00,0.5054
2722,OG3521.out_yn00,0.131
2723,OG1167.out_yn00,0.1151
2724,OG3160.out_yn00,0.0829
2725,OG1951.out_yn00,0.0976
2726,OG1040.out_yn00,0.2285
2727,OG1112.out_yn00,0.0923
2728,OG2148.out_yn00,0.0277
2729,OG3940.out_yn00,0.1247
2730,OG2197.out_yn00,0.2595
2731,OG11897.out_yn00,0.002
2732,OG3705.out_yn00,0.5188
2733,OG3391.out_yn00,0.1858
2734,OG4923.out_yn00,0.4647
2735,OG4488.out_yn00,0.1752
2736,OG3143.out_yn00,0.2351
2737,OG1662.out_yn00,0.1866
2738,OG3463.out_yn00,0.1582
2739,OG1343.out_yn00,0.1242
2740,OG2713.out_yn00,0.29
2741,OG1020.out_yn00,0.2806
2742,OG3176.out_yn00,0.1679
2743,OG4101.out_yn00,0.4873
2744,OG4650.out_yn00,0.1671
2745,OG1387.out_yn00,0.4928
2746,OG1667.out_yn00,0.1866
2747,OG1923.out_yn00,0.1718
2748,OG4068.out_yn00,0.1494
2749,OG4057.out_yn00,0.1962
2750,OG3156.out_yn00,0.2861
2751,OG3478.out_yn00,0.6233
2752,OG2850.out_yn00,0.3204
2753,OG1748.out_yn00,0.1882
2754,OG1063.out_yn00,0.2242
2755,OG2073.out_yn00,0.1296
2756,OG4005.out_yn00,0.7858
2757,OG4183.out_yn00,0.306
2758,OG2697.out_yn00,0.4062
2759,OG1359.out_yn00,0.1079
2760,OG3100.out_yn00,0.125
2761,OG1806.out_yn00,0.2908
2762,OG1458.out_yn00,0.1129
2763,OG3125.out_yn00,0.3854
2764,OG3479.out_yn00,0.274
2765,OG2642.out_yn00,0.1538
2766,OG1929.out_yn00,0.0409
2767,OG2095.out_yn00,0.1419
2768,OG2623.out_yn00,0.5379
2769,OG4248.out_yn00,0.1567
2770,OG3214.out_yn00,0.0655
2771,OG3606.out_yn00,0.4112
2772,OG1886.out_yn00,0.1393
2773,OG3946.out_yn00,0.0895
2774,OG4399.out_yn00,0.127
2775,OG2131.out_yn00,0.5525
2776,OG2988.out_yn00,0.3056
2777,OG4862.out_yn00,0.1924
2778,OG3928.out_yn00,0.4457
2779,OG3927.out_yn00,0.1934
2780,OG2274.out_yn00,0.3665
2781,OG3699.out_yn00,0.2528
2782,OG2283.out_yn00,0.344
2783,OG1400.out_yn00,0.146
2784,OG3380.out_yn00,0.2324
2785,OG1250.out_yn00,0.0568
2786,OG2052.out_yn00,0.3479
2787,OG4812.out_yn00,0.1596
2788,OG3490.out_yn00,0.1331
2789,OG2366.out_yn00,0.154
2790,OG2513.out_yn00,0.0945
2791,OG3810.out_yn00,0.3625
2792,OG2927.out_yn00,0.0355
2793,OG2656.out_yn00,0.1131
2794,OG2874.out_yn00,0.1006
2795,OG2675.out_yn00,0.1785
2796,OG3507.out_yn00,0.3097
2797,OG2025.out_yn00,0.271
2798,OG3233.out_yn00,0.184
2799,OG3830.out_yn00,0.1789
2800,OG1531.out_yn00,0.0409
2801,OG1956.out_yn00,0.1211
2802,OG3585.out_yn00,0.1192
2803,OG3003.out_yn00,0.3961
2804,OG2216.out_yn00,0.2151
2805,OG3545.out_yn00,0.2157
2806,OG2065.out_yn00,0.0803
2807,OG3706.out_yn00,0.4352
2808,OG1899.out_yn00,0.1858
2809,OG3102.out_yn00,0.7177
2810,OG3412.out_yn00,0.3402
2811,OG2797.out_yn00,0.1945
2812,OG2767.out_yn00,0.323
2813,OG2727.out_yn00,0.4443
2814,OG2157.out_yn00,0.1402
2815,OG4180.out_yn00,0.0932
2816,OG2529.out_yn00,0.1337
2817,OG3587.out_yn00,0.1841
2818,OG3098.out_yn00,0.128
2819,OG2134.out_yn00,0.0935
2820,OG4130.out_yn00,0.1464
2821,OG2655.out_yn00,0.06
2822,OG2055.out_yn00,0.1294
2823,OG3172.out_yn00,0.2514
2824,OG1007.out_yn00,0.0956
2825,OG3509.out_yn00,0.0833
2826,OG3345.out_yn00,0.2409
2827,OG1109.out_yn00,0.1288
2828,OG2904.out_yn00,0.2371
2829,OG1084.out_yn00,0.1967
2830,OG3838.out_yn00,0.3056
2831,OG2787.out_yn00,0.1288
2832,OG2309.out_yn00,0.0634
2833,OG3300.out_yn00,0.133
2834,OG2301.out_yn00,0.2734
2835,OG2382.out_yn00,0.1879
2836,OG1328.out_yn00,0.235
2837,OG3898.out_yn00,0.3601
2838,OG3265.out_yn00,0.1337
2839,OG1502.out_yn00,0.1091
2840,OG3332.out_yn00,0.2483
2841,OG2292.out_yn00,0.1994
2842,OG1030.out_yn00,0.1441
2843,OG2586.out_yn00,0.0287
2844,OG3284.out_yn00,0.1474
2845,OG2912.out_yn00,0.1559
2846,OG4094.out_yn00,0.2814
2847,OG1576.out_yn00,0.1448
2848,OG2016.out_yn00,0.1179
2849,OG1093.out_yn00,0.0434
2850,OG2460.out_yn00,0.3513
2851,OG3957.out_yn00,0.2647
2852,OG2043.out_yn00,0.2427
2853,OG2311.out_yn00,0.0054
2854,OG2259.out_yn00,0.1263
2855,OG4078.out_yn00,0.1496
2856,OG1153.out_yn00,0.1734
2857,OG2612.out_yn00,0.469
2858,OG3731.out_yn00,0.1707
2859,OG1515.out_yn00,0.1306
2860,OG2375.out_yn00,0.1214
2861,OG3216.out_yn00,0.2338
2862,OG2883.out_yn00,0.3829
2863,OG2618.out_yn00,0.429
2864,OG2982.out_yn00,0.4119
2865,OG1550.out_yn00,0.162
2866,OG3363.out_yn00,0.0867
2867,OG3877.out_yn00,0.371
2868,OG1723.out_yn00,0.0927
2869,OG4362.out_yn00,1.1511
2870,OG3360.out_yn00,0.1418
2871,OG3447.out_yn00,0.1759
2872,OG1267.out_yn00,0.0421
2873,OG2644.out_yn00,0.2543
2874,OG4109.out_yn00,0.1671
2875,OG1094.out_yn00,0.0876
2876,OG2167.out_yn00,0.3414
2877,OG3804.out_yn00,0.2613
2878,OG1191.out_yn00,0.3493
2879,OG3835.out_yn00,0.3561
2880,OG4300.out_yn00,0.1964
2881,OG2659.out_yn00,0.5076
2882,OG1520.out_yn00,0.2638
2883,OG4186.out_yn00,0.3841
2884,OG4353.out_yn00,0.5977
2885,OG1727.out_yn00,0.1088
2886,OG2189.out_yn00,0.8592
2887,OG1673.out_yn00,0.2221
2888,OG4703.out_yn00,0.259
2889,OG1050.out_yn00,0.4704
2890,OG2492.out_yn00,0.5561
2891,OG1700.out_yn00,0.4087
2892,OG3749.out_yn00,0.1621
2893,OG3497.out_yn00,0.5662
2894,OG3670.out_yn00,0.1901
2895,OG3395.out_yn00,0.1986
2896,OG2475.out_yn00,0.2491
2897,OG3720.out_yn00,0.1453
2898,OG3777.out_yn00,0.5445
2899,OG1110.out_yn00,0.1742
2900,OG4519.out_yn00,0.6675
2901,OG4256.out_yn00,0.164
2902,OG1052.out_yn00,0.0278
2903,OG2111.out_yn00,0.0413
2904,OG3336.out_yn00,0.1148
2905,OG1730.out_yn00,0.0749
2906,OG3323.out_yn00,0.2786
2907,OG2869.out_yn00,0.2285
2908,OG4185.out_yn00,0.1169
2909,OG2867.out_yn00,0.1695
2910,OG2635.out_yn00,0.0535
2911,OG1864.out_yn00,0.1022
2912,OG3626.out_yn00,0.3351
2913,OG1786.out_yn00,0.1362
2914,OG2204.out_yn00,0.4495
2915,OG1401.out_yn00,0.1324
2916,OG4246.out_yn00,0.5655
2917,OG2350.out_yn00,0.2441
2918,OG4279.out_yn00,0.203
2919,OG2275.out_yn00,0.1831
2920,OG1280.out_yn00,0.5382
2921,OG3237.out_yn00,0.3787
2922,OG1429.out_yn00,0.0455
2923,OG2223.out_yn00,0.0669
2924,OG5286.out_yn00,0.2043
2925,OG2160.out_yn00,0.2185
2926,OG4338.out_yn00,0.1529
2927,OG3169.out_yn00,0.1458
2928,OG2534.out_yn00,0.151
2929,OG3650.out_yn00,0.1824
2930,OG3002.out_yn00,0.0947
2931,OG3013.out_yn00,0.1061
2932,OG4628.out_yn00,0.1356
2933,OG1033.out_yn00,0.0606
2934,OG2524.out_yn00,0.3359
2935,OG2610.out_yn00,0.3155
2936,OG1779.out_yn00,0.0604
2937,OG3350.out_yn00,0.1344
2938,OG5081.out_yn00,0.0819
2939,OG1292.out_yn00,0.1473
2940,OG3221.out_yn00,0.0813
2941,OG4396.out_yn00,0.171
2942,OG1919.out_yn00,0.2316
2943,OG3911.out_yn00,0.1827
2944,OG1510.out_yn00,0.3673
2945,OG2785.out_yn00,0.1699
2946,OG3023.out_yn00,0.2562
2947,OG3870.out_yn00,0.1512
2948,OG3504.out_yn00,0.3163
2949,OG2207.out_yn00,0.2921
2950,OG2572.out_yn00,0.1137
2951,OG1019.out_yn00,0.171
2952,OG2249.out_yn00,0.1167
2953,OG1460.out_yn00,0.0401
2954,OG6112.out_yn00,0.1399
2955,OG1803.out_yn00,0.2904
2956,OG1792.out_yn00,0.2357
2957,OG3385.out_yn00,0.2006
2958,OG2177.out_yn00,0.1011
2959,OG1407.out_yn00,0.1624
2960,OG1303.out_yn00,0.1044
2961,OG1456.out_yn00,0.1607
2962,OG3407.out_yn00,0.1617
2963,OG4129.out_yn00,0.3772
2964,OG3040.out_yn00,0.3378
2965,OG2449.out_yn00,0.1448
2966,OG1154.out_yn00,0.3623
2967,OG1218.out_yn00,0.0479
2968,OG2514.out_yn00,0.2265
2969,OG1534.out_yn00,0.071
2970,OG4384.out_yn00,0.406
2971,OG3694.out_yn00,0.2896
2972,OG2906.out_yn00,0.1901
2973,OG2185.out_yn00,0.4622
2974,OG2429.out_yn00,0.2479
2975,OG3374.out_yn00,0.0063
2976,OG1661.out_yn00,0.21
2977,OG1235.out_yn00,0.1932
2978,OG1466.out_yn00,0.3327
2979,OG2265.out_yn00,0.188
2980,OG2399.out_yn00,0.1515
2981,OG1690.out_yn00,0.2531
2982,OG2305.out_yn00,0.1031
2983,OG3778.out_yn00,0.1384
2984,OG2600.out_yn00,0.1367
2985,OG2310.out_yn00,0.5795
2986,OG2841.out_yn00,0.1589
2987,OG4178.out_yn00,0.4966
2988,OG3063.out_yn00,0.0986
2989,OG5150.out_yn00,0.4431
2990,OG3654.out_yn00,0.2752
2991,OG1627.out_yn00,0.1183
2992,OG1478.out_yn00,0.1785
2993,OG1724.out_yn00,0.051
2994,OG2388.out_yn00,0.2749
2995,OG2271.out_yn00,0.3352
2996,OG3915.out_yn00,0.3349
2997,OG2423.out_yn00,0.2804
2998,OG2063.out_yn00,0.0845
2999,OG4083.out_yn00,0.1583
3000,OG4601.out_yn00,0.1655
3001,OG1832.out_yn00,0.0566
3002,OG1804.out_yn00,0.069
3003,OG4045.out_yn00,0.1582
3004,OG3377.out_yn00,0.0899
3005,OG1658.out_yn00,0.2508
3006,OG1097.out_yn00,0.246
3007,OG1122.out_yn00,0.4498
3008,OG3038.out_yn00,0.1865
3009,OG1067.out_yn00,0.2351
3010,OG3880.out_yn00,0.3897
3011,OG4364.out_yn00,0.206
3012,OG4293.out_yn00,0.3411
3013,OG4393.out_yn00,0.2589
3014,OG4181.out_yn00,0.1499
3015,OG1461.out_yn00,0.2431
3016,OG3155.out_yn00,0.3941
3017,OG2541.out_yn00,0.2484
3018,OG3999.out_yn00,0.1634
3019,OG1011.out_yn00,0.1081
3020,OG4868.out_yn00,0.3469
3021,OG2499.out_yn00,0.1974
3022,OG2136.out_yn00,0.1254
3023,OG4365.out_yn00,0.9987
3024,OG1928.out_yn00,0.4237
3025,OG1077.out_yn00,0.2685
3026,OG2630.out_yn00,0.6152
3027,OG1245.out_yn00,0.0451
3028,OG2086.out_yn00,0.1472
3029,OG4977.out_yn00,0.189
3030,OG1176.out_yn00,0.2901
3031,OG1192.out_yn00,0.3523
3032,OG2725.out_yn00,0.1371
3033,OG2621.out_yn00,0.1677
3034,OG1062.out_yn00,0.2219
3035,OG1073.out_yn00,0.1639
3036,OG3593.out_yn00,0.1308
3037,OG1180.out_yn00,0.2548
3038,OG2742.out_yn00,0.0126
3039,OG2950.out_yn00,0.0926
3040,OG3119.out_yn00,0.4665
3041,OG3939.out_yn00,0.217
3042,OG2606.out_yn00,0.1425
3043,OG2504.out_yn00,0.2003
3044,OG2163.out_yn00,0.096
3045,OG2516.out_yn00,0.3689
3046,OG4685.out_yn00,0.6079
3047,OG3561.out_yn00,0.237
3048,OG1008.out_yn00,0.0873
3049,OG1202.out_yn00,0.4316
3050,OG5293.out_yn00,0.4575
3051,OG1155.out_yn00,0.2607
3052,OG1931.out_yn00,0.0473
3053,OG1126.out_yn00,0.1013
3054,OG4409.out_yn00,0.139
3055,OG1476.out_yn00,0.2523
3056,OG2279.out_yn00,0.1489
3057,OG2487.out_yn00,0.2581
3058,OG1159.out_yn00,0.0804
3059,OG2447.out_yn00,0.1932
3060,OG3659.out_yn00,0.3149
3061,OG2343.out_yn00,0.1682
3062,OG4582.out_yn00,0.3657
3063,OG3460.out_yn00,0.1125
3064,OG2297.out_yn00,0.2276
3065,OG3756.out_yn00,0.6362
3066,OG3199.out_yn00,0.7233
3067,OG1119.out_yn00,0.1093
3068,OG2490.out_yn00,0.2081
3069,OG1933.out_yn00,0.22
3070,OG2294.out_yn00,0.3402
3071,OG3164.out_yn00,0.334
3072,OG1241.out_yn00,0.1438
3073,OG1819.out_yn00,0.0544
3074,OG4707.out_yn00,0.076
3075,OG3022.out_yn00,0.2989
3076,OG4395.out_yn00,0.3418
3077,OG1959.out_yn00,0.1646
3078,OG2880.out_yn00,0.1873
3079,OG2939.out_yn00,0.0533
3080,OG2683.out_yn00,0.1131
3081,OG1222.out_yn00,0.2207
3082,OG1800.out_yn00,0.1338
3083,OG5350.out_yn00,0.1367
3084,OG3559.out_yn00,0.1528
3085,OG1026.out_yn00,0.0585
3086,OG4439.out_yn00,0.1699
3087,OG1722.out_yn00,0.0696
3088,OG3906.out_yn00,0.1615
3089,OG4209.out_yn00,0.189
3090,OG3914.out_yn00,0.2913
3091,OG1865.out_yn00,0.1452
3092,OG2115.out_yn00,0.5392
3093,OG4675.out_yn00,0.1565
3094,OG4673.out_yn00,0.1632
3095,OG3827.out_yn00,0.2121
3096,OG3842.out_yn00,0.5344
3097,OG2863.out_yn00,0.1416
3098,OG2973.out_yn00,0.2643
3099,OG1070.out_yn00,0.0196
3100,OG2031.out_yn00,0.1077
3101,OG1281.out_yn00,0.223
3102,OG3751.out_yn00,0.2495
3103,OG3995.out_yn00,0.6052
3104,OG3876.out_yn00,0.1285
3105,OG4000.out_yn00,0.5599
3106,OG3979.out_yn00,0.3402
3107,OG2364.out_yn00,0.1597
3108,OG1685.out_yn00,0.066
3109,OG1561.out_yn00,0.1275
3110,OG3685.out_yn00,0.0999
3111,OG3544.out_yn00,0.1209
3112,OG2045.out_yn00,0.1868
3113,OG2211.out_yn00,0.4388
3114,OG4267.out_yn00,0.3331
3115,OG2039.out_yn00,0.0748
3116,OG4750.out_yn00,0.4611
3117,OG3231.out_yn00,0.1532
3118,OG3667.out_yn00,0.258
3119,OG2361.out_yn00,0.1266
3120,OG1930.out_yn00,0.0576
3121,OG3948.out_yn00,0.2115
3122,OG2183.out_yn00,0.1885
3123,OG2533.out_yn00,0.1465
3124,OG2693.out_yn00,0.2359
3125,OG2615.out_yn00,0.3869
3126,OG3823.out_yn00,0.0037
3127,OG2424.out_yn00,0.0945
3128,OG3137.out_yn00,0.1491
3129,OG1273.out_yn00,0.2374
3130,OG4907.out_yn00,0.469
3131,OG2113.out_yn00,0.1132
3132,OG3438.out_yn00,0.2806
3133,OG2777.out_yn00,0.2269
3134,OG3950.out_yn00,0.458
3135,OG1382.out_yn00,0.216
3136,OG2419.out_yn00,0.0736
3137,OG2945.out_yn00,0.1172
3138,OG3101.out_yn00,0.1516
3139,OG3421.out_yn00,0.2197
3140,OG4285.out_yn00,0.287
3141,OG2991.out_yn00,0.3043
3142,OG3417.out_yn00,0.2827
3143,OG4163.out_yn00,0.1589
3144,OG4249.out_yn00,0.2201
3145,OG3008.out_yn00,0.1385
3146,OG1409.out_yn00,0.0363
3147,OG2067.out_yn00,0.1498
3148,OG1749.out_yn00,0.0383
3149,OG1124.out_yn00,0.9786
3150,OG4839.out_yn00,0.4946
3151,OG3308.out_yn00,0.1647
3152,OG5169.out_yn00,0.1862
3153,OG1877.out_yn00,0.1306
3154,OG4154.out_yn00,0.2806
3155,OG1675.out_yn00,0.1569
3156,OG3658.out_yn00,0.1287
3157,OG2736.out_yn00,0.5623
3158,OG2239.out_yn00,0.6088
3159,OG1599.out_yn00,0.0716
3160,OG2703.out_yn00,0.1929
3161,OG4352.out_yn00,0.1283
3162,OG3864.out_yn00,0.1013
3163,OG1459.out_yn00,0.1275
3164,OG4970.out_yn00,0.1939
3165,OG2944.out_yn00,0.3919
3166,OG1597.out_yn00,0.1867
3167,OG1858.out_yn00,0.2886
3168,OG1856.out_yn00,0.1936
3169,OG4579.out_yn00,0.1596
3170,OG3801.out_yn00,0.1939
3171,OG3046.out_yn00,0.3104
3172,OG4373.out_yn00,0.2422
3173,OG4623.out_yn00,0.2029
3174,OG4014.out_yn00,0.3035
3175,OG1867.out_yn00,0.2281
3176,OG1648.out_yn00,0.4057
3177,OG2414.out_yn00,0.1117
3178,OG3663.out_yn00,0.0799
3179,OG2509.out_yn00,0.1828
3180,OG1294.out_yn00,0.0876
3181,OG4210.out_yn00,0.195
3182,OG3938.out_yn00,0.3569
3183,OG3081.out_yn00,0.2137
3184,OG2335.out_yn00,0.2215
3185,OG3302.out_yn00,0.2762
3186,OG4712.out_yn00,0.2492
3187,OG3555.out_yn00,0.1095
3188,OG2214.out_yn00,0.1651
3189,OG3295.out_yn00,0.897
3190,OG3187.out_yn00,0.0938
3191,OG1582.out_yn00,0.4385
3192,OG2409.out_yn00,0.1665
3193,OG2645.out_yn00,0.1174
3194,OG4541.out_yn00,0.4386
3195,OG2571.out_yn00,0.2756
3196,OG1938.out_yn00,0.2371
3197,OG1075.out_yn00,0.1157
3198,OG3793.out_yn00,0.4288
3199,OG2554.out_yn00,0.1789
3200,OG3580.out_yn00,0.0058
3201,OG3161.out_yn00,0.7737
3202,OG2433.out_yn00,0.1251
3203,OG1564.out_yn00,0.2099
3204,OG1232.out_yn00,0.1109
3205,OG4357.out_yn00,0.1999
3206,OG4446.out_yn00,0.4352
3207,OG3150.out_yn00,0.0946
3208,OG4755.out_yn00,0.0645
3209,OG3500.out_yn00,0.1614
3210,OG2355.out_yn00,0.0713
3211,OG2401.out_yn00,0.0352
3212,OG1983.out_yn00,0.1393
3213,OG2613.out_yn00,0.058
3214,OG3549.out_yn00,0.081
3215,OG4099.out_yn00,0.1632
3216,OG2839.out_yn00,0.2475
3217,OG3206.out_yn00,0.7313
3218,OG4356.out_yn00,0.174
3219,OG1830.out_yn00,0.3971
3220,OG3986.out_yn00,0.3139
3221,OG3183.out_yn00,0.1645
3222,OG3141.out_yn00,0.1985
3223,OG4882.out_yn00,0.4059
3224,OG2937.out_yn00,0.1345
3225,OG1585.out_yn00,0.1339
3226,OG3373.out_yn00,0.1845
3227,OG3267.out_yn00,0.2892
3228,OG3329.out_yn00,0.1531
3229,OG1971.out_yn00,0.4476
3230,OG1207.out_yn00,0.4097
3231,OG2323.out_yn00,0.2535
3232,OG3151.out_yn00,0.2291
3233,OG1396.out_yn00,0.384
3234,OG2993.out_yn00,0.4774
3235,OG2601.out_yn00,0.2162
3236,OG3818.out_yn00,0.1356
3237,OG3344.out_yn00,0.1164
3238,OG1130.out_yn00,0.1609
3239,OG2071.out_yn00,0.1863
3240,OG3533.out_yn00,0.2207
3241,OG1873.out_yn00,0.2023
3242,OG2470.out_yn00,0.1367
3243,OG3078.out_yn00,0.1258
3244,OG3322.out_yn00,0.3021
3245,OG2723.out_yn00,0.1519
3246,OG3736.out_yn00,0.1387
3247,OG4064.out_yn00,0.1192
3248,OG3462.out_yn00,0.0868
3249,OG4263.out_yn00,0.2115
3250,OG3779.out_yn00,0.0999
3251,OG3485.out_yn00,0.9226
3252,OG2261.out_yn00,0.4137
3253,OG3080.out_yn00,0.1236
3254,OG3575.out_yn00,0.1199
3255,OG4368.out_yn00,0.1539
3256,OG3171.out_yn00,0.4491
3257,OG2972.out_yn00,0.1646
3258,OG3397.out_yn00,0.1904
3259,OG2737.out_yn00,0.0588
3260,OG3628.out_yn00,0.1545
3261,OG3465.out_yn00,0.4873
3262,OG3609.out_yn00,0.4101
3263,OG1708.out_yn00,0.3119
3264,OG2413.out_yn00,0.1459
3265,OG3244.out_yn00,0.2174
3266,OG4104.out_yn00,0.2122
3267,OG2036.out_yn00,0.0621
3268,OG1635.out_yn00,0.0801
3269,OG3488.out_yn00,0.3464
3270,OG1253.out_yn00,0.3015
3271,OG1925.out_yn00,0.1229
3272,OG1571.out_yn00,0.4748
3273,OG2362.out_yn00,0.4924
3274,OG3047.out_yn00,0.2268
3275,OG1660.out_yn00,0.1061
3276,OG2970.out_yn00,0.125
3277,OG1953.out_yn00,0.2986
3278,OG1704.out_yn00,0.1806
3279,OG3406.out_yn00,0.4878
3280,OG1483.out_yn00,0.1101
3281,OG3103.out_yn00,0.1021
3282,OG2807.out_yn00,0.1387
3283,OG3976.out_yn00,0.3422
3284,OG3305.out_yn00,0.1514
3285,OG1312.out_yn00,0.2232
3286,OG4283.out_yn00,0.2261
3287,OG2381.out_yn00,0.2873
3288,OG1943.out_yn00,0.1763
3289,OG3240.out_yn00,0.1256
3290,OG4624.out_yn00,0.0874
3291,OG1985.out_yn00,0.0792
3292,OG1885.out_yn00,0.0204
3293,OG2670.out_yn00,0.2972
3294,OG2784.out_yn00,0.0046
3295,OG1881.out_yn00,0.1251
3296,OG3274.out_yn00,0.4283
3297,OG3193.out_yn00,0.1555
3298,OG1196.out_yn00,0.1513
3299,OG1321.out_yn00,0.0746
3300,OG1969.out_yn00,0.1788
3301,OG4329.out_yn00,0.2604
3302,OG1004.out_yn00,0.0392
3303,OG1265.out_yn00,0.268
3304,OG1226.out_yn00,0.1274
3305,OG3799.out_yn00,0.3133
3306,OG3184.out_yn00,0.177
3307,OG5063.out_yn00,0.5936
3308,OG3542.out_yn00,0.1882
3309,OG2647.out_yn00,0.2754
3310,OG4238.out_yn00,0.2627
3311,OG3071.out_yn00,0.4375
3312,OG1555.out_yn00,0.4504
3313,OG2996.out_yn00,0.058
3314,OG1646.out_yn00,0.2062
3315,OG1664.out_yn00,0.1219
3316,OG3097.out_yn00,0.1297
3317,OG4366.out_yn00,0.3709
3318,OG3696.out_yn00,0.5026
3319,OG3266.out_yn00,0.3899
3320,OG3025.out_yn00,0.1699
3321,OG3879.out_yn00,0.1651
3322,OG3011.out_yn00,0.2106
3323,OG1766.out_yn00,0.0658
3324,OG4652.out_yn00,0.2552
3325,OG1152.out_yn00,0.2365
3326,OG2363.out_yn00,0.3034
3327,OG4088.out_yn00,0.4988
3328,OG3392.out_yn00,0.4763
3329,OG2267.out_yn00,0.4716
3330,OG1219.out_yn00,0.1665
3331,OG1341.out_yn00,0.2094
3332,OG2791.out_yn00,0.1573
3333,OG3054.out_yn00,0.473
3334,OG2898.out_yn00,0.5334
3335,OG2667.out_yn00,0.1533
3336,OG2133.out_yn00,0.2135
3337,OG1279.out_yn00,0.0446
3338,OG1501.out_yn00,0.1406
3339,OG3669.out_yn00,0.9059
3340,OG2446.out_yn00,0.3744
3341,OG3132.out_yn00,0.0279
3342,OG1880.out_yn00,0.2002
3343,OG1601.out_yn00,0.1883
3344,OG1798.out_yn00,0.1918
3345,OG3816.out_yn00,0.1221
3346,OG3168.out_yn00,0.1757
3347,OG1427.out_yn00,0.2166
3348,OG2199.out_yn00,0.1404
3349,OG3795.out_yn00,0.3979
3350,OG1209.out_yn00,0.1625
3351,OG4776.out_yn00,0.267
3352,OG3819.out_yn00,0.1504
3353,OG2580.out_yn00,0.2544
3354,OG3162.out_yn00,0.4272
3355,OG1117.out_yn00,0.2883
3356,OG2724.out_yn00,0.1371
3357,OG1821.out_yn00,0.1702
3358,OG2367.out_yn00,0.0839
3359,OG2575.out_yn00,0.1174
3360,OG2632.out_yn00,0.1385
3361,OG3087.out_yn00,0.1942
3362,OG3060.out_yn00,0.0052
3363,OG2007.out_yn00,0.0986
3364,OG2383.out_yn00,0.0649
3365,OG3740.out_yn00,0.229
3366,OG2336.out_yn00,0.2867
3367,OG2491.out_yn00,0.3576
3368,OG2730.out_yn00,0.1786
3369,OG3458.out_yn00,0.1452
3370,OG4660.out_yn00,0.5392
3371,OG2434.out_yn00,0.226
3372,OG3661.out_yn00,0.1051
3373,OG1790.out_yn00,0.3603
3374,OG3671.out_yn00,0.4197
3375,OG2968.out_yn00,0.0279
3376,OG2431.out_yn00,0.0955
3377,OG3045.out_yn00,0.3606
3378,OG2295.out_yn00,0.0916
3379,OG3784.out_yn00,0.0964
3380,OG3461.out_yn00,0.1194
3381,OG3887.out_yn00,0.0052
3382,OG2102.out_yn00,0.096
3383,OG4843.out_yn00,0.229
3384,OG1054.out_yn00,0.2005
3385,OG1489.out_yn00,0.1388
3386,OG2544.out_yn00,0.1532
3387,OG2206.out_yn00,0.193
3388,OG2101.out_yn00,0.1558
3389,OG2234.out_yn00,0.5336
3390,OG1442.out_yn00,0.1593
3391,OG4119.out_yn00,0.3405
3392,OG1041.out_yn00,0.2148
3393,OG3917.out_yn00,0.1631
3394,OG2780.out_yn00,0.2487
3395,OG3537.out_yn00,0.2743
3396,OG1498.out_yn00,0.1055
3397,OG2445.out_yn00,0.0621
3398,OG3466.out_yn00,0.7315
3399,OG4599.out_yn00,0.1671
3400,OG2805.out_yn00,0.4004
3401,OG4023.out_yn00,0.3807
3402,OG1556.out_yn00,0.0539
3403,OG1734.out_yn00,0.2021
3404,OG4403.out_yn00,0.1639
3405,OG3170.out_yn00,0.2842
3406,OG3089.out_yn00,0.1886
3407,OG1069.out_yn00,0.3233
3408,OG3568.out_yn00,0.3692
3409,OG4030.out_yn00,0.3427
3410,OG4608.out_yn00,0.1137
3411,OG2238.out_yn00,0.1057
3412,OG1725.out_yn00,0.0873
3413,OG3317.out_yn00,0.0026
3414,OG4391.out_yn00,0.1563
3415,OG1682.out_yn00,0.1237
3416,OG1361.out_yn00,0.2525
3417,OG2793.out_yn00,0.2502
3418,OG3235.out_yn00,0.1761
3419,OG3858.out_yn00,0.1568
3420,OG4681.out_yn00,0.4483
3421,OG2284.out_yn00,0.5181
3422,OG4157.out_yn00,0.3365
3423,OG3255.out_yn00,0.2057
3424,OG3989.out_yn00,0.1968
3425,OG1467.out_yn00,0.7113
3426,OG4013.out_yn00,0.2462
3427,OG1733.out_yn00,0.2284
3428,OG1829.out_yn00,0.1892
3429,OG3796.out_yn00,0.1698
3430,OG3403.out_yn00,0.2292
3431,OG2337.out_yn00,0.1235
3432,OG3677.out_yn00,0.2726
3433,OG1687.out_yn00,0.1188
3434,OG1311.out_yn00,0.127
3435,OG2340.out_yn00,0.2066
3436,OG4342.out_yn00,0.1473
3437,OG3723.out_yn00,0.1617
3438,OG3387.out_yn00,0.0883
3439,OG1849.out_yn00,0.2966
3440,OG3693.out_yn00,0.1506
3441,OG2775.out_yn00,0.2176
3442,OG2702.out_yn00,0.3404
3443,OG1847.out_yn00,0.0745
3444,OG2056.out_yn00,0.1817
3445,OG2471.out_yn00,0.302
3446,OG3603.out_yn00,0.2117
3447,OG2459.out_yn00,0.0762
3448,OG3737.out_yn00,0.2122
3449,OG1936.out_yn00,0.3019
3450,OG1910.out_yn00,0.4775
3451,OG5138.out_yn00,0.1215
3452,OG2017.out_yn00,0.1181
3453,OG1737.out_yn00,0.1087
3454,OG5549.out_yn00,0.2911
3455,OG3291.out_yn00,0.1711
3456,OG3261.out_yn00,0.2368
3457,OG2439.out_yn00,0.4689
3458,OG4120.out_yn00,0.1884
3459,OG1017.out_yn00,0.2465
3460,OG2668.out_yn00,0.3733
3461,OG4415.out_yn00,0.2043
3462,OG2472.out_yn00,0.0832
3463,OG3735.out_yn00,0.5491
3464,OG1022.out_yn00,0.1311
3465,OG3241.out_yn00,0.1099
3466,OG2226.out_yn00,0.1344
3467,OG1181.out_yn00,0.0976
3468,OG2020.out_yn00,0.1083
3469,OG2347.out_yn00,0.0891
3470,OG1909.out_yn00,0.1095
3471,OG2175.out_yn00,0.2724
3472,OG1810.out_yn00,0.1786
3473,OG3562.out_yn00,0.0726
3474,OG3015.out_yn00,0.1199
3475,OG3990.out_yn00,0.5277
3476,OG4034.out_yn00,0.5247
3477,OG2895.out_yn00,0.3917
3478,OG4179.out_yn00,0.6971
3479,OG3595.out_yn00,0.3574
3480,OG3538.out_yn00,0.198
3481,OG3257.out_yn00,0.4077
3482,OG4287.out_yn00,0.7138
3483,OG3337.out_yn00,0.5274
3484,OG2299.out_yn00,0.1015
3485,OG1005.out_yn00,0.1084
3486,OG2994.out_yn00,0.1805
3487,OG4787.out_yn00,0.2316
3488,OG1422.out_yn00,0.123
3489,OG4203.out_yn00,0.17
3490,OG4578.out_yn00,0.1214
3491,OG2999.out_yn00,0.1099
3492,OG4177.out_yn00,0.4351
3493,OG1297.out_yn00,0.0919
3494,OG1663.out_yn00,0.3889
3495,OG1863.out_yn00,0.3799
3496,OG3520.out_yn00,0.1527
3497,OG4410.out_yn00,0.1538
3498,OG2890.out_yn00,0.0835
3499,OG1976.out_yn00,0.1729
3500,OG2882.out_yn00,0.137
3501,OG3763.out_yn00,0.1471
3502,OG2731.out_yn00,0.0545
3503,OG1340.out_yn00,0.2941
3504,OG2254.out_yn00,0.3688
3505,OG3264.out_yn00,0.1732
3506,OG3117.out_yn00,0.1907
3507,OG2766.out_yn00,0.1071
3508,OG4354.out_yn00,0.2141
3509,OG4112.out_yn00,0.0703
3510,OG2107.out_yn00,
3511,OG3636.out_yn00,0.5328
3512,OG2221.out_yn00,0.3261
3513,OG1470.out_yn00,0.3087
3514,OG1108.out_yn00,0.2101
3515,OG3472.out_yn00,0.4549
3516,OG2330.out_yn00,0.1448
3517,OG3034.out_yn00,0.1634
3518,OG4021.out_yn00,0.6558
3519,OG6065.out_yn00,0.1403
