,OG,dN_dS
669,OG2865_yn00.csv,0.7721
393,OG4246_yn00.csv,0.7538
355,OG2107_yn00.csv,0.6441
2292,OG3653_yn00.csv,0.6348
2532,OG4276_yn00.csv,0.6092
2755,OG2646_yn00.csv,0.6065
2410,OG1082_yn00.csv,0.6025
1852,OG3945_yn00.csv,0.5759
169,OG3249_yn00.csv,0.5443
2416,OG4510_yn00.csv,0.5407
993,OG3672_yn00.csv,0.5296
828,OG2796_yn00.csv,0.5223
326,OG4639_yn00.csv,0.5115
367,OG1352_yn00.csv,0.5099
2448,OG3074_yn00.csv,0.4963
1953,OG2669_yn00.csv,0.4939
2004,OG4099_yn00.csv,0.4926
518,OG4625_yn00.csv,0.488
136,OG3113_yn00.csv,0.4862
2313,OG3161_yn00.csv,0.486
158,OG4985_yn00.csv,0.4801
905,OG3921_yn00.csv,0.4757
516,OG4442_yn00.csv,0.4739
2626,OG2457_yn00.csv,0.4664
946,OG3604_yn00.csv,0.4616
1497,OG3145_yn00.csv,0.4584
2512,OG2266_yn00.csv,0.4547
2030,OG1908_yn00.csv,0.4532
1393,OG3286_yn00.csv,0.4505
550,OG4683_yn00.csv,0.4503
1580,OG2363_yn00.csv,0.448
825,OG3738_yn00.csv,0.4462
1696,OG4187_yn00.csv,0.4379
2588,OG1636_yn00.csv,0.4345
2623,OG4165_yn00.csv,0.4324
1036,OG5200_yn00.csv,0.4295
1199,OG1274_yn00.csv,0.4294
2022,OG1156_yn00.csv,0.4285
1245,OG3029_yn00.csv,0.424
506,OG3888_yn00.csv,0.4237
1047,OG3834_yn00.csv,0.4234
1315,OG3378_yn00.csv,0.4175
1862,OG4327_yn00.csv,0.4165
1490,OG2743_yn00.csv,0.4096
2118,OG2378_yn00.csv,0.4096
1450,OG3355_yn00.csv,0.4044
912,OG3696_yn00.csv,0.4025
965,OG2281_yn00.csv,0.4019
1242,OG3028_yn00.csv,0.3975
1970,OG3786_yn00.csv,0.3961
1939,OG2595_yn00.csv,0.3943
1910,OG3152_yn00.csv,0.3916
366,OG3033_yn00.csv,0.3904
4,OG2763_yn00.csv,0.39
1262,OG2492_yn00.csv,0.39
1446,OG4169_yn00.csv,0.3897
1317,OG3379_yn00.csv,0.3894
1915,OG4794_yn00.csv,0.3894
189,OG2944_yn00.csv,0.389
2669,OG2986_yn00.csv,0.3885
2568,OG3324_yn00.csv,0.3883
1343,OG3331_yn00.csv,0.385
1726,OG4626_yn00.csv,0.383
2306,OG2767_yn00.csv,0.3826
2152,OG2239_yn00.csv,0.3791
110,OG2167_yn00.csv,0.3781
1823,OG3274_yn00.csv,0.3778
241,OG2494_yn00.csv,0.3764
2684,OG4570_yn00.csv,0.3764
2302,OG2990_yn00.csv,0.3761
1759,OG4319_yn00.csv,0.3742
1787,OG3064_yn00.csv,0.3742
2453,OG2415_yn00.csv,0.3681
1675,OG1555_yn00.csv,0.3653
2024,OG3236_yn00.csv,0.3639
2032,OG2657_yn00.csv,0.362
1385,OG4005_yn00.csv,0.3618
690,OG3553_yn00.csv,0.3617
2048,OG4855_yn00.csv,0.3617
1042,OG3956_yn00.csv,0.3616
1659,OG3851_yn00.csv,0.3575
1811,OG2806_yn00.csv,0.3563
1709,OG1673_yn00.csv,0.3556
2016,OG4364_yn00.csv,0.3535
2103,OG1717_yn00.csv,0.3533
2167,OG2908_yn00.csv,0.3528
435,OG4503_yn00.csv,0.3521
1189,OG4046_yn00.csv,0.3495
47,OG4928_yn00.csv,0.3494
569,OG3798_yn00.csv,0.3491
1944,OG4034_yn00.csv,0.3483
2275,OG4032_yn00.csv,0.3464
960,OG3817_yn00.csv,0.3463
496,OG4184_yn00.csv,0.3439
1251,OG3681_yn00.csv,0.3424
2061,OG2025_yn00.csv,0.3394
140,OG3447_yn00.csv,0.3385
2676,OG5445_yn00.csv,0.3382
288,OG4886_yn00.csv,0.3378
2151,OG3297_yn00.csv,0.337
2029,OG2298_yn00.csv,0.3359
1506,OG4271_yn00.csv,0.3354
239,OG3067_yn00.csv,0.3341
385,OG4712_yn00.csv,0.3314
396,OG3386_yn00.csv,0.3304
1966,OG4421_yn00.csv,0.3294
2555,OG4118_yn00.csv,0.3291
2678,OG2914_yn00.csv,0.3286
119,OG1666_yn00.csv,0.3283
2078,OG4225_yn00.csv,0.3278
339,OG3404_yn00.csv,0.3256
1845,OG3189_yn00.csv,0.3253
79,OG4383_yn00.csv,0.3237
1969,OG1877_yn00.csv,0.3235
141,OG1726_yn00.csv,0.3233
2581,OG3199_yn00.csv,0.3232
2099,OG1570_yn00.csv,0.3194
2087,OG3847_yn00.csv,0.3192
458,OG2564_yn00.csv,0.3191
404,OG3315_yn00.csv,0.319
14,OG3430_yn00.csv,0.3188
1306,OG3084_yn00.csv,0.3172
709,OG4300_yn00.csv,0.3169
898,OG2814_yn00.csv,0.3158
1794,OG2151_yn00.csv,0.3157
1846,OG3944_yn00.csv,0.3157
779,OG4026_yn00.csv,0.314
1533,OG3263_yn00.csv,0.3137
591,OG2263_yn00.csv,0.3121
406,OG3314_yn00.csv,0.3115
280,OG2873_yn00.csv,0.3109
230,OG3838_yn00.csv,0.3108
1309,OG4411_yn00.csv,0.3076
2351,OG3977_yn00.csv,0.3072
724,OG1601_yn00.csv,0.3068
1140,OG3991_yn00.csv,0.3064
1702,OG4186_yn00.csv,0.3031
2556,OG2211_yn00.csv,0.3021
2093,OG2017_yn00.csv,0.3013
1116,OG4316_yn00.csv,0.3008
1248,OG1787_yn00.csv,0.3
254,OG3308_yn00.csv,0.2981
2259,OG4735_yn00.csv,0.298
2289,OG3652_yn00.csv,0.2967
1396,OG1380_yn00.csv,0.2966
1563,OG3698_yn00.csv,0.2946
1942,OG2904_yn00.csv,0.2921
2735,OG4621_yn00.csv,0.2908
112,OG2938_yn00.csv,0.2904
2235,OG1234_yn00.csv,0.2888
1897,OG3896_yn00.csv,0.2886
1654,OG1108_yn00.csv,0.2879
768,OG3822_yn00.csv,0.2868
181,OG4746_yn00.csv,0.2856
1934,OG1061_yn00.csv,0.2831
1547,OG2799_yn00.csv,0.2819
861,OG2177_yn00.csv,0.2814
1561,OG3699_yn00.csv,0.2812
2776,OG2312_yn00.csv,0.2798
319,OG3337_yn00.csv,0.2787
1555,OG1631_yn00.csv,0.2787
2495,OG3694_yn00.csv,0.2783
2413,OG2619_yn00.csv,0.2772
1050,OG4698_yn00.csv,0.277
670,OG5534_yn00.csv,0.2762
1436,OG3601_yn00.csv,0.2757
866,OG3224_yn00.csv,0.2755
405,OG1074_yn00.csv,0.2722
867,OG1145_yn00.csv,0.2719
1689,OG3488_yn00.csv,0.2713
2632,OG3250_yn00.csv,0.2708
2042,OG3763_yn00.csv,0.2706
356,OG2361_yn00.csv,0.27
665,OG1192_yn00.csv,0.2699
1409,OG1175_yn00.csv,0.2688
58,OG3784_yn00.csv,0.2682
65,OG2110_yn00.csv,0.268
1657,OG3268_yn00.csv,0.2674
531,OG5016_yn00.csv,0.267
1473,OG5333_yn00.csv,0.2667
565,OG2410_yn00.csv,0.2661
1381,OG1907_yn00.csv,0.2654
1090,OG1399_yn00.csv,0.2641
1059,OG4031_yn00.csv,0.2638
1629,OG1211_yn00.csv,0.2631
2295,OG3435_yn00.csv,0.2628
2435,OG2710_yn00.csv,0.2623
2762,OG3985_yn00.csv,0.2621
2207,OG4480_yn00.csv,0.2616
452,OG1265_yn00.csv,0.2614
2589,OG1450_yn00.csv,0.2602
2656,OG3645_yn00.csv,0.2601
813,OG3191_yn00.csv,0.2591
352,OG4069_yn00.csv,0.259
2077,OG2973_yn00.csv,0.2589
2596,OG1197_yn00.csv,0.2586
1390,OG4474_yn00.csv,0.2585
2694,OG1553_yn00.csv,0.2575
564,OG1928_yn00.csv,0.2574
1444,OG4168_yn00.csv,0.2572
616,OG2526_yn00.csv,0.2569
88,OG4366_yn00.csv,0.2559
2375,OG2305_yn00.csv,0.2559
2363,OG4196_yn00.csv,0.2558
232,OG2407_yn00.csv,0.2557
778,OG1286_yn00.csv,0.2552
2757,OG1146_yn00.csv,0.2539
2494,OG4200_yn00.csv,0.2526
255,OG1069_yn00.csv,0.2516
2638,OG1130_yn00.csv,0.2511
1121,OG3619_yn00.csv,0.2506
2688,OG3820_yn00.csv,0.2506
2196,OG2612_yn00.csv,0.2503
1946,OG3392_yn00.csv,0.2501
2637,OG4390_yn00.csv,0.2494
245,OG4135_yn00.csv,0.2482
2291,OG4792_yn00.csv,0.2478
2247,OG4859_yn00.csv,0.2476
371,OG2850_yn00.csv,0.2468
1687,OG3958_yn00.csv,0.246
1603,OG1282_yn00.csv,0.2438
2458,OG5080_yn00.csv,0.2429
1014,OG1360_yn00.csv,0.2424
1173,OG4635_yn00.csv,0.2418
715,OG4433_yn00.csv,0.2417
2144,OG3659_yn00.csv,0.2417
2282,OG4566_yn00.csv,0.2414
2737,OG3916_yn00.csv,0.2414
737,OG3035_yn00.csv,0.2411
1263,OG3295_yn00.csv,0.2411
1330,OG4519_yn00.csv,0.2409
72,OG4382_yn00.csv,0.2406
2101,OG3477_yn00.csv,0.2406
1774,OG1022_yn00.csv,0.2401
1521,OG1190_yn00.csv,0.2396
1847,OG4415_yn00.csv,0.2395
474,OG3637_yn00.csv,0.2381
94,OG2831_yn00.csv,0.238
2367,OG3808_yn00.csv,0.238
18,OG1536_yn00.csv,0.2375
1976,OG4312_yn00.csv,0.2368
2326,OG3689_yn00.csv,0.2368
363,OG3254_yn00.csv,0.2362
2345,OG5221_yn00.csv,0.2362
252,OG4606_yn00.csv,0.2359
2724,OG3856_yn00.csv,0.2353
430,OG4977_yn00.csv,0.2348
1829,OG3275_yn00.csv,0.2348
2485,OG3428_yn00.csv,0.2347
2483,OG2817_yn00.csv,0.234
2594,OG2258_yn00.csv,0.234
2221,OG3400_yn00.csv,0.2336
497,OG3045_yn00.csv,0.2328
2294,OG1754_yn00.csv,0.2325
105,OG4454_yn00.csv,0.2312
2628,OG1798_yn00.csv,0.2308
1264,OG4354_yn00.csv,0.2306
44,OG4311_yn00.csv,0.2296
504,OG3889_yn00.csv,0.2295
349,OG3567_yn00.csv,0.2294
1138,OG3501_yn00.csv,0.2291
403,OG3173_yn00.csv,0.2285
1163,OG4107_yn00.csv,0.2282
775,OG3380_yn00.csv,0.2276
1268,OG3294_yn00.csv,0.2276
1201,OG1547_yn00.csv,0.2275
2225,OG3666_yn00.csv,0.2274
1485,OG2217_yn00.csv,0.2272
810,OG4504_yn00.csv,0.2271
2377,OG4853_yn00.csv,0.2266
1430,OG3741_yn00.csv,0.2261
2288,OG3434_yn00.csv,0.226
2774,OG2175_yn00.csv,0.2258
1691,OG2426_yn00.csv,0.2253
1177,OG1945_yn00.csv,0.2249
1292,OG2666_yn00.csv,0.2247
306,OG3496_yn00.csv,0.2243
860,OG4019_yn00.csv,0.224
1034,OG2694_yn00.csv,0.2239
1592,OG2197_yn00.csv,0.2239
1598,OG1283_yn00.csv,0.2233
2095,OG2270_yn00.csv,0.2233
921,OG5151_yn00.csv,0.2229
1754,OG3685_yn00.csv,0.2229
865,OG2645_yn00.csv,0.2226
1371,OG3239_yn00.csv,0.2226
2401,OG4105_yn00.csv,0.2224
35,OG1658_yn00.csv,0.2221
175,OG4389_yn00.csv,0.2221
2189,OG4320_yn00.csv,0.222
627,OG1227_yn00.csv,0.2218
1159,OG2434_yn00.csv,0.2217
2266,OG4552_yn00.csv,0.2215
1020,OG1361_yn00.csv,0.2213
1855,OG2686_yn00.csv,0.2213
2353,OG2548_yn00.csv,0.2213
124,OG3234_yn00.csv,0.2212
515,OG3583_yn00.csv,0.2208
781,OG2587_yn00.csv,0.2208
1883,OG3804_yn00.csv,0.2206
2675,OG2915_yn00.csv,0.2206
2516,OG2555_yn00.csv,0.2204
27,OG3832_yn00.csv,0.2201
400,OG3749_yn00.csv,0.2199
1254,OG4073_yn00.csv,0.2199
100,OG6552_yn00.csv,0.2197
227,OG2660_yn00.csv,0.2196
2256,OG3802_yn00.csv,0.2196
89,OG4100_yn00.csv,0.2195
937,OG4291_yn00.csv,0.2195
2488,OG4839_yn00.csv,0.2195
1961,OG1029_yn00.csv,0.2194
2097,OG4179_yn00.csv,0.2194
286,OG1185_yn00.csv,0.2193
1640,OG2980_yn00.csv,0.219
2533,OG4277_yn00.csv,0.219
2729,OG4446_yn00.csv,0.2187
659,OG4014_yn00.csv,0.2184
1601,OG3385_yn00.csv,0.218
691,OG1101_yn00.csv,0.2172
2188,OG1180_yn00.csv,0.217
1959,OG5100_yn00.csv,0.2168
1802,OG4463_yn00.csv,0.2166
837,OG4377_yn00.csv,0.2165
333,OG2202_yn00.csv,0.2164
2383,OG3765_yn00.csv,0.2164
305,OG4557_yn00.csv,0.2163
1636,OG3171_yn00.csv,0.2161
1337,OG3270_yn00.csv,0.216
294,OG3119_yn00.csv,0.2159
674,OG3950_yn00.csv,0.2159
1345,OG1236_yn00.csv,0.2158
1062,OG2503_yn00.csv,0.2156
2187,OG3087_yn00.csv,0.2154
789,OG3102_yn00.csv,0.2151
757,OG4349_yn00.csv,0.2145
2501,OG3695_yn00.csv,0.2145
10,OG3165_yn00.csv,0.2142
1217,OG4287_yn00.csv,0.2141
1380,OG4737_yn00.csv,0.214
1710,OG3513_yn00.csv,0.2139
1327,OG2344_yn00.csv,0.2138
2477,OG4126_yn00.csv,0.2137
178,OG3871_yn00.csv,0.2134
3,OG2505_yn00.csv,0.2133
1853,OG4414_yn00.csv,0.2133
842,OG4623_yn00.csv,0.2131
1320,OG4483_yn00.csv,0.2131
96,OG3669_yn00.csv,0.213
808,OG2868_yn00.csv,0.2126
1599,OG3384_yn00.csv,0.2126
720,OG3707_yn00.csv,0.2122
2425,OG3442_yn00.csv,0.2122
413,OG2982_yn00.csv,0.212
2173,OG2156_yn00.csv,0.2119
1147,OG3990_yn00.csv,0.2118
1740,OG4210_yn00.csv,0.2115
2673,OG4025_yn00.csv,0.2115
408,OG1213_yn00.csv,0.2111
1299,OG3060_yn00.csv,0.211
104,OG3595_yn00.csv,0.2107
2517,OG2733_yn00.csv,0.2107
2677,OG2584_yn00.csv,0.2107
534,OG1219_yn00.csv,0.2104
1903,OG4092_yn00.csv,0.2104
1383,OG4262_yn00.csv,0.2103
307,OG2439_yn00.csv,0.2101
1945,OG3393_yn00.csv,0.21
2535,OG3485_yn00.csv,0.2099
2771,OG3984_yn00.csv,0.2099
2470,OG5012_yn00.csv,0.2096
1108,OG4384_yn00.csv,0.2094
879,OG4685_yn00.csv,0.2093
117,OG4857_yn00.csv,0.2091
2417,OG3841_yn00.csv,0.2091
1102,OG3711_yn00.csv,0.209
2009,OG4457_yn00.csv,0.2089
1526,OG2691_yn00.csv,0.2088
1851,OG4884_yn00.csv,0.2088
380,OG3793_yn00.csv,0.2087
788,OG3364_yn00.csv,0.2086
2540,OG3484_yn00.csv,0.2086
1605,OG2913_yn00.csv,0.2085
920,OG2090_yn00.csv,0.2084
2132,OG4524_yn00.csv,0.2083
2195,OG2474_yn00.csv,0.2083
1080,OG1530_yn00.csv,0.2082
697,OG3261_yn00.csv,0.2078
1560,OG4758_yn00.csv,0.2077
311,OG2932_yn00.csv,0.2074
1227,OG1878_yn00.csv,0.2072
2212,OG4228_yn00.csv,0.2072
923,OG4202_yn00.csv,0.2068
103,OG3904_yn00.csv,0.2067
1796,OG4259_yn00.csv,0.2067
2117,OG4216_yn00.csv,0.2067
2240,OG2753_yn00.csv,0.2065
500,OG3223_yn00.csv,0.2063
1240,OG3613_yn00.csv,0.2062
1260,OG2493_yn00.csv,0.2062
49,OG3478_yn00.csv,0.2061
1329,OG3848_yn00.csv,0.2058
1097,OG3576_yn00.csv,0.2057
989,OG3884_yn00.csv,0.2055
2328,OG2626_yn00.csv,0.2055
2591,OG1853_yn00.csv,0.2055
2667,OG3928_yn00.csv,0.2054
1981,OG2089_yn00.csv,0.2053
1997,OG3715_yn00.csv,0.2048
196,OG3340_yn00.csv,0.2044
484,OG3980_yn00.csv,0.2041
803,OG4596_yn00.csv,0.2041
1613,OG3827_yn00.csv,0.2039
301,OG4198_yn00.csv,0.2038
784,OG3529_yn00.csv,0.2038
1150,OG3055_yn00.csv,0.2038
1764,OG3616_yn00.csv,0.2038
1800,OG3933_yn00.csv,0.2037
2392,OG4451_yn00.csv,0.2037
1974,OG3971_yn00.csv,0.2035
261,OG1443_yn00.csv,0.2034
922,OG2955_yn00.csv,0.2034
1031,OG2695_yn00.csv,0.2033
1196,OG1013_yn00.csv,0.2032
1723,OG2748_yn00.csv,0.2028
2355,OG3976_yn00.csv,0.2027
599,OG4750_yn00.csv,0.2026
1035,OG3109_yn00.csv,0.2025
726,OG1467_yn00.csv,0.2024
1200,OG3626_yn00.csv,0.2023
1259,OG2943_yn00.csv,0.2021
617,OG4449_yn00.csv,0.202
970,OG4012_yn00.csv,0.2018
1399,OG3648_yn00.csv,0.2018
956,OG2429_yn00.csv,0.2016
2324,OG2441_yn00.csv,0.2016
2299,OG2233_yn00.csv,0.2015
596,OG4751_yn00.csv,0.2011
1028,OG4334_yn00.csv,0.2011
1388,OG5015_yn00.csv,0.2011
1994,OG1613_yn00.csv,0.2011
1082,OG3650_yn00.csv,0.201
658,OG2924_yn00.csv,0.2009
313,OG2398_yn00.csv,0.2005
222,OG3755_yn00.csv,0.2004
1566,OG1136_yn00.csv,0.2004
904,OG1826_yn00.csv,0.2003
1340,OG1110_yn00.csv,0.2003
2272,OG4255_yn00.csv,0.2003
64,OG4219_yn00.csv,0.2002
1949,OG1936_yn00.csv,0.2002
263,OG4485_yn00.csv,0.2
857,OG3987_yn00.csv,0.2
2296,OG2232_yn00.csv,0.2
464,OG2256_yn00.csv,0.1997
1737,OG4211_yn00.csv,0.1994
2697,OG4594_yn00.csv,0.1993
852,OG3770_yn00.csv,0.1989
2531,OG2920_yn00.csv,0.1988
2545,OG3671_yn00.csv,0.1988
668,OG2693_yn00.csv,0.1987
2264,OG3803_yn00.csv,0.1987
1333,OG3849_yn00.csv,0.1985
612,OG2741_yn00.csv,0.1984
687,OG3735_yn00.csv,0.1984
882,OG3745_yn00.csv,0.1983
764,OG1527_yn00.csv,0.1982
2332,OG2373_yn00.csv,0.1982
1235,OG3474_yn00.csv,0.1981
1193,OG2574_yn00.csv,0.1979
2369,OG2650_yn00.csv,0.1978
32,OG3538_yn00.csv,0.1977
887,OG1317_yn00.csv,0.1975
2640,OG3704_yn00.csv,0.1974
540,OG3926_yn00.csv,0.197
1344,OG3157_yn00.csv,0.197
19,OG5191_yn00.csv,0.1969
925,OG4065_yn00.csv,0.1969
586,OG3465_yn00.csv,0.1967
2460,OG4249_yn00.csv,0.1965
1967,OG3970_yn00.csv,0.1961
479,OG3777_yn00.csv,0.196
741,OG1133_yn00.csv,0.1959
1632,OG1077_yn00.csv,0.1959
1064,OG2765_yn00.csv,0.1958
1622,OG3642_yn00.csv,0.1956
1782,OG2662_yn00.csv,0.1956
390,OG4713_yn00.csv,0.1954
940,OG2198_yn00.csv,0.1954
2672,OG1285_yn00.csv,0.1954
1888,OG4109_yn00.csv,0.1953
2534,OG2318_yn00.csv,0.1951
154,OG2026_yn00.csv,0.195
159,OG1448_yn00.csv,0.195
2391,OG3900_yn00.csv,0.195
777,OG4027_yn00.csv,0.1949
711,OG4301_yn00.csv,0.1948
2411,OG1083_yn00.csv,0.1948
1671,OG4592_yn00.csv,0.1947
197,OG4281_yn00.csv,0.1946
634,OG3882_yn00.csv,0.1943
1013,OG3001_yn00.csv,0.1942
2100,OG3611_yn00.csv,0.1939
773,OG5089_yn00.csv,0.1937
1220,OG4286_yn00.csv,0.1936
1378,OG3491_yn00.csv,0.1936
1054,OG3758_yn00.csv,0.1935
2384,OG1894_yn00.csv,0.1934
1917,OG3433_yn00.csv,0.1933
1965,OG2728_yn00.csv,0.1931
1074,OG2499_yn00.csv,0.1929
2579,OG3198_yn00.csv,0.1929
847,OG3915_yn00.csv,0.1928
1432,OG2589_yn00.csv,0.1927
1441,OG4937_yn00.csv,0.1926
76,OG3025_yn00.csv,0.1922
792,OG2563_yn00.csv,0.1922
374,OG4306_yn00.csv,0.1921
428,OG5549_yn00.csv,0.1919
958,OG1910_yn00.csv,0.1919
1355,OG4459_yn00.csv,0.1919
2683,OG3821_yn00.csv,0.1918
2461,OG3388_yn00.csv,0.1917
1937,OG1207_yn00.csv,0.1915
1697,OG1327_yn00.csv,0.1914
1950,OG4706_yn00.csv,0.1914
643,OG4726_yn00.csv,0.1913
146,OG3446_yn00.csv,0.1912
924,OG4203_yn00.csv,0.191
2558,OG4119_yn00.csv,0.191
1924,OG2234_yn00.csv,0.1909
1954,OG3830_yn00.csv,0.1908
1386,OG5465_yn00.csv,0.1907
2136,OG4465_yn00.csv,0.1907
2224,OG1507_yn00.csv,0.1907
2011,OG3906_yn00.csv,0.1906
1183,OG1628_yn00.csv,0.1905
1820,OG2615_yn00.csv,0.1905
2258,OG4553_yn00.csv,0.1905
2603,OG1559_yn00.csv,0.1905
1602,OG4022_yn00.csv,0.1904
1905,OG3335_yn00.csv,0.1904
601,OG1960_yn00.csv,0.1903
2438,OG3117_yn00.csv,0.1903
1033,OG2862_yn00.csv,0.1901
787,OG1005_yn00.csv,0.1899
2202,OG3014_yn00.csv,0.1899
2278,OG4254_yn00.csv,0.1899
878,OG1425_yn00.csv,0.1898
1529,OG2690_yn00.csv,0.1897
2141,OG2800_yn00.csv,0.1897
2561,OG2745_yn00.csv,0.1897
1455,OG5400_yn00.csv,0.1896
55,OG3785_yn00.csv,0.1895
97,OG5035_yn00.csv,0.1895
985,OG4081_yn00.csv,0.1895
1440,OG3466_yn00.csv,0.1895
703,OG1708_yn00.csv,0.1894
2707,OG2560_yn00.csv,0.1893
859,OG2310_yn00.csv,0.1892
933,OG3351_yn00.csv,0.1892
638,OG2215_yn00.csv,0.1889
1354,OG2536_yn00.csv,0.1889
29,OG5102_yn00.csv,0.1887
551,OG3742_yn00.csv,0.1887
819,OG4051_yn00.csv,0.1887
2338,OG3574_yn00.csv,0.1886
2394,OG1807_yn00.csv,0.1886
817,OG4237_yn00.csv,0.1884
1512,OG3483_yn00.csv,0.1884
2177,OG4882_yn00.csv,0.1884
2510,OG1566_yn00.csv,0.1884
570,OG2550_yn00.csv,0.1882
1261,OG2802_yn00.csv,0.1881
1815,OG3290_yn00.csv,0.188
1930,OG3167_yn00.csv,0.1879
309,OG4265_yn00.csv,0.1877
1462,OG4061_yn00.csv,0.1877
187,OG4213_yn00.csv,0.1875
1648,OG3194_yn00.csv,0.1875
2379,OG1405_yn00.csv,0.1875
481,OG3511_yn00.csv,0.1872
1690,OG2640_yn00.csv,0.1871
1175,OG3902_yn00.csv,0.187
2,OG2995_yn00.csv,0.1869
628,OG1514_yn00.csv,0.1869
694,OG5169_yn00.csv,0.1867
1415,OG2882_yn00.csv,0.1867
1469,OG3692_yn00.csv,0.1861
1027,OG3093_yn00.csv,0.186
1190,OG3187_yn00.csv,0.186
2451,OG3212_yn00.csv,0.1857
2740,OG4088_yn00.csv,0.1857
991,OG3414_yn00.csv,0.1856
2180,OG3449_yn00.csv,0.1856
607,OG2097_yn00.csv,0.1855
1936,OG3166_yn00.csv,0.1855
1300,OG3206_yn00.csv,0.1853
1404,OG2811_yn00.csv,0.1853
2760,OG4181_yn00.csv,0.1853
646,OG4540_yn00.csv,0.1852
2003,OG3158_yn00.csv,0.1852
2248,OG3998_yn00.csv,0.1852
708,OG4166_yn00.csv,0.1851
1346,OG3156_yn00.csv,0.1851
2703,OG1007_yn00.csv,0.1851
2711,OG4053_yn00.csv,0.1851
1195,OG3114_yn00.csv,0.185
2094,OG4178_yn00.csv,0.1849
1136,OG2306_yn00.csv,0.1848
2406,OG2975_yn00.csv,0.1847
1681,OG1001_yn00.csv,0.1846
298,OG4199_yn00.csv,0.1845
2718,OG2963_yn00.csv,0.1845
2068,OG1017_yn00.csv,0.1844
896,OG3282_yn00.csv,0.1843
1828,OG1114_yn00.csv,0.1843
1556,OG3550_yn00.csv,0.184
368,OG3255_yn00.csv,0.1838
875,OG2143_yn00.csv,0.1838
942,OG1702_yn00.csv,0.1838
372,OG3609_yn00.csv,0.1837
983,OG1221_yn00.csv,0.1837
1272,OG1830_yn00.csv,0.1837
126,OG3235_yn00.csv,0.1835
167,OG3180_yn00.csv,0.1835
1099,OG3577_yn00.csv,0.1835
1978,OG4381_yn00.csv,0.1835
2203,OG2789_yn00.csv,0.1834
1790,OG3530_yn00.csv,0.1832
2140,OG1539_yn00.csv,0.1831
186,OG4212_yn00.csv,0.183
592,OG3866_yn00.csv,0.1828
738,OG3253_yn00.csv,0.1828
1395,OG4346_yn00.csv,0.1828
2381,OG3764_yn00.csv,0.1828
2674,OG3382_yn00.csv,0.1828
581,OG3357_yn00.csv,0.1827
1056,OG4256_yn00.csv,0.1826
911,OG3860_yn00.csv,0.1825
1507,OG2178_yn00.csv,0.1825
1647,OG4054_yn00.csv,0.1824
215,OG3472_yn00.csv,0.1822
2178,OG3943_yn00.csv,0.1821
1021,OG1958_yn00.csv,0.1818
2204,OG3727_yn00.csv,0.1818
883,OG3523_yn00.csv,0.1816
1176,OG4453_yn00.csv,0.1814
1704,OG5128_yn00.csv,0.1813
432,OG3426_yn00.csv,0.1812
679,OG2354_yn00.csv,0.1812
1009,OG3554_yn00.csv,0.1812
1321,OG3542_yn00.csv,0.1811
1524,OG3096_yn00.csv,0.1809
260,OG3723_yn00.csv,0.1807
843,OG1813_yn00.csv,0.1807
243,OG2805_yn00.csv,0.1806
2695,OG4595_yn00.csv,0.1805
2360,OG2842_yn00.csv,0.1804
1772,OG3125_yn00.csv,0.1802
2567,OG3142_yn00.csv,0.1802
1857,OG1549_yn00.csv,0.1801
2331,OG2115_yn00.csv,0.1801
2550,OG3670_yn00.csv,0.1801
329,OG2757_yn00.csv,0.1799
2527,OG2921_yn00.csv,0.1798
1197,OG3373_yn00.csv,0.1797
33,OG2597_yn00.csv,0.1796
357,OG2452_yn00.csv,0.1795
1801,OG3932_yn00.csv,0.1795
2122,OG1478_yn00.csv,0.1793
392,OG1280_yn00.csv,0.1792
2651,OG2043_yn00.csv,0.1792
471,OG3450_yn00.csv,0.179
873,OG2324_yn00.csv,0.179
686,OG1455_yn00.csv,0.1789
1287,OG2154_yn00.csv,0.1787
1899,OG3406_yn00.csv,0.1786
780,OG1649_yn00.csv,0.1785
444,OG4499_yn00.csv,0.1784
701,OG2467_yn00.csv,0.1784
1931,OG1206_yn00.csv,0.1784
1075,OG2809_yn00.csv,0.1782
231,OG2897_yn00.csv,0.1781
462,OG4339_yn00.csv,0.1781
1273,OG2998_yn00.csv,0.1781
2553,OG3416_yn00.csv,0.1781
2455,OG2672_yn00.csv,0.178
190,OG4280_yn00.csv,0.1779
449,OG2791_yn00.csv,0.1779
1872,OG3769_yn00.csv,0.1779
968,OG1328_yn00.csv,0.1777
1735,OG4114_yn00.csv,0.1776
1776,OG2723_yn00.csv,0.1776
2039,OG2302_yn00.csv,0.1776
13,OG3656_yn00.csv,0.1775
166,OG1086_yn00.csv,0.1774
1125,OG2185_yn00.csv,0.1774
2243,OG4007_yn00.csv,0.1774
967,OG4188_yn00.csv,0.1772
1115,OG2278_yn00.csv,0.1772
1169,OG2395_yn00.csv,0.1772
1750,OG3684_yn00.csv,0.1772
2267,OG2902_yn00.csv,0.1772
969,OG2922_yn00.csv,0.1771
1179,OG4512_yn00.csv,0.1769
1356,OG3598_yn00.csv,0.1769
2415,OG4776_yn00.csv,0.1769
1326,OG2122_yn00.csv,0.1768
2625,OG2630_yn00.csv,0.1768
463,OG1199_yn00.csv,0.1767
772,OG3823_yn00.csv,0.1766
1588,OG4650_yn00.csv,0.1766
2081,OG4224_yn00.csv,0.1766
78,OG3024_yn00.csv,0.1764
2400,OG2759_yn00.csv,0.1764
1375,OG2659_yn00.csv,0.1763
2374,OG2162_yn00.csv,0.1763
1070,OG3163_yn00.csv,0.1762
2154,OG2892_yn00.csv,0.1762
2408,OG2782_yn00.csv,0.1762
2476,OG1386_yn00.csv,0.1762
290,OG1841_yn00.csv,0.1761
761,OG3289_yn00.csv,0.1761
1779,OG2895_yn00.csv,0.1761
2283,OG2899_yn00.csv,0.1761
209,OG2274_yn00.csv,0.176
622,OG3321_yn00.csv,0.1759
802,OG3457_yn00.csv,0.1759
1339,OG3271_yn00.csv,0.1758
1410,OG3215_yn00.csv,0.1758
283,OG2872_yn00.csv,0.1756
952,OG2428_yn00.csv,0.1755
624,OG3320_yn00.csv,0.1754
840,OG3584_yn00.csv,0.1754
2280,OG2898_yn00.csv,0.1754
1229,OG2727_yn00.csv,0.1753
415,OG2047_yn00.csv,0.1752
1510,OG3482_yn00.csv,0.1752
1665,OG3850_yn00.csv,0.1752
1767,OG4283_yn00.csv,0.1752
2412,OG3184_yn00.csv,0.1752
172,OG5140_yn00.csv,0.1751
1890,OG2066_yn00.csv,0.1751
59,OG3972_yn00.csv,0.175
236,OG1161_yn00.csv,0.175
1838,OG3547_yn00.csv,0.1748
1239,OG1572_yn00.csv,0.1747
1084,OG3436_yn00.csv,0.1746
1583,OG2362_yn00.csv,0.1746
615,OG3589_yn00.csv,0.1745
832,OG2821_yn00.csv,0.1745
2644,OG3563_yn00.csv,0.1745
981,OG3326_yn00.csv,0.1744
106,OG3905_yn00.csv,0.1743
1541,OG2464_yn00.csv,0.1742
1715,OG2172_yn00.csv,0.1742
597,OG3690_yn00.csv,0.1741
611,OG4204_yn00.csv,0.1741
1842,OG3188_yn00.csv,0.1741
2185,OG2029_yn00.csv,0.1741
39,OG3390_yn00.csv,0.174
1666,OG2255_yn00.csv,0.1739
1952,OG4560_yn00.csv,0.1739
1649,OG4055_yn00.csv,0.1738
2393,OG3590_yn00.csv,0.1738
1867,OG3081_yn00.csv,0.1737
1947,OG4253_yn00.csv,0.1736
1413,OG2674_yn00.csv,0.1735
1109,OG3245_yn00.csv,0.1734
710,OG2009_yn00.csv,0.1733
2076,OG2785_yn00.csv,0.1732
2092,OG3019_yn00.csv,0.1732
489,OG4278_yn00.csv,0.1731
851,OG3516_yn00.csv,0.173
1061,OG3396_yn00.csv,0.173
1525,OG1191_yn00.csv,0.1729
1824,OG3012_yn00.csv,0.1729
82,OG2623_yn00.csv,0.1728
2429,OG2244_yn00.csv,0.1728
1224,OG2726_yn00.csv,0.1727
1184,OG4047_yn00.csv,0.1725
2271,OG3394_yn00.csv,0.1725
472,OG3636_yn00.csv,0.1724
943,OG3463_yn00.csv,0.1724
1279,OG3535_yn00.csv,0.1724
2608,OG2738_yn00.csv,0.1724
2702,OG1261_yn00.csv,0.1724
2399,OG3591_yn00.csv,0.1723
2064,OG2716_yn00.csv,0.1722
137,OG1273_yn00.csv,0.1721
1991,OG2112_yn00.csv,0.172
2069,OG3376_yn00.csv,0.1719
2376,OG3992_yn00.csv,0.1719
237,OG3200_yn00.csv,0.1717
1146,OG3500_yn00.csv,0.1717
980,OG2388_yn00.csv,0.1716
1593,OG3139_yn00.csv,0.1716
949,OG2265_yn00.csv,0.1713
2439,OG3371_yn00.csv,0.1712
1985,OG3878_yn00.csv,0.1711
1543,OG2131_yn00.csv,0.1709
1614,OG4710_yn00.csv,0.1709
704,OG4938_yn00.csv,0.1708
1536,OG3004_yn00.csv,0.1707
1645,OG1092_yn00.csv,0.1707
609,OG4063_yn00.csv,0.1706
2450,OG1173_yn00.csv,0.1706
2590,OG3731_yn00.csv,0.1706
2341,OG3712_yn00.csv,0.1705
677,OG3951_yn00.csv,0.1704
702,OG3469_yn00.csv,0.1704
1638,OG2776_yn00.csv,0.1704
2314,OG3307_yn00.csv,0.17
1026,OG2606_yn00.csv,0.1699
1531,OG3458_yn00.csv,0.1699
2192,OG3086_yn00.csv,0.1696
862,OG2311_yn00.csv,0.1695
1530,OG2866_yn00.csv,0.1692
2388,OG3339_yn00.csv,0.1691
2605,OG2697_yn00.csv,0.169
2274,OG1293_yn00.csv,0.1689
1895,OG3407_yn00.csv,0.1687
936,OG3350_yn00.csv,0.1686
2079,OG3182_yn00.csv,0.1685
459,OG2702_yn00.csv,0.1683
2725,OG4997_yn00.csv,0.1682
235,OG1307_yn00.csv,0.1681
316,OG3336_yn00.csv,0.1681
1244,OG1348_yn00.csv,0.1681
1290,OG2667_yn00.csv,0.1681
1596,OG4163_yn00.csv,0.168
1091,OG4079_yn00.csv,0.1678
2486,OG2816_yn00.csv,0.1678
138,OG1015_yn00.csv,0.1677
915,OG3259_yn00.csv,0.1677
1551,OG1456_yn00.csv,0.1677
2044,OG3995_yn00.csv,0.1677
426,OG3427_yn00.csv,0.1676
608,OG2953_yn00.csv,0.1676
170,OG4388_yn00.csv,0.1675
1724,OG3911_yn00.csv,0.1675
80,OG1123_yn00.csv,0.1674
423,OG4780_yn00.csv,0.1674
630,OG3413_yn00.csv,0.1674
250,OG1837_yn00.csv,0.1673
1079,OG4790_yn00.csv,0.1672
1461,OG2368_yn00.csv,0.1672
152,OG4149_yn00.csv,0.1671
219,OG3533_yn00.csv,0.1671
1694,OG2641_yn00.csv,0.1671
1956,OG2668_yn00.csv,0.1671
2056,OG3623_yn00.csv,0.1671
343,OG3566_yn00.csv,0.167
1122,OG1578_yn00.csv,0.167
2137,OG3934_yn00.csv,0.167
2347,OG3128_yn00.csv,0.167
660,OG4272_yn00.csv,0.1668
1744,OG3579_yn00.csv,0.1668
2201,OG1113_yn00.csv,0.1668
1987,OG2621_yn00.csv,0.1666
1439,OG3600_yn00.csv,0.1665
1144,OG1897_yn00.csv,0.1663
2233,OG1235_yn00.csv,0.1663
482,OG3981_yn00.csv,0.1662
2176,OG2331_yn00.csv,0.1662
941,OG1564_yn00.csv,0.1661
1716,OG2314_yn00.csv,0.1661
1003,OG2135_yn00.csv,0.166
2693,OG2035_yn00.csv,0.166
1515,OG2284_yn00.csv,0.1659
899,OG3318_yn00.csv,0.1658
1077,OG3437_yn00.csv,0.1658
1152,OG4195_yn00.csv,0.1658
1226,OG3789_yn00.csv,0.1657
369,OG3608_yn00.csv,0.1656
1733,OG2824_yn00.csv,0.1656
2112,OG1243_yn00.csv,0.1656
1192,OG2712_yn00.csv,0.1655
1701,OG3047_yn00.csv,0.1655
2102,OG1716_yn00.csv,0.1654
483,OG3510_yn00.csv,0.1653
2006,OG1800_yn00.csv,0.1653
571,OG2736_yn00.csv,0.1652
1496,OG3323_yn00.csv,0.1652
2471,OG3923_yn00.csv,0.1652
605,OG2096_yn00.csv,0.1651
2142,OG2490_yn00.csv,0.1651
2403,OG2834_yn00.csv,0.165
984,OG3140_yn00.csv,0.1649
2242,OG4261_yn00.csv,0.1649
957,OG1580_yn00.csv,0.1648
1577,OG1463_yn00.csv,0.1648
1651,OG2793_yn00.csv,0.1647
1120,OG2840_yn00.csv,0.1646
1293,OG2400_yn00.csv,0.1643
2307,OG2501_yn00.csv,0.1643
816,OG2359_yn00.csv,0.1641
1465,OG4534_yn00.csv,0.1639
2696,OG1735_yn00.csv,0.1639
1778,OG2663_yn00.csv,0.1638
2019,OG1330_yn00.csv,0.1638
1039,OG3957_yn00.csv,0.1637
1926,OG2761_yn00.csv,0.1637
1975,OG4313_yn00.csv,0.1637
1830,OG2978_yn00.csv,0.1635
324,OG2530_yn00.csv,0.1634
1158,OG2652_yn00.csv,0.1634
858,OG1676_yn00.csv,0.1633
1341,OG3017_yn00.csv,0.1633
1352,OG3909_yn00.csv,0.1632
1379,OG1906_yn00.csv,0.1632
2098,OG2849_yn00.csv,0.1632
41,OG3391_yn00.csv,0.1629
2698,OG3455_yn00.csv,0.1629
539,OG2518_yn00.csv,0.1628
880,OG3744_yn00.csv,0.1628
256,OG3309_yn00.csv,0.1627
382,OG4434_yn00.csv,0.1627
1417,OG2883_yn00.csv,0.1627
528,OG2483_yn00.csv,0.1626
1718,OG2173_yn00.csv,0.1626
1012,OG3732_yn00.csv,0.1623
2104,OG1571_yn00.csv,0.1623
1045,OG1932_yn00.csv,0.1622
907,OG3697_yn00.csv,0.1621
2285,OG1309_yn00.csv,0.1621
455,OG3105_yn00.csv,0.1619
1933,OG3301_yn00.csv,0.1619
838,OG4111_yn00.csv,0.1618
1553,OG3736_yn00.csv,0.1618
466,OG4338_yn00.csv,0.1615
2565,OG4082_yn00.csv,0.1614
498,OG1324_yn00.csv,0.1612
1705,OG1415_yn00.csv,0.1612
1763,OG3470_yn00.csv,0.1612
2153,OG2402_yn00.csv,0.1612
1652,OG2792_yn00.csv,0.1609
939,OG3136_yn00.csv,0.1607
201,OG3979_yn00.csv,0.1606
2308,OG2991_yn00.csv,0.1606
2730,OG3917_yn00.csv,0.1605
2772,OG3514_yn00.csv,0.1605
1334,OG4518_yn00.csv,0.1602
1368,OG1763_yn00.csv,0.1602
1567,OG3257_yn00.csv,0.1602
1751,OG4745_yn00.csv,0.1601
205,OG2720_yn00.csv,0.16
2452,OG2885_yn00.csv,0.16
610,OG4062_yn00.csv,0.1599
783,OG1648_yn00.csv,0.1598
210,OG1712_yn00.csv,0.1597
1785,OG3203_yn00.csv,0.1596
2507,OG1700_yn00.csv,0.1596
22,OG2237_yn00.csv,0.1595
1098,OG1617_yn00.csv,0.1595
273,OG1116_yn00.csv,0.1593
1988,OG2447_yn00.csv,0.1593
354,OG2106_yn00.csv,0.1592
2509,OG3607_yn00.csv,0.1592
1357,OG3908_yn00.csv,0.1591
1909,OG4093_yn00.csv,0.1591
2528,OG1419_yn00.csv,0.159
1194,OG2713_yn00.csv,0.1589
1856,OG3628_yn00.csv,0.1588
2113,OG2725_yn00.csv,0.1587
1400,OG4789_yn00.csv,0.1586
2237,OG3333_yn00.csv,0.1585
1711,OG1672_yn00.csv,0.1584
713,OG3795_yn00.csv,0.1583
722,OG1600_yn00.csv,0.1583
657,OG1149_yn00.csv,0.1582
418,OG4128_yn00.csv,0.1581
139,OG3374_yn00.csv,0.158
2529,OG1889_yn00.csv,0.158
2606,OG3639_yn00.csv,0.158
2717,OG2962_yn00.csv,0.158
1350,OG3330_yn00.csv,0.1579
2054,OG3622_yn00.csv,0.1578
1609,OG1318_yn00.csv,0.1577
1940,OG2905_yn00.csv,0.1577
812,OG4050_yn00.csv,0.1576
1048,OG2591_yn00.csv,0.1576
1608,OG3079_yn00.csv,0.1576
1106,OG3244_yn00.csv,0.1575
1792,OG1437_yn00.csv,0.1575
1096,OG3710_yn00.csv,0.1574
618,OG3588_yn00.csv,0.1573
661,OG4015_yn00.csv,0.1573
750,OG3313_yn00.csv,0.1573
1854,OG2870_yn00.csv,0.1573
2010,OG3596_yn00.csv,0.1573
2468,OG3520_yn00.csv,0.1573
1373,OG2296_yn00.csv,0.1572
2083,OG2478_yn00.csv,0.1572
200,OG5049_yn00.csv,0.1571
2293,OG1532_yn00.csv,0.1571
1990,OG2374_yn00.csv,0.157
2604,OG2861_yn00.csv,0.157
384,OG2195_yn00.csv,0.1569
184,OG3870_yn00.csv,0.1568
2316,OG3021_yn00.csv,0.1568
2480,OG2048_yn00.csv,0.1568
1369,OG3892_yn00.csv,0.1567
2145,OG2801_yn00.csv,0.1567
2700,OG1552_yn00.csv,0.1566
502,OG2827_yn00.csv,0.1565
2524,OG1418_yn00.csv,0.1565
2206,OG3541_yn00.csv,0.1564
143,OG3621_yn00.csv,0.1563
2124,OG3718_yn00.csv,0.1563
2214,OG2346_yn00.csv,0.1563
850,OG1677_yn00.csv,0.1562
1185,OG3186_yn00.csv,0.1562
538,OG2988_yn00.csv,0.1561
1032,OG2863_yn00.csv,0.1561
1517,OG4664_yn00.csv,0.1561
2513,OG2267_yn00.csv,0.1561
809,OG1952_yn00.csv,0.1559
1063,OG2993_yn00.csv,0.1559
2599,OG4150_yn00.csv,0.1559
2661,OG3311_yn00.csv,0.1558
765,OG1526_yn00.csv,0.1557
2148,OG1391_yn00.csv,0.1557
1178,OG3842_yn00.csv,0.1556
1324,OG3725_yn00.csv,0.1556
2008,OG2539_yn00.csv,0.1556
919,OG4399_yn00.csv,0.1555
1773,OG3343_yn00.csv,0.1555
193,OG3127_yn00.csv,0.1554
251,OG2769_yn00.csv,0.1551
240,OG1306_yn00.csv,0.1549
1502,OG1678_yn00.csv,0.1549
84,OG2444_yn00.csv,0.1548
1038,OG1850_yn00.csv,0.1548
1766,OG3471_yn00.csv,0.1548
490,OG2316_yn00.csv,0.1547
1188,OG1080_yn00.csv,0.1546
2402,OG4104_yn00.csv,0.1546
2273,OG4033_yn00.csv,0.1545
2715,OG3193_yn00.csv,0.1545
127,OG1154_yn00.csv,0.1543
36,OG3539_yn00.csv,0.1542
312,OG2933_yn00.csv,0.1541
2089,OG3018_yn00.csv,0.1541
2186,OG4146_yn00.csv,0.1541
931,OG2556_yn00.csv,0.154
2441,OG3370_yn00.csv,0.154
986,OG1220_yn00.csv,0.1539
2548,OG2829_yn00.csv,0.1539
2646,OG2102_yn00.csv,0.1539
1837,OG3721_yn00.csv,0.1538
1848,OG4673_yn00.csv,0.1537
2223,OG4951_yn00.csv,0.1537
2686,OG2679_yn00.csv,0.1537
1051,OG2900_yn00.csv,0.1536
2109,OG4285_yn00.csv,0.1536
1420,OG2146_yn00.csv,0.1534
525,OG4123_yn00.csv,0.1533
2521,OG4292_yn00.csv,0.1533
1550,OG3737_yn00.csv,0.1532
632,OG3412_yn00.csv,0.1531
1793,OG4258_yn00.csv,0.1531
246,OG3293_yn00.csv,0.153
1466,OG3693_yn00.csv,0.153
2670,OG4242_yn00.csv,0.153
134,OG2715_yn00.csv,0.1529
732,OG2633_yn00.csv,0.1529
1392,OG1381_yn00.csv,0.1529
656,OG3228_yn00.csv,0.1528
1172,OG1805_yn00.csv,0.1528
2157,OG1165_yn00.csv,0.1528
1568,OG4396_yn00.csv,0.1527
2490,OG3569_yn00.csv,0.1527
194,OG2189_yn00.csv,0.1526
300,OG3059_yn00.csv,0.1526
1712,OG3983_yn00.csv,0.1526
2164,OG3536_yn00.csv,0.1526
2633,OG4391_yn00.csv,0.1526
2665,OG2987_yn00.csv,0.1526
174,OG3248_yn00.csv,0.1525
594,OG4537_yn00.csv,0.1525
155,OG2240_yn00.csv,0.1524
2361,OG3230_yn00.csv,0.1524
584,OG1562_yn00.csv,0.1523
1643,OG2981_yn00.csv,0.1523
1834,OG3720_yn00.csv,0.1523
123,OG3052_yn00.csv,0.1522
2049,OG3504_yn00.csv,0.1522
2127,OG2084_yn00.csv,0.1522
872,OG3225_yn00.csv,0.1521
2742,OG2381_yn00.csv,0.1521
1100,OG1616_yn00.csv,0.152
1756,OG1782_yn00.csv,0.152
387,OG3825_yn00.csv,0.1519
835,OG3679_yn00.csv,0.1519
978,OG1818_yn00.csv,0.1519
226,OG2153_yn00.csv,0.1518
641,OG2649_yn00.csv,0.1518
1537,OG3262_yn00.csv,0.1518
745,OG3312_yn00.csv,0.1516
930,OG4439_yn00.csv,0.1516
2639,OG1356_yn00.csv,0.1516
1955,OG1937_yn00.csv,0.1513
2547,OG1510_yn00.csv,0.1513
791,OG2705_yn00.csv,0.1512
1087,OG1398_yn00.csv,0.1512
1595,OG2853_yn00.csv,0.1512
554,OG3071_yn00.csv,0.1511
1806,OG2497_yn00.csv,0.1511
2584,OG3556_yn00.csv,0.1511
2592,OG3954_yn00.csv,0.1511
1488,OG2524_yn00.csv,0.1509
1103,OG2949_yn00.csv,0.1508
1016,OG3267_yn00.csv,0.1506
2469,OG1641_yn00.csv,0.1505
1445,OG2006_yn00.csv,0.1504
1342,OG1050_yn00.csv,0.1503
1419,OG1289_yn00.csv,0.1503
1513,OG1914_yn00.csv,0.1502
2146,OG2491_yn00.csv,0.1501
1067,OG3305_yn00.csv,0.15
2051,OG3444_yn00.csv,0.15
440,OG3196_yn00.csv,0.1499
1600,OG4245_yn00.csv,0.1498
1904,OG3153_yn00.csv,0.1498
2445,OG3213_yn00.csv,0.1497
557,OG3216_yn00.csv,0.1496
1892,OG1990_yn00.csv,0.1495
604,OG1359_yn00.csv,0.1494
744,OG1073_yn00.csv,0.1494
1516,OG2285_yn00.csv,0.1494
526,OG1383_yn00.csv,0.1493
619,OG3147_yn00.csv,0.1493
1781,OG2894_yn00.csv,0.1493
399,OG1428_yn00.csv,0.1492
336,OG1993_yn00.csv,0.1491
511,OG4117_yn00.csv,0.149
1921,OG3654_yn00.csv,0.1489
892,OG2886_yn00.csv,0.1488
2219,OG4368_yn00.csv,0.1486
1869,OG4267_yn00.csv,0.1485
2479,OG4127_yn00.csv,0.1485
1995,OG3572_yn00.csv,0.1484
2182,OG2876_yn00.csv,0.1484
2728,OG1950_yn00.csv,0.1484
1775,OG2544_yn00.csv,0.1483
2378,OG1663_yn00.csv,0.1482
854,OG1411_yn00.csv,0.1481
2129,OG1972_yn00.csv,0.1481
721,OG1466_yn00.csv,0.148
441,OG2138_yn00.csv,0.1479
527,OG2813_yn00.csv,0.1478
1049,OG3759_yn00.csv,0.1477
2472,OG4472_yn00.csv,0.1477
578,OG1251_yn00.csv,0.1476
1777,OG2545_yn00.csv,0.1476
2184,OG1729_yn00.csv,0.1476
257,OG1068_yn00.csv,0.1475
2133,OG3874_yn00.csv,0.1475
1302,OG2682_yn00.csv,0.1474
1833,OG1441_yn00.csv,0.1474
1941,OG2594_yn00.csv,0.1474
2436,OG3948_yn00.csv,0.1474
2752,OG2647_yn00.csv,0.1474
270,OG2617_yn00.csv,0.1473
53,OG2182_yn00.csv,0.1472
935,OG2199_yn00.csv,0.1472
633,OG1773_yn00.csv,0.1471
469,OG2257_yn00.csv,0.147
776,OG1287_yn00.csv,0.147
1951,OG3831_yn00.csv,0.147
2614,OG3797_yn00.csv,0.1469
2681,OG3218_yn00.csv,0.1469
1548,OG1630_yn00.csv,0.1468
2433,OG4418_yn00.csv,0.1468
42,OG1296_yn00.csv,0.1467
1040,OG4406_yn00.csv,0.1467
1164,OG4361_yn00.csv,0.1466
2088,OG1379_yn00.csv,0.1466
1642,OG2511_yn00.csv,0.1465
2407,OG2974_yn00.csv,0.1465
2706,OG2706_yn00.csv,0.1465
1085,OG2231_yn00.csv,0.1464
1137,OG4269_yn00.csv,0.1463
8,OG1062_yn00.csv,0.1462
111,OG4008_yn00.csv,0.1462
453,OG3104_yn00.csv,0.1462
2714,OG1094_yn00.csv,0.1461
1885,OG1903_yn00.csv,0.146
2359,OG2843_yn00.csv,0.1459
1255,OG4215_yn00.csv,0.1458
1495,OG1042_yn00.csv,0.1458
1682,OG2567_yn00.csv,0.1457
2254,OG2294_yn00.csv,0.1457
161,OG2787_yn00.csv,0.1456
2602,OG3638_yn00.csv,0.1456
548,OG3525_yn00.csv,0.1454
2065,OG1849_yn00.csv,0.1454
2709,OG2707_yn00.csv,0.1454
164,OG2970_yn00.csv,0.1452
1023,OG2607_yn00.csv,0.1452
345,OG4837_yn00.csv,0.1451
966,OG3049_yn00.csv,0.1451
1708,OG3982_yn00.csv,0.145
976,OG2521_yn00.csv,0.1447
207,OG2275_yn00.csv,0.1446
574,OG2551_yn00.csv,0.1446
2128,OG3683_yn00.csv,0.1446
2135,OG1973_yn00.csv,0.1446
1060,OG4257_yn00.csv,0.1445
1005,OG2352_yn00.csv,0.1444
409,OG3172_yn00.csv,0.1441
1913,OG2532_yn00.csv,0.1441
2508,OG3461_yn00.csv,0.1441
121,OG3761_yn00.csv,0.144
1684,OG3959_yn00.csv,0.144
1692,OG3489_yn00.csv,0.144
1819,OG2614_yn00.csv,0.144
2080,OG3183_yn00.csv,0.144
2576,OG2605_yn00.csv,0.144
45,OG3479_yn00.csv,0.1439
1266,OG4133_yn00.csv,0.1439
1576,OG3703_yn00.csv,0.1439
2658,OG3644_yn00.csv,0.1439
1348,OG1237_yn00.csv,0.1438
2769,OG1413_yn00.csv,0.1438
520,OG2384_yn00.csv,0.1437
2572,OG3264_yn00.csv,0.1437
99,OG2393_yn00.csv,0.1436
770,OG1925_yn00.csv,0.1436
2536,OG1582_yn00.csv,0.1436
6,OG1063_yn00.csv,0.1435
2058,OG4914_yn00.csv,0.1434
640,OG2072_yn00.csv,0.1433
2562,OG2744_yn00.csv,0.1432
2756,OG3227_yn00.csv,0.1432
1307,OG3085_yn00.csv,0.1431
2111,OG3122_yn00.csv,0.1431
334,OG2203_yn00.csv,0.143
2232,OG3332_yn00.csv,0.143
1877,OG2293_yn00.csv,0.1429
1747,OG2083_yn00.csv,0.1428
2165,OG1431_yn00.csv,0.1428
932,OG3137_yn00.csv,0.1426
1428,OG4876_yn00.csv,0.1426
814,OG4236_yn00.csv,0.1425
971,OG4274_yn00.csv,0.1424
2218,OG2206_yn00.csv,0.1424
2298,OG2055_yn00.csv,0.1424
1363,OG1994_yn00.csv,0.1423
1422,OG1288_yn00.csv,0.1423
1623,OG1523_yn00.csv,0.1423
549,OG1645_yn00.csv,0.1422
1316,OG1018_yn00.csv,0.1421
2647,OG2364_yn00.csv,0.1419
292,OG4887_yn00.csv,0.1418
864,OG2644_yn00.csv,0.1418
1616,OG2889_yn00.csv,0.1417
129,OG3053_yn00.csv,0.1416
684,OG4493_yn00.csv,0.1415
1253,OG2449_yn00.csv,0.1415
1878,OG2292_yn00.csv,0.1415
769,OG4573_yn00.csv,0.1414
1960,OG2180_yn00.csv,0.1414
493,OG2643_yn00.csv,0.1413
796,OG2251_yn00.csv,0.1412
1252,OG1970_yn00.csv,0.1412
2063,OG2570_yn00.csv,0.1412
2708,OG1859_yn00.csv,0.1409
318,OG2399_yn00.csv,0.1407
224,OG2334_yn00.csv,0.1406
2121,OG3719_yn00.csv,0.1406
758,OG3288_yn00.csv,0.1405
888,OG3077_yn00.csv,0.1405
1817,OG4137_yn00.csv,0.1404
2385,OG1662_yn00.csv,0.1404
2397,OG1496_yn00.csv,0.1403
2505,OG1701_yn00.csv,0.1403
1597,OG4023_yn00.csv,0.1401
731,OG2100_yn00.csv,0.14
1452,OG1253_yn00.csv,0.14
1494,OG3322_yn00.csv,0.14
1500,OG3988_yn00.csv,0.14
162,OG3728_yn00.csv,0.1399
438,OG4764_yn00.csv,0.1397
1437,OG2858_yn00.csv,0.1397
1442,OG2261_yn00.csv,0.1397
2320,OG3246_yn00.csv,0.1397
276,OG1370_yn00.csv,0.1396
541,OG1821_yn00.csv,0.1396
963,OG4189_yn00.csv,0.1395
2028,OG4191_yn00.csv,0.1395
2060,OG2024_yn00.csv,0.1395
1783,OG3065_yn00.csv,0.1394
2086,OG1940_yn00.csv,0.1394
1631,OG3316_yn00.csv,0.1393
2250,OG3999_yn00.csv,0.1393
1707,OG3512_yn00.csv,0.1392
1912,OG2533_yn00.csv,0.1392
113,OG3760_yn00.csv,0.1391
585,OG3603_yn00.csv,0.1391
637,OG2073_yn00.csv,0.1391
1331,OG2610_yn00.csv,0.1391
1492,OG1225_yn00.csv,0.1391
362,OG4395_yn00.csv,0.139
1113,OG2625_yn00.csv,0.139
1491,OG3144_yn00.csv,0.1389
86,OG4367_yn00.csv,0.1388
521,OG4122_yn00.csv,0.1388
1377,OG4550_yn00.csv,0.1388
2000,OG4098_yn00.csv,0.1387
1438,OG1561_yn00.csv,0.1386
486,OG1887_yn00.csv,0.1385
953,OG4547_yn00.csv,0.1385
1166,OG1768_yn00.csv,0.1385
1938,OG5009_yn00.csv,0.1384
2309,OG3306_yn00.csv,0.1384
900,OG3319_yn00.csv,0.1383
34,OG4868_yn00.csv,0.1382
378,OG1863_yn00.csv,0.1382
108,OG2300_yn00.csv,0.1381
1297,OG1300_yn00.csv,0.1381
2018,OG2832_yn00.csv,0.1381
2108,OG1025_yn00.csv,0.1381
2454,OG2673_yn00.csv,0.1381
191,OG1020_yn00.csv,0.138
664,OG4154_yn00.csv,0.138
1538,OG1103_yn00.csv,0.138
2234,OG4094_yn00.csv,0.138
510,OG4371_yn00.csv,0.1379
114,OG1891_yn00.csv,0.1378
2601,OG2860_yn00.csv,0.1378
2301,OG2500_yn00.csv,0.1377
501,OG3044_yn00.csv,0.1376
2138,OG1833_yn00.csv,0.1376
2504,OG2093_yn00.csv,0.1376
2641,OG1465_yn00.csv,0.1376
208,OG2013_yn00.csv,0.1374
2208,OG2788_yn00.csv,0.1373
818,OG1097_yn00.csv,0.1372
2538,OG1583_yn00.csv,0.1372
1237,OG3475_yn00.csv,0.1371
2356,OG4427_yn00.csv,0.1371
1313,OG2719_yn00.csv,0.1369
2276,OG1292_yn00.csv,0.1369
1983,OG3027_yn00.csv,0.1367
2396,OG1806_yn00.csv,0.1367
2750,OG1588_yn00.csv,0.1367
1168,OG1769_yn00.csv,0.1366
1798,OG2150_yn00.csv,0.1366
2447,OG1314_yn00.csv,0.1366
908,OG1790_yn00.csv,0.1364
2040,OG2164_yn00.csv,0.1364
2217,OG1089_yn00.csv,0.1364
2323,OG2627_yn00.csv,0.1364
317,OG1057_yn00.csv,0.1363
2440,OG1010_yn00.csv,0.1363
188,OG2945_yn00.csv,0.1362
1041,OG2569_yn00.csv,0.1361
2713,OG1095_yn00.csv,0.1361
1456,OG2951_yn00.csv,0.136
1699,OG1140_yn00.csv,0.136
1720,OG4627_yn00.csv,0.136
1761,OG2277_yn00.csv,0.136
1095,OG1471_yn00.csv,0.1359
1203,OG2688_yn00.csv,0.1359
1482,OG3677_yn00.csv,0.1359
46,OG1718_yn00.csv,0.1358
2398,OG3901_yn00.csv,0.1357
272,OG2470_yn00.csv,0.1356
1276,OG3169_yn00.csv,0.1356
461,OG2565_yn00.csv,0.1355
895,OG2417_yn00.csv,0.1355
2364,OG1336_yn00.csv,0.1354
102,OG3594_yn00.csv,0.1353
805,OG2869_yn00.csv,0.1353
1364,OG3665_yn00.csv,0.1353
2170,OG2909_yn00.csv,0.1353
470,OG1731_yn00.csv,0.1352
2106,OG1242_yn00.csv,0.1352
2444,OG1172_yn00.csv,0.135
244,OG1395_yn00.csv,0.1349
2120,OG2941_yn00.csv,0.1349
2573,OG3265_yn00.csv,0.1349
824,OG2961_yn00.csv,0.1348
1154,OG1153_yn00.csv,0.1347
811,OG1953_yn00.csv,0.1346
2689,OG2678_yn00.csv,0.1346
422,OG3641_yn00.csv,0.1345
2304,OG4608_yn00.csv,0.1345
358,OG2634_yn00.csv,0.1343
954,OG1581_yn00.csv,0.1343
1986,OG1789_yn00.csv,0.1343
910,OG1791_yn00.csv,0.1342
1269,OG2999_yn00.csv,0.1342
1768,OG1023_yn00.csv,0.1342
2767,OG3772_yn00.csv,0.1342
2319,OG3247_yn00.csv,0.1341
492,OG4279_yn00.csv,0.134
648,OG2648_yn00.csv,0.134
1157,OG2653_yn00.csv,0.134
1416,OG2413_yn00.csv,0.134
1863,OG1187_yn00.csv,0.134
24,OG4358_yn00.csv,0.1338
1685,OG2700_yn00.csv,0.1337
1725,OG3581_yn00.csv,0.1337
1739,OG2119_yn00.csv,0.1337
2055,OG1542_yn00.csv,0.1337
75,OG1344_yn00.csv,0.1336
275,OG3011_yn00.csv,0.1336
600,OG3691_yn00.csv,0.1336
645,OG3811_yn00.csv,0.1336
841,OG1483_yn00.csv,0.1336
1484,OG2216_yn00.csv,0.1336
2269,OG2903_yn00.csv,0.1336
388,OG3824_yn00.csv,0.1333
653,OG3229_yn00.csv,0.1333
1463,OG4207_yn00.csv,0.1333
1619,OG2222_yn00.csv,0.1333
1844,OG2341_yn00.csv,0.1333
2228,OG1996_yn00.csv,0.1333
647,OG3481_yn00.csv,0.1332
25,OG3299_yn00.csv,0.133
1362,OG1762_yn00.csv,0.133
1760,OG2011_yn00.csv,0.133
212,OG1574_yn00.csv,0.1329
1332,OG2476_yn00.csv,0.1329
1411,OG1174_yn00.csv,0.1329
2036,OG2430_yn00.csv,0.1329
2530,OG3778_yn00.csv,0.1329
699,OG2466_yn00.csv,0.1328
1275,OG1831_yn00.csv,0.1328
1476,OG3410_yn00.csv,0.1328
2574,OG1362_yn00.csv,0.1328
723,OG3561_yn00.csv,0.1327
1426,OG1647_yn00.csv,0.1327
314,OG1231_yn00.csv,0.1326
752,OG2773_yn00.csv,0.1325
681,OG2133_yn00.csv,0.1324
1489,OG2525_yn00.csv,0.1324
1786,OG3202_yn00.csv,0.1323
2311,OG1201_yn00.csv,0.1323
90,OG2830_yn00.csv,0.1321
142,OG1540_yn00.csv,0.1321
977,OG4628_yn00.csv,0.1321
410,OG2775_yn00.csv,0.132
692,OG1367_yn00.csv,0.132
1281,OG3752_yn00.csv,0.132
85,OG2208_yn00.csv,0.1319
652,OG2287_yn00.csv,0.1319
1303,OG2874_yn00.csv,0.1319
2072,OG1270_yn00.csv,0.1319
2404,OG2835_yn00.csv,0.1319
2519,OG3352_yn00.csv,0.1319
2618,OG3358_yn00.csv,0.1319
2745,OG2823_yn00.csv,0.1319
397,OG1281_yn00.csv,0.1318
2720,OG1369_yn00.csv,0.1318
2744,OG2380_yn00.csv,0.1318
431,OG1747_yn00.csv,0.1317
655,OG2286_yn00.csv,0.1317
2595,OG4151_yn00.csv,0.1316
220,OG1652_yn00.csv,0.1315
1017,OG1107_yn00.csv,0.1315
259,OG1442_yn00.csv,0.1314
797,OG3098_yn00.csv,0.1314
1679,OG3107_yn00.csv,0.1314
2627,OG2631_yn00.csv,0.1314
2650,OG2225_yn00.csv,0.1314
1403,OG1528_yn00.csv,0.1311
598,OG2458_yn00.csv,0.131
274,OG3277_yn00.csv,0.1309
820,OG3190_yn00.csv,0.1309
1101,OG1470_yn00.csv,0.1309
1932,OG1060_yn00.csv,0.1309
2449,OG1315_yn00.csv,0.1309
2575,OG2604_yn00.csv,0.1309
323,OG2756_yn00.csv,0.1308
2723,OG1951_yn00.csv,0.1308
1980,OG1347_yn00.csv,0.1307
698,OG1100_yn00.csv,0.1306
725,OG3560_yn00.csv,0.1305
559,OG1311_yn00.csv,0.1304
2183,OG2680_yn00.csv,0.1304
281,OG2685_yn00.csv,0.1303
480,OG1886_yn00.csv,0.1302
588,OG2262_yn00.csv,0.1302
160,OG2971_yn00.csv,0.1301
1325,OG1444_yn00.csv,0.13
1304,OG2875_yn00.csv,0.1299
1367,OG1995_yn00.csv,0.1299
1522,OG4330_yn00.csv,0.1297
2666,OG2771_yn00.csv,0.1297
767,OG1740_yn00.csv,0.1295
176,OG2080_yn00.csv,0.1294
473,OG1557_yn00.csv,0.1294
830,OG3678_yn00.csv,0.1293
2200,OG1112_yn00.csv,0.1293
2350,OG3781_yn00.csv,0.1293
262,OG3722_yn00.csv,0.1292
995,OG3673_yn00.csv,0.1292
2115,OG2724_yn00.csv,0.1292
1923,OG2235_yn00.csv,0.1291
1394,OG2228_yn00.csv,0.129
1728,OG2749_yn00.csv,0.129
268,OG2342_yn00.csv,0.1289
442,OG3197_yn00.csv,0.1289
1187,OG2128_yn00.csv,0.1288
2456,OG2414_yn00.csv,0.1288
395,OG4247_yn00.csv,0.1287
1451,OG1252_yn00.csv,0.1287
2525,OG3779_yn00.csv,0.1287
2624,OG4164_yn00.csv,0.1286
1267,OG1393_yn00.csv,0.1285
1920,OG1535_yn00.csv,0.1285
2114,OG2542_yn00.csv,0.1284
439,OG1091_yn00.csv,0.1283
1335,OG2477_yn00.csv,0.1282
2021,OG3237_yn00.csv,0.1282
293,OG1278_yn00.csv,0.1281
1310,OG3940_yn00.csv,0.128
302,OG1338_yn00.csv,0.1279
1322,OG4812_yn00.csv,0.1279
2017,OG2833_yn00.csv,0.1279
2329,OG3688_yn00.csv,0.1279
213,OG1575_yn00.csv,0.1276
279,OG3276_yn00.csv,0.1276
536,OG2519_yn00.csv,0.1276
625,OG3146_yn00.csv,0.1276
1557,OG2451_yn00.csv,0.1276
576,OG3356_yn00.csv,0.1275
1503,OG3519_yn00.csv,0.1275
2739,OG3149_yn00.csv,0.1275
223,OG2152_yn00.csv,0.1274
381,OG1694_yn00.csv,0.1274
2431,OG2711_yn00.csv,0.1274
1884,OG1593_yn00.csv,0.1273
2075,OG2784_yn00.csv,0.1273
130,OG2654_yn00.csv,0.1272
377,OG3792_yn00.csv,0.1272
1055,OG2339_yn00.csv,0.1272
1673,OG3635_yn00.csv,0.1272
7,OG3302_yn00.csv,0.1271
555,OG3217_yn00.csv,0.1271
1241,OG1349_yn00.csv,0.1271
2659,OG4973_yn00.csv,0.1271
2597,OG2259_yn00.csv,0.127
1094,OG2371_yn00.csv,0.1269
1618,OG2044_yn00.csv,0.1268
1467,OG1962_yn00.csv,0.1267
446,OG2966_yn00.csv,0.1264
2418,OG1947_yn00.csv,0.1264
149,OG3089_yn00.csv,0.1263
961,OG2280_yn00.csv,0.1263
1043,OG1851_yn00.csv,0.1263
2027,OG3050_yn00.csv,0.1262
328,OG2531_yn00.csv,0.1261
1212,OG2247_yn00.csv,0.1261
1562,OG2450_yn00.csv,0.1261
1501,OG3989_yn00.csv,0.126
1788,OG3531_yn00.csv,0.126
1962,OG3348_yn00.csv,0.1259
247,OG4352_yn00.csv,0.1257
1071,OG1203_yn00.csv,0.1256
370,OG1569_yn00.csv,0.1255
1398,OG1529_yn00.csv,0.1254
1471,OG2095_yn00.csv,0.1254
1499,OG1679_yn00.csv,0.1254
2478,OG2049_yn00.csv,0.1254
234,OG3839_yn00.csv,0.1253
332,OG2064_yn00.csv,0.1253
2741,OG1228_yn00.csv,0.1253
1825,OG1373_yn00.csv,0.1252
2370,OG3499_yn00.csv,0.1252
2764,OG3515_yn00.csv,0.1252
284,OG3082_yn00.csv,0.1251
1208,OG2689_yn00.csv,0.1251
2014,OG2538_yn00.csv,0.1251
74,OG1122_yn00.csv,0.1248
1624,OG1745_yn00.csv,0.1248
2265,OG3493_yn00.csv,0.1248
2564,OG1222_yn00.csv,0.1248
649,OG3810_yn00.csv,0.1247
621,OG1040_yn00.csv,0.1246
1655,OG3269_yn00.csv,0.1246
2423,OG3443_yn00.csv,0.1246
1864,OG3080_yn00.csv,0.1244
1963,OG2181_yn00.csv,0.1244
1219,OG3347_yn00.csv,0.1242
11,OG1204_yn00.csv,0.1241
303,OG2438_yn00.csv,0.1241
672,OG3368_yn00.csv,0.1241
1993,OG2375_yn00.csv,0.1241
429,OG2818_yn00.csv,0.124
893,OG2671_yn00.csv,0.124
2428,OG2245_yn00.csv,0.124
2045,OG1664_yn00.csv,0.1238
2482,OG3429_yn00.csv,0.1238
833,OG1518_yn00.csv,0.1237
1236,OG1715_yn00.csv,0.1236
2007,OG3597_yn00.csv,0.1235
2253,OG2937_yn00.csv,0.1235
2679,OG3219_yn00.csv,0.1235
1433,OG2859_yn00.csv,0.1234
2389,OG1058_yn00.csv,0.1234
1283,OG1655_yn00.csv,0.1233
1653,OG2964_yn00.csv,0.1233
876,OG2325_yn00.csv,0.1232
2166,OG2598_yn00.csv,0.1232
2071,OG1271_yn00.csv,0.123
1221,OG3121_yn00.csv,0.1229
603,OG2459_yn00.csv,0.1228
337,OG3894_yn00.csv,0.1227
445,OG1639_yn00.csv,0.1227
361,OG1135_yn00.csv,0.1226
2446,OG3075_yn00.csv,0.1225
92,OG3668_yn00.csv,0.1224
1277,OG1209_yn00.csv,0.1224
2664,OG3310_yn00.csv,0.1224
9,OG3303_yn00.csv,0.1223
844,OG1482_yn00.csv,0.1223
1110,OG3023_yn00.csv,0.1223
1249,OG2448_yn00.csv,0.1222
1421,OG2320_yn00.csv,0.1222
2238,OG2534_yn00.csv,0.1222
2559,OG2076_yn00.csv,0.1222
2110,OG3344_yn00.csv,0.1221
2773,OG2313_yn00.csv,0.1221
182,OG2629_yn00.csv,0.122
427,OG2488_yn00.csv,0.122
144,OG2879_yn00.csv,0.1219
217,OG3754_yn00.csv,0.1219
918,OG3258_yn00.csv,0.1219
1148,OG1661_yn00.csv,0.1219
2082,OG1084_yn00.csv,0.1218
1886,OG2067_yn00.csv,0.1216
1625,OG3424_yn00.csv,0.1215
1656,OG1109_yn00.csv,0.1214
642,OG1916_yn00.csv,0.1213
192,OG1246_yn00.csv,0.1212
1821,OG2473_yn00.csv,0.1212
2270,OG2593_yn00.csv,0.1212
2395,OG4637_yn00.csv,0.1212
2721,OG1368_yn00.csv,0.1212
118,OG3506_yn00.csv,0.1211
881,OG1424_yn00.csv,0.1211
419,OG2220_yn00.csv,0.121
346,OG1461_yn00.csv,0.1209
2587,OG3557_yn00.csv,0.1209
1996,OG3714_yn00.csv,0.1208
1887,OG2201_yn00.csv,0.1207
651,OG1587_yn00.csv,0.1206
728,OG2101_yn00.csv,0.1206
1018,OG3266_yn00.csv,0.1206
2585,OG1637_yn00.csv,0.1206
365,OG1353_yn00.csv,0.1204
712,OG2008_yn00.csv,0.1204
2500,OG1964_yn00.csv,0.1204
1044,OG2568_yn00.csv,0.1202
2541,OG3814_yn00.csv,0.1202
1358,OG2205_yn00.csv,0.1201
2542,OG2283_yn00.csv,0.1201
87,OG2209_yn00.csv,0.12
1072,OG3304_yn00.csv,0.12
1882,OG4555_yn00.csv,0.12
2199,OG3273_yn00.csv,0.12
2220,OG2207_yn00.csv,0.12
71,OG1611_yn00.csv,0.1198
150,OG2241_yn00.csv,0.1198
683,OG1633_yn00.csv,0.1198
901,OG2778_yn00.csv,0.1198
700,OG2600_yn00.csv,0.1197
195,OG1247_yn00.csv,0.1196
465,OG2030_yn00.csv,0.1196
547,OG1644_yn00.csv,0.1196
2753,OG1919_yn00.csv,0.1196
98,OG2392_yn00.csv,0.1195
416,OG2221_yn00.csv,0.1195
1714,OG1884_yn00.csv,0.1195
2130,OG1784_yn00.csv,0.1195
185,OG2628_yn00.csv,0.1194
1826,OG3013_yn00.csv,0.1194
2260,OG1905_yn00.csv,0.1194
1957,OG3209_yn00.csv,0.1193
2162,OG1164_yn00.csv,0.1192
1948,OG1295_yn00.csv,0.1191
552,OG1423_yn00.csv,0.119
2405,OG2783_yn00.csv,0.1189
177,OG4520_yn00.csv,0.1188
1669,OG2254_yn00.csv,0.1188
1810,OG2496_yn00.csv,0.1188
2682,OG1179_yn00.csv,0.1188
233,OG2661_yn00.csv,0.1186
626,OG4087_yn00.csv,0.1186
2390,OG2397_yn00.csv,0.1186
2551,OG1511_yn00.csv,0.1186
1604,OG2912_yn00.csv,0.1182
1472,OG2094_yn00.csv,0.1178
1871,OG1408_yn00.csv,0.1178
1257,OG5413_yn00.csv,0.1177
1832,OG1627_yn00.csv,0.1177
338,OG1765_yn00.csv,0.1176
743,OG3034_yn00.csv,0.1176
1424,OG2147_yn00.csv,0.1176
2506,OG3460_yn00.csv,0.1176
512,OG4624_yn00.csv,0.1175
748,OG1214_yn00.csv,0.1175
57,OG1875_yn00.csv,0.1174
101,OG1803_yn00.csv,0.1174
529,OG2812_yn00.csv,0.1173
563,OG2881_yn00.csv,0.1173
2467,OG3746_yn00.csv,0.1173
1216,OG3346_yn00.csv,0.1172
1814,OG4351_yn00.csv,0.1172
2365,OG3231_yn00.csv,0.1172
906,OG1966_yn00.csv,0.1171
1155,OG3232_yn00.csv,0.1171
2215,OG2120_yn00.csv,0.1171
2557,OG2077_yn00.csv,0.1171
171,OG2081_yn00.csv,0.117
613,OG2527_yn00.csv,0.117
1104,OG1343_yn00.csv,0.117
2194,OG2475_yn00.csv,0.117
1231,OG2272_yn00.csv,0.1169
206,OG2546_yn00.csv,0.1168
2607,OG1558_yn00.csv,0.1168
678,OG4890_yn00.csv,0.1167
1128,OG3974_yn00.csv,0.1167
1280,OG1432_yn00.csv,0.1167
436,OG1955_yn00.csv,0.1166
2150,OG1390_yn00.csv,0.1166
1870,OG2308_yn00.csv,0.1165
734,OG2454_yn00.csv,0.1162
1865,OG2249_yn00.csv,0.1162
120,OG1890_yn00.csv,0.1161
1667,OG2033_yn00.csv,0.1161
468,OG2031_yn00.csv,0.1159
1586,OG4436_yn00.csv,0.1159
2549,OG1981_yn00.csv,0.1159
1481,OG1986_yn00.csv,0.1158
68,OG3571_yn00.csv,0.1157
1286,OG2155_yn00.csv,0.1157
566,OG2880_yn00.csv,0.1156
1370,OG2297_yn00.csv,0.1155
1002,OG2213_yn00.csv,0.1154
2343,OG1248_yn00.csv,0.1154
2612,OG4430_yn00.csv,0.1152
1412,OG3073_yn00.csv,0.1151
544,OG2144_yn00.csv,0.115
1443,OG2007_yn00.csv,0.115
1900,OG1991_yn00.csv,0.115
2420,OG1119_yn00.csv,0.115
2427,OG2023_yn00.csv,0.115
2465,OG1426_yn00.csv,0.115
330,OG1808_yn00.csv,0.1149
1840,OG2340_yn00.csv,0.1149
2493,OG4201_yn00.csv,0.1149
1347,OG4097_yn00.csv,0.1148
1713,OG3775_yn00.csv,0.1148
1984,OG1120_yn00.csv,0.1148
2244,OG4260_yn00.csv,0.1148
1621,OG2045_yn00.csv,0.1146
2366,OG3498_yn00.csv,0.1146
2442,OG1011_yn00.csv,0.1146
2611,OG2739_yn00.csv,0.1146
1174,OG1495_yn00.csv,0.1145
582,OG4296_yn00.csv,0.1143
2609,OG1867_yn00.csv,0.1143
513,OG1814_yn00.csv,0.1141
2023,OG2299_yn00.csv,0.114
2499,OG1792_yn00.csv,0.114
2751,OG2421_yn00.csv,0.114
116,OG1667_yn00.csv,0.1139
1727,OG1486_yn00.csv,0.1139
1431,OG1420_yn00.csv,0.1138
2020,OG3051_yn00.csv,0.1138
2174,OG1298_yn00.csv,0.1138
639,OG2214_yn00.csv,0.1134
1319,OG1623_yn00.csv,0.1134
131,OG2432_yn00.csv,0.1133
1677,OG1000_yn00.csv,0.1132
347,OG2958_yn00.csv,0.1131
1464,OG1794_yn00.csv,0.1129
2038,OG2165_yn00.csv,0.1129
2473,OG1824_yn00.csv,0.1129
1228,OG2541_yn00.csv,0.1128
266,OG2125_yn00.csv,0.1127
671,OG1009_yn00.csv,0.1127
871,OG3043_yn00.csv,0.1127
2241,OG2535_yn00.csv,0.1127
2327,OG2440_yn00.csv,0.1127
264,OG1625_yn00.csv,0.1125
1698,OG3220_yn00.csv,0.1125
1703,OG1326_yn00.csv,0.1125
523,OG3285_yn00.csv,0.1124
2336,OG3713_yn00.csv,0.1124
211,OG3615_yn00.csv,0.1123
680,OG2132_yn00.csv,0.1123
1902,OG2838_yn00.csv,0.1123
1078,OG3651_yn00.csv,0.1122
2222,OG1761_yn00.csv,0.1121
786,OG1004_yn00.csv,0.112
1742,OG3578_yn00.csv,0.112
2701,OG3100_yn00.csv,0.112
238,OG3201_yn00.csv,0.1119
325,OG1809_yn00.csv,0.1119
2317,OG1340_yn00.csv,0.1119
1209,OG2020_yn00.csv,0.1118
2502,OG4754_yn00.csv,0.1118
2070,OG3110_yn00.csv,0.1117
1579,OG1605_yn00.csv,0.1116
1670,OG1732_yn00.csv,0.1115
2346,OG2186_yn00.csv,0.1115
2354,OG1687_yn00.csv,0.1115
2726,OG2469_yn00.csv,0.1115
1695,OG3046_yn00.csv,0.1114
1841,OG2126_yn00.csv,0.1114
69,OG1476_yn00.csv,0.1113
407,OG1075_yn00.csv,0.1113
663,OG3095_yn00.csv,0.1112
590,OG2005_yn00.csv,0.1111
950,OG2264_yn00.csv,0.1111
1519,OG1855_yn00.csv,0.1111
1797,OG2336_yn00.csv,0.1111
1118,OG2279_yn00.csv,0.111
1929,OG2760_yn00.csv,0.111
1246,OG1971_yn00.csv,0.1109
1294,OG1939_yn00.csv,0.1109
147,OG1727_yn00.csv,0.1108
749,OG1072_yn00.csv,0.1108
801,OG3631_yn00.csv,0.1108
999,OG4944_yn00.csv,0.1108
2382,OG1404_yn00.csv,0.1108
1186,OG1081_yn00.csv,0.1106
1223,OG1879_yn00.csv,0.1106
2062,OG2243_yn00.csv,0.1106
542,OG2145_yn00.csv,0.1105
424,OG1520_yn00.csv,0.1104
2134,OG1785_yn00.csv,0.1104
115,OG1401_yn00.csv,0.1103
258,OG1624_yn00.csv,0.1101
2563,OG1044_yn00.csv,0.11
561,OG2677_yn00.csv,0.1099
990,OG1775_yn00.csv,0.1099
1971,OG2729_yn00.csv,0.1099
740,OG3252_yn00.csv,0.1098
1540,OG2602_yn00.csv,0.1098
2569,OG1045_yn00.csv,0.1097
695,OG1366_yn00.csv,0.1096
353,OG2360_yn00.csv,0.1095
2322,OG1341_yn00.csv,0.1095
654,OG1148_yn00.csv,0.1094
1738,OG4077_yn00.csv,0.1094
1977,OG2088_yn00.csv,0.1094
2305,OG1838_yn00.csv,0.1094
2566,OG1223_yn00.csv,0.1094
1607,OG1319_yn00.csv,0.1093
747,OG3175_yn00.csv,0.1091
2321,OG3020_yn00.csv,0.1091
2616,OG2190_yn00.csv,0.109
746,OG3174_yn00.csv,0.1089
897,OG1385_yn00.csv,0.1089
959,OG3487_yn00.csv,0.1089
2680,OG1178_yn00.csv,0.1089
1425,OG1421_yn00.csv,0.1088
1486,OG2071_yn00.csv,0.1087
727,OG4208_yn00.csv,0.1086
456,OG3363_yn00.csv,0.1084
1582,OG2104_yn00.csv,0.1084
2631,OG3036_yn00.csv,0.1084
1225,OG2540_yn00.csv,0.1083
1314,OG1019_yn00.csv,0.1082
50,OG1719_yn00.csv,0.108
1019,OG3000_yn00.csv,0.108
2231,OG1053_yn00.csv,0.108
1387,OG2934_yn00.csv,0.1078
1457,OG1468_yn00.csv,0.1077
1053,OG1439_yn00.csv,0.1076
1812,OG3291_yn00.csv,0.1075
2570,OG3002_yn00.csv,0.1075
322,OG3151_yn00.csv,0.1074
1630,OG3170_yn00.csv,0.1073
179,OG1780_yn00.csv,0.1072
537,OG1820_yn00.csv,0.1072
1835,OG2979_yn00.csv,0.1071
2251,OG1668_yn00.csv,0.1071
364,OG3032_yn00.csv,0.1069
903,OG2779_yn00.csv,0.1069
1402,OG2480_yn00.csv,0.1069
1552,OG2798_yn00.csv,0.1069
26,OG1935_yn00.csv,0.1068
1073,OG1065_yn00.csv,0.1068
70,OG1477_yn00.csv,0.1067
829,OG1519_yn00.csv,0.1067
2246,OG1669_yn00.csv,0.1067
929,OG1699_yn00.csv,0.1066
1161,OG4360_yn00.csv,0.1066
1881,OG3494_yn00.csv,0.1066
705,OG2857_yn00.csv,0.1065
972,OG2520_yn00.csv,0.1065
2489,OG2957_yn00.csv,0.1065
2518,OG1255_yn00.csv,0.1065
2719,OG2795_yn00.csv,0.1064
1401,OG2810_yn00.csv,0.1063
2149,OG2238_yn00.csv,0.1063
411,OG2513_yn00.csv,0.1062
716,OG1693_yn00.csv,0.1062
1925,OG2052_yn00.csv,0.1059
579,OG3131_yn00.csv,0.1058
2230,OG3401_yn00.csv,0.1058
790,OG1263_yn00.csv,0.1057
1414,OG2412_yn00.csv,0.1057
2668,OG2770_yn00.csv,0.1057
214,OG1713_yn00.csv,0.1056
2560,OG2210_yn00.csv,0.1056
763,OG1741_yn00.csv,0.1055
1135,OG2160_yn00.csv,0.1055
1693,OG2427_yn00.csv,0.1055
2578,OG2350_yn00.csv,0.1055
91,OG1509_yn00.csv,0.1054
902,OG1827_yn00.csv,0.1054
1376,OG3801_yn00.csv,0.1054
1873,OG1898_yn00.csv,0.1054
505,OG3419_yn00.csv,0.1052
719,OG2192_yn00.csv,0.1052
869,OG4183_yn00.csv,0.1052
1908,OG6194_yn00.csv,0.1052
2172,OG2330_yn00.csv,0.1052
308,OG1900_yn00.csv,0.1051
620,OG1226_yn00.csv,0.1051
1305,OG2683_yn00.csv,0.1051
1858,OG2687_yn00.csv,0.1051
2013,OG1801_yn00.csv,0.1051
2387,OG1059_yn00.csv,0.1051
1674,OG1554_yn00.csv,0.105
376,OG1695_yn00.csv,0.1048
2179,OG1845_yn00.csv,0.1048
1011,OG1453_yn00.csv,0.1046
2216,OG4229_yn00.csv,0.1045
1132,OG3783_yn00.csv,0.1044
1575,OG1462_yn00.csv,0.1043
735,OG2632_yn00.csv,0.1041
1353,OG2750_yn00.csv,0.1041
1539,OG2465_yn00.csv,0.104
2084,OG3846_yn00.csv,0.104
391,OG2329_yn00.csv,0.1039
545,OG3743_yn00.csv,0.1038
1089,OG2230_yn00.csv,0.1038
1448,OG2552_yn00.csv,0.1038
2197,OG1374_yn00.csv,0.1038
1637,OG1829_yn00.csv,0.1037
2131,OG3875_yn00.csv,0.1037
398,OG2581_yn00.csv,0.1036
753,OG2985_yn00.csv,0.1036
894,OG2887_yn00.csv,0.1034
1889,OG2200_yn00.csv,0.1034
886,OG3210_yn00.csv,0.1033
198,OG1021_yn00.csv,0.1031
666,OG2864_yn00.csv,0.1031
1198,OG1012_yn00.csv,0.1031
1298,OG1301_yn00.csv,0.1031
1816,OG1397_yn00.csv,0.1031
38,OG1297_yn00.csv,0.1029
278,OG1117_yn00.csv,0.1029
1081,OG2498_yn00.csv,0.1028
807,OG1551_yn00.csv,0.1027
1505,OG4017_yn00.csv,0.1026
2643,OG1602_yn00.csv,0.1024
635,OG1515_yn00.csv,0.1023
1149,OG1152_yn00.csv,0.1023
2067,OG1848_yn00.csv,0.1023
2419,OG1118_yn00.csv,0.1023
267,OG2124_yn00.csv,0.1021
1204,OG1720_yn00.csv,0.1018
1683,OG2701_yn00.csv,0.1018
2457,OG2327_yn00.csv,0.1017
340,OG1764_yn00.csv,0.1015
1141,OG1406_yn00.csv,0.1015
2642,OG1603_yn00.csv,0.1015
350,OG1606_yn00.csv,0.1014
1564,OG1969_yn00.csv,0.1014
2310,OG1067_yn00.csv,0.1014
1004,OG2353_yn00.csv,0.1013
2629,OG2098_yn00.csv,0.1013
43,OG2019_yn00.csv,0.1012
1757,OG2276_yn00.csv,0.1012
1285,OG2333_yn00.csv,0.1011
1639,OG2510_yn00.csv,0.1011
1891,OG3661_yn00.csv,0.1011
2414,OG1946_yn00.csv,0.1011
2749,OG4728_yn00.csv,0.1011
1805,OG3439_yn00.csv,0.101
216,OG1435_yn00.csv,0.1009
2348,OG2549_yn00.csv,0.1009
447,OG2790_yn00.csv,0.1008
1256,OG4072_yn00.csv,0.1008
821,OG2358_yn00.csv,0.1007
2053,OG1543_yn00.csv,0.1007
1688,OG4899_yn00.csv,0.1006
2012,OG1491_yn00.csv,0.1006
1546,OG1099_yn00.csv,0.1005
2734,OG1481_yn00.csv,0.1005
52,OG2183_yn00.csv,0.1004
16,OG3431_yn00.csv,0.1003
1661,OG1956_yn00.csv,0.1003
2580,OG2137_yn00.csv,0.1003
1291,OG1938_yn00.csv,0.1002
1570,OG3030_yn00.csv,0.1002
1594,OG2196_yn00.csv,0.1002
1741,OG2946_yn00.csv,0.1001
225,OG2335_yn00.csv,0.1
1626,OG1744_yn00.csv,0.1
51,OG2846_yn00.csv,0.0999
425,OG1746_yn00.csv,0.0999
2386,OG3338_yn00.csv,0.0999
762,OG3420_yn00.csv,0.0998
1460,OG2369_yn00.csv,0.0998
696,OG3007_yn00.csv,0.0997
742,OG1355_yn00.csv,0.0997
1527,OG3459_yn00.csv,0.0997
595,OG1961_yn00.csv,0.0996
1454,OG3354_yn00.csv,0.0996
342,OG1502_yn00.csv,0.0995
2096,OG2016_yn00.csv,0.0995
421,OG1389_yn00.csv,0.0993
488,OG2317_yn00.csv,0.0993
1771,OG1244_yn00.csv,0.0993
1799,OG1834_yn00.csv,0.0993
23,OG2051_yn00.csv,0.0992
375,OG2269_yn00.csv,0.0992
707,OG2856_yn00.csv,0.0992
1879,OG1592_yn00.csv,0.0992
394,OG2328_yn00.csv,0.0991
688,OG1454_yn00.csv,0.0991
1211,OG1188_yn00.csv,0.0991
1207,OG1546_yn00.csv,0.099
1641,OG1828_yn00.csv,0.099
2227,OG1506_yn00.csv,0.099
1405,OG2481_yn00.csv,0.0989
846,OG3585_yn00.csv,0.0988
2066,OG2571_yn00.csv,0.0988
2475,OG3281_yn00.csv,0.0988
1117,OG4170_yn00.csv,0.0986
2147,OG3296_yn00.csv,0.0986
2645,OG1464_yn00.csv,0.0986
996,OG1982_yn00.csv,0.0984
1573,OG3565_yn00.csv,0.0984
1663,OG2608_yn00.csv,0.0983
2748,OG1918_yn00.csv,0.0983
795,OG2037_yn00.csv,0.0982
1271,OG3937_yn00.csv,0.0981
2339,OG1615_yn00.csv,0.0981
1278,OG1654_yn00.csv,0.098
2255,OG2295_yn00.csv,0.098
945,OG3462_yn00.csv,0.0979
1809,OG3438_yn00.csv,0.0979
2123,OG2940_yn00.csv,0.0979
401,OG2580_yn00.csv,0.0978
443,OG2139_yn00.csv,0.0978
1896,OG2839_yn00.csv,0.0978
1295,OG3207_yn00.csv,0.0977
2352,OG1686_yn00.csv,0.0977
204,OG1689_yn00.csv,0.0976
1066,OG2992_yn00.csv,0.0975
277,OG1371_yn00.csv,0.0974
533,OG3178_yn00.csv,0.0974
1130,OG4424_yn00.csv,0.0974
1795,OG2337_yn00.csv,0.0974
2158,OG1303_yn00.csv,0.0974
1758,OG2010_yn00.csv,0.0973
2284,OG2409_yn00.csv,0.0972
988,OG1046_yn00.csv,0.0971
2198,OG3015_yn00.csv,0.0971
2747,OG4112_yn00.csv,0.097
282,OG2684_yn00.csv,0.0968
1435,OG1560_yn00.csv,0.0968
1046,OG1933_yn00.csv,0.0964
1328,OG2123_yn00.csv,0.0964
331,OG1498_yn00.csv,0.0962
1558,OG2637_yn00.csv,0.0962
2537,OG1912_yn00.csv,0.0962
28,OG5365_yn00.csv,0.0961
1664,OG1957_yn00.csv,0.096
2746,OG2822_yn00.csv,0.096
271,OG1949_yn00.csv,0.0959
351,OG2959_yn00.csv,0.0959
1153,OG1335_yn00.csv,0.0959
718,OG2193_yn00.csv,0.0958
2481,OG1748_yn00.csv,0.0958
1731,OG1048_yn00.csv,0.0957
623,OG1041_yn00.csv,0.0956
1086,OG2057_yn00.csv,0.0954
1628,OG1522_yn00.csv,0.0954
248,OG1394_yn00.csv,0.0953
1935,OG3300_yn00.csv,0.0952
926,OG1698_yn00.csv,0.0951
17,OG1750_yn00.csv,0.095
2191,OG1181_yn00.csv,0.095
2655,OG1524_yn00.csv,0.095
914,OG1138_yn00.csv,0.0949
928,OG2557_yn00.csv,0.0949
1928,OG2506_yn00.csv,0.0949
1139,OG1660_yn00.csv,0.0948
1493,OG1043_yn00.csv,0.0948
1676,OG1733_yn00.csv,0.0948
1296,OG1166_yn00.csv,0.0947
1336,OG1377_yn00.csv,0.0947
433,OG3640_yn00.csv,0.0946
667,OG2692_yn00.csv,0.0946
754,OG2515_yn00.csv,0.0946
2663,OG1071_yn00.csv,0.0946
2712,OG4235_yn00.csv,0.0946
30,OG2906_yn00.csv,0.0945
163,OG1449_yn00.csv,0.0945
289,OG1840_yn00.csv,0.0945
1590,OG1861_yn00.csv,0.0943
2002,OG2391_yn00.csv,0.0943
229,OG2406_yn00.csv,0.0941
543,OG2323_yn00.csv,0.0941
1145,OG3766_yn00.csv,0.094
2763,OG1674_yn00.csv,0.094
1459,OG1469_yn00.csv,0.0938
2615,OG1866_yn00.csv,0.0938
148,OG2878_yn00.csv,0.0936
495,OG2424_yn00.csv,0.0934
1006,OG2134_yn00.csv,0.0932
2074,OG3377_yn00.csv,0.093
2699,OG1734_yn00.csv,0.093
2621,OG3359_yn00.csv,0.0929
1323,OG4482_yn00.csv,0.0928
1610,OG1921_yn00.csv,0.0928
1843,OG2127_yn00.csv,0.0928
2245,OG2169_yn00.csv,0.0928
1,OG2504_yn00.csv,0.0927
15,OG1751_yn00.csv,0.0926
2344,OG3129_yn00.csv,0.0926
125,OG1155_yn00.csv,0.0925
1270,OG2509_yn00.csv,0.0922
2705,OG3101_yn00.csv,0.0922
855,OG1880_yn00.csv,0.0921
2252,OG3509_yn00.csv,0.0921
2318,OG1126_yn00.csv,0.0921
1514,OG1584_yn00.csv,0.092
913,OG1967_yn00.csv,0.0919
2716,OG2794_yn00.csv,0.0919
2286,OG3069_yn00.csv,0.0917
297,OG2290_yn00.csv,0.0914
1549,OG3551_yn00.csv,0.0914
1572,OG1137_yn00.csv,0.0914
733,OG2455_yn00.csv,0.0913
1611,OG2888_yn00.csv,0.0913
2334,OG2114_yn00.csv,0.0913
1565,OG5338_yn00.csv,0.0912
530,OG2482_yn00.csv,0.0911
714,OG1864_yn00.csv,0.0911
1859,OG2871_yn00.csv,0.0909
2464,OG2326_yn00.csv,0.0909
631,OG1772_yn00.csv,0.0908
1210,OG2246_yn00.csv,0.0908
1233,OG2015_yn00.csv,0.0908
133,OG2573_yn00.csv,0.0907
587,OG1704_yn00.csv,0.0907
947,OG1565_yn00.csv,0.0906
2738,OG2528_yn00.csv,0.0906
165,OG4226_yn00.csv,0.0903
593,OG1797_yn00.csv,0.0903
975,OG2747_yn00.csv,0.0903
693,OG3006_yn00.csv,0.0902
2372,OG2437_yn00.csv,0.0902
1534,OG1364_yn00.csv,0.0896
2059,OG2242_yn00.csv,0.0896
5,OG1205_yn00.csv,0.0895
583,OG1563_yn00.csv,0.0895
1407,OG3072_yn00.csv,0.0895
1508,OG2179_yn00.csv,0.0895
1717,OG2315_yn00.csv,0.0895
1982,OG1346_yn00.csv,0.0895
2125,OG1479_yn00.csv,0.0895
2337,OG1614_yn00.csv,0.0895
1142,OG3767_yn00.csv,0.0893
1124,OG2184_yn00.csv,0.0891
335,OG2065_yn00.csv,0.089
1359,OG2063_yn00.csv,0.0889
1918,OG1752_yn00.csv,0.0889
730,OG2366_yn00.csv,0.0888
785,OG3103_yn00.csv,0.0888
962,OG3048_yn00.csv,0.0887
1382,OG1597_yn00.csv,0.0887
1389,OG1823_yn00.csv,0.0887
2046,OG3505_yn00.csv,0.0887
2371,OG2651_yn00.csv,0.0885
2052,OG1725_yn00.csv,0.0884
2732,OG1810_yn00.csv,0.0884
156,OG1942_yn00.csv,0.0883
1384,OG4004_yn00.csv,0.0883
1511,OG3813_yn00.csv,0.0881
1804,OG1758_yn00.csv,0.088
1423,OG2321_yn00.csv,0.0879
2613,OG1690_yn00.csv,0.0878
1008,OG1634_yn00.csv,0.0877
40,OG2159_yn00.csv,0.0875
1093,OG2370_yn00.csv,0.0875
2758,OG1320_yn00.csv,0.0875
2163,OG1657_yn00.csv,0.0874
1808,OG1759_yn00.csv,0.0873
315,OG3150_yn00.csv,0.0872
1311,OG2718_yn00.csv,0.0872
173,OG1129_yn00.csv,0.0871
2031,OG1598_yn00.csv,0.0871
1312,OG1846_yn00.csv,0.0869
553,OG1310_yn00.csv,0.0868
1554,OG1457_yn00.csv,0.0868
499,OG1142_yn00.csv,0.0866
2169,OG3537_yn00.csv,0.0866
1498,OG1224_yn00.csv,0.0863
1318,OG1445_yn00.csv,0.0862
2622,OG2854_yn00.csv,0.0862
183,OG1977_yn00.csv,0.0861
1131,OG1872_yn00.csv,0.086
202,OG1688_yn00.csv,0.0859
145,OG1541_yn00.csv,0.0858
572,OG1868_yn00.csv,0.0858
1114,OG4317_yn00.csv,0.0857
2043,OG1402_yn00.csv,0.0856
2424,OG1723_yn00.csv,0.0856
67,OG1610_yn00.csv,0.0855
2380,OG1895_yn00.csv,0.0855
739,OG1132_yn00.csv,0.0854
2037,OG2656_yn00.csv,0.0854
1134,OG4268_yn00.csv,0.0853
2073,OG1016_yn00.csv,0.0853
606,OG1358_yn00.csv,0.0852
2577,OG2136_yn00.csv,0.0852
955,OG1911_yn00.csv,0.085
1734,OG2825_yn00.csv,0.0849
982,OG1047_yn00.csv,0.0847
987,OG3141_yn00.csv,0.0847
2710,OG1858_yn00.csv,0.0847
1755,OG4744_yn00.csv,0.0845
2015,OG4102_yn00.csv,0.0845
2766,OG3773_yn00.csv,0.0844
636,OG1985_yn00.csv,0.0843
2159,OG3062_yn00.csv,0.0843
964,OG1329_yn00.csv,0.0841
2727,OG3857_yn00.csv,0.0841
556,OG1176_yn00.csv,0.084
1836,OG1440_yn00.csv,0.0838
1571,OG1351_yn00.csv,0.0837
2660,OG1070_yn00.csv,0.0837
1151,OG1334_yn00.csv,0.0836
2156,OG2665_yn00.csv,0.0836
412,OG2512_yn00.csv,0.0835
1222,OG1240_yn00.csv,0.0835
1753,OG1974_yn00.csv,0.0835
2515,OG2554_yn00.csv,0.0831
1866,OG4140_yn00.csv,0.0829
2226,OG1997_yn00.csv,0.0829
2662,OG1217_yn00.csv,0.0829
1458,OG2950_yn00.csv,0.0828
798,OG2250_yn00.csv,0.0826
1397,OG2229_yn00.csv,0.0826
2368,OG2436_yn00.csv,0.0825
782,OG2917_yn00.csv,0.0823
93,OG1999_yn00.csv,0.0822
2598,OG1196_yn00.csv,0.0822
916,OG4398_yn00.csv,0.0821
823,OG2797_yn00.csv,0.082
321,OG1230_yn00.csv,0.0819
1029,OG1195_yn00.csv,0.0819
994,OG1513_yn00.csv,0.0818
242,OG2495_yn00.csv,0.0817
2261,OG1595_yn00.csv,0.0817
327,OG1499_yn00.csv,0.0816
891,OG3211_yn00.csv,0.0816
1528,OG1738_yn00.csv,0.0815
1167,OG2836_yn00.csv,0.0814
1574,OG1604_yn00.csv,0.0814
451,OG1003_yn00.csv,0.0812
0,OG2762_yn00.csv,0.081
503,OG1778_yn00.csv,0.081
1088,OG2056_yn00.csv,0.0809
2047,OG1665_yn00.csv,0.0809
874,OG2142_yn00.csv,0.0808
1644,OG2777_yn00.csv,0.0808
2434,OG2576_yn00.csv,0.0808
37,OG2158_yn00.csv,0.0807
755,OG2226_yn00.csv,0.0807
951,OG2002_yn00.csv,0.0806
1372,OG1158_yn00.csv,0.0806
2487,OG1609_yn00.csv,0.0806
1874,OG2931_yn00.csv,0.0805
54,OG1682_yn00.csv,0.0804
2290,OG1533_yn00.csv,0.0804
562,OG2411_yn00.csv,0.0803
2648,OG2365_yn00.csv,0.0803
890,OG1170_yn00.csv,0.0802
1030,OG4153_yn00.csv,0.0802
1762,OG1711_yn00.csv,0.0801
2025,OG1157_yn00.csv,0.0801
2315,OG1066_yn00.csv,0.0801
389,OG1923_yn00.csv,0.08
151,OG2027_yn00.csv,0.0799
1105,OG1125_yn00.csv,0.0799
1803,OG1835_yn00.csv,0.0799
2692,OG2253_yn00.csv,0.0798
457,OG1002_yn00.csv,0.0797
568,OG1869_yn00.csv,0.0797
558,OG1177_yn00.csv,0.0796
450,OG3362_yn00.csv,0.0795
1449,OG1034_yn00.csv,0.0795
60,OG1683_yn00.csv,0.0789
487,OG2171_yn00.csv,0.0789
1429,OG1646_yn00.csv,0.0788
1992,OG2113_yn00.csv,0.0788
1289,OG2891_yn00.csv,0.0787
2239,OG2752_yn00.csv,0.0787
849,OG2928_yn00.csv,0.0786
2466,OG1427_yn00.csv,0.0784
2498,OG3863_yn00.csv,0.0781
66,OG2376_yn00.csv,0.0779
1523,OG2038_yn00.csv,0.0779
1587,OG1860_yn00.csv,0.0778
2362,OG1337_yn00.csv,0.0777
299,OG2291_yn00.csv,0.0776
524,OG3284_yn00.csv,0.0776
1998,OG1612_yn00.csv,0.0775
1943,OG1294_yn00.csv,0.0772
2116,OG2379_yn00.csv,0.0772
56,OG1874_yn00.csv,0.0769
420,OG2046_yn00.csv,0.0769
379,OG1862_yn00.csv,0.0768
1569,OG1350_yn00.csv,0.0768
344,OG1607_yn00.csv,0.0767
2035,OG1599_yn00.csv,0.0767
2491,OG1608_yn00.csv,0.0767
454,OG1264_yn00.csv,0.0765
848,OG2383_yn00.csv,0.0765
1052,OG2590_yn00.csv,0.0764
1349,OG1051_yn00.csv,0.0764
1729,OG1049_yn00.csv,0.0763
1001,OG2074_yn00.csv,0.0762
1535,OG1365_yn00.csv,0.0762
602,OG1796_yn00.csv,0.0759
1700,OG3221_yn00.csv,0.0759
1979,OG1121_yn00.csv,0.0759
2685,OG1926_yn00.csv,0.0759
253,OG1836_yn00.csv,0.0756
2001,OG1238_yn00.csv,0.0756
2349,OG1870_yn00.csv,0.0756
822,OG1458_yn00.csv,0.0755
856,OG1410_yn00.csv,0.0751
759,OG2041_yn00.csv,0.075
2287,OG1755_yn00.csv,0.0749
2511,OG2000_yn00.csv,0.0749
2026,OG1331_yn00.csv,0.0748
1470,OG1795_yn00.csv,0.0747
1730,OG2386_yn00.csv,0.0746
265,OG2343_yn00.csv,0.0743
535,OG2989_yn00.csv,0.0743
804,OG1736_yn00.csv,0.0743
249,OG2768_yn00.csv,0.0741
2161,OG3063_yn00.csv,0.0741
1474,OG1517_yn00.csv,0.074
168,OG2348_yn00.csv,0.0739
1250,OG1786_yn00.csv,0.0739
1301,OG1167_yn00.csv,0.0738
291,OG3946_yn00.csv,0.0735
682,OG2355_yn00.csv,0.0735
1162,OG2068_yn00.csv,0.0735
1181,OG2780_yn00.csv,0.0735
756,OG2040_yn00.csv,0.0734
2462,OG5081_yn00.csv,0.0731
1037,OG3108_yn00.csv,0.073
1214,OG3120_yn00.csv,0.073
2610,OG1691_yn00.csv,0.073
2691,OG2252_yn00.csv,0.073
2503,OG2092_yn00.csv,0.0729
2652,OG2224_yn00.csv,0.0729
221,OG1434_yn00.csv,0.0726
2312,OG3160_yn00.csv,0.0726
2443,OG3116_yn00.csv,0.0726
508,OG2079_yn00.csv,0.0725
1518,OG1854_yn00.csv,0.0725
2459,OG2141_yn00.csv,0.0724
1205,OG3441_yn00.csv,0.0722
2543,OG2282_yn00.csv,0.0722
1434,OG1706_yn00.csv,0.0721
760,OG2227_yn00.csv,0.072
2619,OG2191_yn00.csv,0.0719
827,OG2960_yn00.csv,0.0718
1752,OG1975_yn00.csv,0.0718
1374,OG1159_yn00.csv,0.0717
676,OG1856_yn00.csv,0.0716
885,OG1171_yn00.csv,0.0716
1544,OG1098_yn00.csv,0.0716
706,OG1709_yn00.csv,0.0715
1265,OG1392_yn00.csv,0.0715
806,OG1737_yn00.csv,0.0714
2422,OG1722_yn00.csv,0.0714
476,OG1730_yn00.csv,0.0712
1478,OG3881_yn00.csv,0.0712
1559,OG1968_yn00.csv,0.0711
2107,OG1024_yn00.csv,0.0711
2496,OG1965_yn00.csv,0.071
1111,OG2442_yn00.csv,0.0709
1427,OG2588_yn00.csv,0.0709
2249,OG3508_yn00.csv,0.0709
2731,OG1480_yn00.csv,0.0709
2474,OG1825_yn00.csv,0.0708
2620,OG1038_yn00.csv,0.0707
1789,OG1650_yn00.csv,0.0705
199,OG2188_yn00.csv,0.0704
1126,OG1873_yn00.csv,0.0702
1165,OG2837_yn00.csv,0.0702
1475,OG1987_yn00.csv,0.0702
2033,OG2431_yn00.csv,0.0701
203,OG2721_yn00.csv,0.07
1906,OG1054_yn00.csv,0.0698
1308,OG1847_yn00.csv,0.0697
1092,OG2116_yn00.csv,0.0696
2649,OG2103_yn00.csv,0.0694
2636,OG3251_yn00.csv,0.0693
1745,OG1618_yn00.csv,0.0692
517,OG1815_yn00.csv,0.0691
589,OG2004_yn00.csv,0.0691
1487,OG2742_yn00.csv,0.0691
1880,OG1902_yn00.csv,0.0691
2205,OG1620_yn00.csv,0.069
1542,OG2357_yn00.csv,0.0688
1894,OG1766_yn00.csv,0.0688
751,OG2772_yn00.csv,0.0686
662,OG1193_yn00.csv,0.0684
1850,OG1842_yn00.csv,0.0684
2593,OG1852_yn00.csv,0.0684
2463,OG2140_yn00.csv,0.0683
573,OG2737_yn00.csv,0.0682
1468,OG1963_yn00.csv,0.0682
2690,OG2034_yn00.csv,0.068
1406,OG1313_yn00.csv,0.0677
2552,OG1777_yn00.csv,0.0676
1418,OG2675_yn00.csv,0.0675
1989,OG1788_yn00.csv,0.0674
2687,OG1927_yn00.csv,0.0674
1206,OG4580_yn00.csv,0.0673
2091,OG1378_yn00.csv,0.0673
1069,OG1202_yn00.csv,0.0672
2209,OG1621_yn00.csv,0.0672
2303,OG2766_yn00.csv,0.0672
1234,OG1573_yn00.csv,0.067
1606,OG2583_yn00.csv,0.067
917,OG2091_yn00.csv,0.0669
1127,OG1685_yn00.csv,0.0669
2761,OG3226_yn00.csv,0.0669
77,OG1345_yn00.csv,0.0668
863,OG2422_yn00.csv,0.0668
1914,OG1534_yn00.csv,0.0667
1133,OG2161_yn00.csv,0.0666
1238,OG1714_yn00.csv,0.0666
1391,OG1822_yn00.csv,0.0666
2160,OG1302_yn00.csv,0.0666
122,OG1333_yn00.csv,0.0665
218,OG1653_yn00.csv,0.0665
1860,OG1548_yn00.csv,0.0665
2546,OG1980_yn00.csv,0.0664
771,OG1924_yn00.csv,0.0663
2409,OG3185_yn00.csv,0.0663
83,OG2622_yn00.csv,0.0662
1230,OG2014_yn00.csv,0.0661
2330,OG1979_yn00.csv,0.066
1447,OG2735_yn00.csv,0.0658
1634,OG1076_yn00.csv,0.0658
650,OG1917_yn00.csv,0.0654
1284,OG3534_yn00.csv,0.0654
1119,OG1579_yn00.csv,0.0653
1831,OG3546_yn00.csv,0.0653
2630,OG1357_yn00.csv,0.0653
1123,OG2841_yn00.csv,0.0651
1868,OG2309_yn00.csv,0.0651
2190,OG2028_yn00.csv,0.065
2617,OG1039_yn00.csv,0.065
673,OG1008_yn00.csv,0.0649
360,OG2453_yn00.csv,0.0647
269,OG1948_yn00.csv,0.0646
1875,OG1899_yn00.csv,0.0646
2297,OG2054_yn00.csv,0.0645
1351,OG2537_yn00.csv,0.0643
31,OG1659_yn00.csv,0.0642
992,OG1983_yn00.csv,0.0641
1112,OG2443_yn00.csv,0.064
1585,OG1696_yn00.csv,0.064
1591,OG1697_yn00.csv,0.0639
341,OG1992_yn00.csv,0.0633
1822,OG1115_yn00.csv,0.0633
799,OG2036_yn00.csv,0.0632
2171,OG1299_yn00.csv,0.0631
2775,OG2174_yn00.csv,0.063
1719,OG1817_yn00.csv,0.0627
927,OG2731_yn00.csv,0.0626
1581,OG2105_yn00.csv,0.0626
1361,OG2204_yn00.csv,0.0624
2281,OG1930_yn00.csv,0.0622
2635,OG2099_yn00.csv,0.0621
2765,OG1882_yn00.csv,0.0621
1107,OG1124_yn00.csv,0.0619
2085,OG1941_yn00.csv,0.0619
2759,OG2289_yn00.csv,0.0619
2554,OG2828_yn00.csv,0.0618
1784,OG1304_yn00.csv,0.0617
974,OG1819_yn00.csv,0.0615
1922,OG2053_yn00.csv,0.0612
868,OG1323_yn00.csv,0.061
1721,OG1487_yn00.csv,0.061
2139,OG1832_yn00.csv,0.0609
1919,OG1753_yn00.csv,0.0608
1901,OG1501_yn00.csv,0.0607
2210,OG2121_yn00.csv,0.0606
2211,OG2347_yn00.csv,0.0606
1746,OG2082_yn00.csv,0.0604
1827,OG1372_yn00.csv,0.0604
2119,OG4071_yn00.csv,0.0604
2357,OG3780_yn00.csv,0.0603
475,OG1556_yn00.csv,0.0602
2539,OG1913_yn00.csv,0.0602
948,OG2003_yn00.csv,0.06
1218,OG1026_yn00.csv,0.0599
1678,OG1266_yn00.csv,0.0599
2041,OG1892_yn00.csv,0.0598
2437,OG1276_yn00.csv,0.0598
1612,OG2418_yn00.csv,0.0597
1907,OG1055_yn00.csv,0.0595
1532,OG1739_yn00.csv,0.0594
296,OG3118_yn00.csv,0.0592
1635,OG1210_yn00.csv,0.0592
2236,OG1052_yn00.csv,0.0592
675,OG1857_yn00.csv,0.059
1927,OG2996_yn00.csv,0.059
285,OG4325_yn00.csv,0.0587
132,OG2655_yn00.csv,0.0585
793,OG2704_yn00.csv,0.0585
2430,OG2022_yn00.csv,0.0584
1010,OG1635_yn00.csv,0.0583
1191,OG2129_yn00.csv,0.0583
831,OG1989_yn00.csv,0.0582
1171,OG1494_yn00.csv,0.0582
1861,OG2248_yn00.csv,0.0582
1504,OG2927_yn00.csv,0.0581
494,OG2425_yn00.csv,0.0578
1743,OG1619_yn00.csv,0.0578
2105,OG3610_yn00.csv,0.0578
575,OG1037_yn00.csv,0.0576
853,OG1881_yn00.csv,0.0576
973,OG2746_yn00.csv,0.0575
2050,OG1893_yn00.csv,0.0573
998,OG1774_yn00.csv,0.0572
997,OG1512_yn00.csv,0.0569
2263,OG1594_yn00.csv,0.0569
81,OG2445_yn00.csv,0.0565
1360,OG2062_yn00.csv,0.0564
434,OG1521_yn00.csv,0.0563
1972,OG1876_yn00.csv,0.0562
1668,OG2032_yn00.csv,0.056
1818,OG2058_yn00.csv,0.056
2143,OG1538_yn00.csv,0.056
2335,OG1472_yn00.csv,0.0558
2426,OG1545_yn00.csv,0.0556
1129,OG1684_yn00.csv,0.0555
1589,OG3790_yn00.csv,0.0555
1578,OG3702_yn00.csv,0.0552
1898,OG1767_yn00.csv,0.0552
2279,OG1931_yn00.csv,0.0551
1025,OG1959_yn00.csv,0.0548
2768,OG1883_yn00.csv,0.0548
180,OG1976_yn00.csv,0.0547
1282,OG1433_yn00.csv,0.0544
2175,OG5096_yn00.csv,0.0543
845,OG1812_yn00.csv,0.054
2600,OG2696_yn00.csv,0.054
2657,OG1525_yn00.csv,0.0537
107,OG1802_yn00.csv,0.0536
62,OG2377_yn00.csv,0.0535
870,OG1322_yn00.csv,0.0535
1024,OG2461_yn00.csv,0.0534
2262,OG1904_yn00.csv,0.0533
1057,OG1290_yn00.csv,0.0531
2754,OG1589_yn00.csv,0.0526
2583,OG1451_yn00.csv,0.0523
1076,OG1756_yn00.csv,0.0522
1180,OG1629_yn00.csv,0.0522
448,OG1638_yn00.csv,0.0521
1408,OG3214_yn00.csv,0.0521
1958,OG1168_yn00.csv,0.0521
287,OG3947_yn00.csv,0.052
889,OG1316_yn00.csv,0.052
2300,OG1839_yn00.csv,0.052
48,OG2847_yn00.csv,0.0519
1968,OG1681_yn00.csv,0.0518
2193,OG2613_yn00.csv,0.0518
1274,OG2508_yn00.csv,0.0514
1780,OG2405_yn00.csv,0.0514
884,OG1642_yn00.csv,0.0513
320,OG1056_yn00.csv,0.0512
1243,OG2086_yn00.csv,0.0511
2432,OG3949_yn00.csv,0.0511
689,OG1632_yn00.csv,0.051
729,OG2367_yn00.csv,0.0509
2213,OG1088_yn00.csv,0.0509
2181,OG1728_yn00.csv,0.0507
1509,OG1585_yn00.csv,0.0506
1650,OG1093_yn00.csv,0.0506
2634,OG1131_yn00.csv,0.0504
359,OG2635_yn00.csv,0.0502
460,OG2703_yn00.csv,0.0502
2514,OG2001_yn00.csv,0.05
417,OG1388_yn00.csv,0.0499
1058,OG2338_yn00.csv,0.0499
2155,OG2664_yn00.csv,0.0499
2492,OG2108_yn00.csv,0.0498
304,OG1591_yn00.csv,0.0495
1479,OG1770_yn00.csv,0.0494
644,OG1586_yn00.csv,0.0493
1893,OG1500_yn00.csv,0.0491
514,OG1484_yn00.csv,0.049
800,OG1550_yn00.csv,0.049
2421,OG1544_yn00.csv,0.0489
1338,OG1111_yn00.csv,0.0487
532,OG1218_yn00.csv,0.0485
580,OG1036_yn00.csv,0.0484
1807,OG2807_yn00.csv,0.0484
1620,OG2223_yn00.csv,0.0482
2057,OG1724_yn00.csv,0.0482
509,OG2078_yn00.csv,0.0478
834,OG1988_yn00.csv,0.0478
61,OG4218_yn00.csv,0.0477
383,OG2194_yn00.csv,0.0477
1213,OG2021_yn00.csv,0.0477
736,OG1354_yn00.csv,0.0476
414,OG2774_yn00.csv,0.0475
2733,OG2529_yn00.csv,0.0475
2736,OG1811_yn00.csv,0.0474
614,OG4448_yn00.csv,0.0471
402,OG1429_yn00.csv,0.047
1477,OG1771_yn00.csv,0.047
1765,OG1710_yn00.csv,0.047
1973,OG1680_yn00.csv,0.0467
95,OG1998_yn00.csv,0.0464
546,OG1422_yn00.csv,0.0462
128,OG1332_yn00.csv,0.046
21,OG2236_yn00.csv,0.0454
2333,OG2372_yn00.csv,0.0454
478,OG1416_yn00.csv,0.0453
1849,OG1843_yn00.csv,0.0453
1732,OG2387_yn00.csv,0.0449
2005,OG2390_yn00.csv,0.0449
1083,OG1757_yn00.csv,0.0448
386,OG1922_yn00.csv,0.0447
485,OG1671_yn00.csv,0.0443
567,OG1929_yn00.csv,0.0441
2522,OG1032_yn00.csv,0.044
1068,OG1064_yn00.csv,0.0439
1160,OG2069_yn00.csv,0.0439
2770,OG1675_yn00.csv,0.0439
157,OG1943_yn00.csv,0.0436
437,OG1954_yn00.csv,0.0433
467,OG1198_yn00.csv,0.0431
1288,OG2332_yn00.csv,0.0428
2325,OG1978_yn00.csv,0.0428
2358,OG1871_yn00.csv,0.0428
12,OG1537_yn00.csv,0.0427
1202,OG1721_yn00.csv,0.0426
1748,OG1783_yn00.csv,0.0423
2034,OG1909_yn00.csv,0.0419
1480,OG1516_yn00.csv,0.0418
839,OG2219_yn00.csv,0.0416
2526,OG1888_yn00.csv,0.0414
1964,OG1028_yn00.csv,0.0411
2126,OG2085_yn00.csv,0.0411
1520,OG2039_yn00.csv,0.0407
1876,OG2930_yn00.csv,0.0407
2671,OG1284_yn00.csv,0.0403
1791,OG1651_yn00.csv,0.0395
1170,OG1804_yn00.csv,0.0388
1736,OG2118_yn00.csv,0.0387
2654,OG1742_yn00.csv,0.0386
63,OG2111_yn00.csv,0.0383
979,OG1488_yn00.csv,0.0383
1615,OG1920_yn00.csv,0.0381
1258,OG2942_yn00.csv,0.0379
2582,OG2968_yn00.csv,0.0378
2544,OG1776_yn00.csv,0.0371
2704,OG1006_yn00.csv,0.0369
373,OG1568_yn00.csv,0.0353
2268,OG2592_yn00.csv,0.0349
938,OG1031_yn00.csv,0.0344
2722,OG2468_yn00.csv,0.0344
2373,OG2304_yn00.csv,0.0341
135,OG1014_yn00.csv,0.0339
1813,OG2059_yn00.csv,0.0334
1015,OG1106_yn00.csv,0.0333
815,OG1096_yn00.csv,0.0332
826,OG1459_yn00.csv,0.0331
1839,OG1626_yn00.csv,0.0328
1453,OG1035_yn00.csv,0.0325
774,OG2148_yn00.csv,0.0322
20,OG2050_yn00.csv,0.0321
629,OG1984_yn00.csv,0.0319
1483,OG2070_yn00.csv,0.0319
1365,OG1505_yn00.csv,0.0315
507,OG1779_yn00.csv,0.0314
2571,OG1363_yn00.csv,0.0314
934,OG1030_yn00.csv,0.0312
1617,OG2419_yn00.csv,0.0304
1215,OG1027_yn00.csv,0.0303
1000,OG2212_yn00.csv,0.029
2520,OG1033_yn00.csv,0.0286
1769,OG1245_yn00.csv,0.0276
2168,OG1656_yn00.csv,0.0265
2743,OG1229_yn00.csv,0.0261
1143,OG1896_yn00.csv,0.023
1646,OG3195_yn00.csv,0.0224
560,OG3070_yn00.csv,0.0169
877,OG1643_yn00.csv,0.0101
909,OG2639_yn00.csv,0.0086
153,OG3088_yn00.csv,0.0074
2523,OG1254_yn00.csv,0.0073
109,OG2301_yn00.csv,0.0071
228,OG2896_yn00.csv,0.0068
794,OG4158_yn00.csv,0.0067
766,OG4970_yn00.csv,0.0065
1658,OG2609_yn00.csv,0.0061
1911,OG2755_yn00.csv,0.0061
2090,OG5310_yn00.csv,0.0056
685,OG3552_yn00.csv,0.0055
1722,OG3580_yn00.csv,0.0053
2277,OG3395_yn00.csv,0.0053
2586,OG2969_yn00.csv,0.0053
1065,OG2764_yn00.csv,0.0048
1584,OG2559_yn00.csv,0.0048
2497,OG1793_yn00.csv,0.0047
73,OG3243_yn00.csv,0.0046
310,OG4002_yn00.csv,0.0046
1627,OG3643_yn00.csv,0.0045
1662,OG4766_yn00.csv,0.0045
1686,OG2566_yn00.csv,0.0045
1749,OG3872_yn00.csv,0.0045
1366,OG3664_yn00.csv,0.0043
717,OG3794_yn00.csv,0.0042
1247,OG3876_yn00.csv,0.0041
477,OG2699_yn00.csv,0.004
1999,OG3159_yn00.csv,0.0039
1182,OG3549_yn00.csv,0.0038
2229,OG3667_yn00.csv,0.0038
944,OG1703_yn00.csv,0.0037
1660,OG4990_yn00.csv,0.0036
836,OG2218_yn00.csv,0.0034
1770,OG3124_yn00.csv,0.0032
2653,OG3423_yn00.csv,0.0032
491,OG2170_yn00.csv,0.0031
1022,OG4768_yn00.csv,0.0029
2340,OG1473_yn00.csv,0.0029
522,OG1382_yn00.csv,0.0027
1232,OG2273_yn00.csv,0.0026
577,OG4297_yn00.csv,0.0025
1672,OG3453_yn00.csv,0.0025
1916,OG3655_yn00.csv,0.0025
2342,OG2187_yn00.csv,0.0022
1633,OG3317_yn00.csv,0.0021
295,OG1279_yn00.csv,0.002
1156,OG2435_yn00.csv,0.002
2257,OG3492_yn00.csv,0.0017
2484,OG1749_yn00.csv,0.0017
1545,OG2130_yn00.csv,0.0015
1680,OG1267_yn00.csv,0.0014
1706,OG1885_yn00.csv,0.001
348,OG1460_yn00.csv,0.0009
519,OG1485_yn00.csv,0.0009
1007,OG1452_yn00.csv,0.0008