	Aspergillus_nidulans	Saccharomyces_cerevisiae
OG0000000	AN0364, AN0928, AN10294, AN10300, AN10467, AN10775, AN10911, AN10912, AN11165, AN11222, AN1749, AN2354, AN2597, AN2695, AN2782, AN3506, AN5182, AN5349, AN5924, AN6806, AN7376, AN7872, AN7923, AN7942, AN8529, AN8774, AN8973, AN9050, AN9373	YDL170W, YDR034C
OG0000001	AN0376, AN10000, AN10256, AN10632, AN10649, AN10846, AN2670, AN2713, AN2714, AN3471, AN3500, AN5066, AN5095, AN5254, AN5470, AN5471, AN6966, AN6968, AN7830, AN7845, AN7846, AN8305, AN8576	
OG0000002	AN3357, AN4277, AN5860	YDR342C, YDR343C, YDR345C, YFL011W, YHR092C, YHR094C, YHR096C, YIL170W, YJL214W, YJL219W, YLR081W, YMR011W, YOL156W
OG0000003	AN0783, AN10210, AN10833, AN12070, AN2662, AN2829, AN2879, AN3957, AN4195, AN8303, AN8777, AN9138	YDR242W
OG0000004	AN0614, AN0993, AN10075, AN1110, AN11116, AN1681, AN2282, AN2344, AN5650, AN8955, AN9010, AN9392	YGR260W
OG0000005	AN0018, AN1031, AN11217, AN11821, AN2643, AN3254, AN3491, AN5370, AN7200, AN8095, AN8459	
OG0000006	AN0739, AN11120, AN2613, AN2675, AN6451, AN6477, AN6942, AN7295, AN7972, AN8610	YBR008C
OG0000007	AN0098, AN0937, AN3768, AN4175, AN4185, AN5955, AN7379, AN8636	YLR098C, YOR337W
OG0000008	AN0102, AN3855, AN4120, AN4268, AN4811, AN5854, AN6031, AN8801	YJR149W
OG0000009	AN10514, AN10815, AN11791, AN2813, AN3226, AN3305, AN7339, AN8603	YOR246C
OG0000010	AN10098, AN10947, AN1312, AN2351, AN3339, AN3873, AN5257, AN7895, AN9075	
OG0000011	AN0007, AN0902, AN10596, AN10606, AN6154, AN6218, AN6322, AN8469	
OG0000012	AN10038, AN1595, AN6563, AN7807, AN9304	YGR201C, YKL081W, YPL048W
OG0000013	AN0404, AN2300, AN2349, AN3608, AN6237, AN6436, AN9342	YKL209C
OG0000014	AN10770, AN2355, AN2798, AN3508, AN3509, AN8104, AN9111	YER185W
OG0000015	AN3515, AN5917, AN6834, AN7119, AN7344	YBR298C, YDL247W, YJR160C
OG0000016	AN10420	YBR299W, YGR287C, YGR292W, YIL172C, YJL216C, YJL221C, YOL157C
OG0000017	AN0853, AN10423, AN2826, AN3217, AN5299, AN7343	YMR019W
OG0000018	AN11823, AN2358, AN2840, AN4098, AN4481	YOL119C, YOR306C
OG0000019	AN12129, AN4119, AN4313, AN7779, AN8083	YLL028W, YOR273C
OG0000020	AN0497, AN10720, AN3503, AN6461, AN8318, AN8814	YJR152W
OG0000021	AN10507, AN2530, AN3555, AN5781, AN7892	YBR072W
OG0000022	AN11208, AN2651, AN2669, AN4912, AN5350	YOR049C
OG0000023	AN11209, AN1506, AN7147, AN7240, AN8768	YOL137W
OG0000024	AN0718, AN11793, AN3356, AN5040, AN5052, AN7073	
OG0000025	AN11753, AN6430, AN6832, AN8506, AN8894	YNR063W
OG0000026	AN12101, AN5228, AN9177, AN9345	YHR179W, YPL171C
OG0000027	AN7346, AN8596	YBR297W, YFL052W, YGR288W, YPR196W
OG0000028	AN1189, AN2827, AN4920, AN5088, AN8399	YGL006W
OG0000029	AN2200, AN2960, AN4108, AN6739, AN8579	YLL057C
OG0000030	AN2196, AN2959, AN3066, AN4106, AN4107	YIL166C
OG0000031	AN11111	YAR071W, YBR092C, YBR093C, YDL024C, YHR215W
OG0000032	AN5628, AN7167, AN7936	YIL120W, YIL121W
OG0000033	AN4674, AN5660, AN6927	YHL028W, YOR008C
OG0000034	AN0216, AN10399, AN10875, AN3276	YIL124W
OG0000035	AN1573, AN6487	YDR144C, YLR120C, YLR121C
OG0000036	AN0933, AN11979, AN3053, AN3914	YGR189C
OG0000037	AN1061, AN2962, AN4124, AN8990	YKL174C
OG0000038	AN1254, AN5003	YGR067C, YMR182C, YPL230W
OG0000039	AN0299, AN4871, AN5454, AN7886	YDR371W
OG0000040	AN11094, AN8409	YCR102C, YLR460C, YNL134C
OG0000041	AN10309, AN1852, AN9380	YLR307W, YLR308W
OG0000042	AN11818, AN3290, AN5651, AN6030	YKL015W
OG0000043	AN0787, AN2045, AN3566, AN3733	YLR057W
OG0000044	AN5977	YDR541C, YGL039W, YGL157W, YOL151W
OG0000045	AN10891, AN1797, AN6669, AN8737	YDL138W
OG0000046	AN11077, AN3419, AN6393, AN6836	YJL218W
OG0000047	AN5397, AN6830, AN9170	YFL041W, YMR058W
OG0000048	AN8009	YDL244W, YFL058W, YJR156C, YNL332W
OG0000049	AN1650, AN2039, AN3234, AN6659	YKL071W
OG0000050	AN11941, AN2666, AN9064	YDL246C, YJR159W
OG0000051	AN3249, AN4227, AN5850, AN8896	YDL114W
OG0000052	AN0651, AN1016, AN3090	YER020W, YHR005C
OG0000053	AN0856, AN10972, AN5275, AN7392	YGL077C
OG0000054	AN1599, AN3533, AN6759, AN9147	YML076C
OG0000055	AN12429, AN1713	YKR089C, YMR313C, YOR081C
OG0000056	AN1675, AN7792	YMR006C, YMR008C, YOL011W
OG0000057	AN2932, AN8016	YDR021W, YJL138C, YKR059W
OG0000058	AN8880	YBL017C, YIL173W, YJL222W, YNR065C
OG0000059	AN2265, AN4935	YDR247W, YHR082C, YPL026C
OG0000060	AN1628, AN6642	YDR038C, YDR039C, YDR040C
OG0000061	AN0599, AN2158, AN9288	YAL060W, YAL061W
OG0000062	AN0486, AN12489, AN2270	YJR127C, YML081W
OG0000063	AN2286, AN8979	YBR145W, YMR303C, YOL086C
OG0000064	AN0666, AN1872, AN1998, AN8897	YGR263C
OG0000065	AN11138, AN3231, AN6940	YFL050C, YOL130W
OG0000066	AN4018, AN4925	YJR126C, YOR256C, YPL176C
OG0000067	AN0300	YLR155C, YLR157C, YLR158C, YLR160C
OG0000068		YKL220C, YLL051C, YNR060W, YOR381W, YOR384W
OG0000069	AN11152, AN3730, AN7511	YMR307W
OG0000070	AN0170, AN8571	YGR209C, YLR043C
OG0000071	AN10767	YER056C, YER060W, YER060W-A
OG0000072	AN6446, AN7174, AN8377	YKR099W
OG0000073	AN3651, AN6197	YBR103W, YOR269W
OG0000074	AN1048, AN10496	YJR061W, YKL201C
OG0000075	AN3143, AN3479, AN8495	YJL108C
OG0000076	AN10006, AN5681	YDR265W, YER116C
OG0000077	AN4281, AN6974	YFL005W, YFL038C
OG0000078	AN0788, AN12033, AN7292	YNR064C
OG0000079	AN1853, AN2343	YCL026C-A, YCL026C-B
OG0000080	AN0654, AN1592, AN8143	YPL069C
OG0000081	AN2764, AN3186	YER041W, YKL113C
OG0000082	AN2130, AN3159	YLL016W, YLR310C
OG0000083	AN0485, AN3709, AN6785	YLR380W
OG0000084	AN0771, AN10949, AN4749	YOR153W
OG0000085	AN3085, AN4549, AN5564	YKR070W
OG0000086	AN11106, AN1196, AN1747	YBL095W
OG0000087	AN3866, AN4217	YCL064C, YIL167W
OG0000088	AN4807, AN7454	YGR141W, YPR157W
OG0000089	AN1050, AN5646, AN5878	YIL160C
OG0000090	AN2012, AN2346, AN8434	YIL001W
OG0000091	AN1893, AN6884, AN6889	YDR421W
OG0000092	AN1078, AN10841	YLR284C, YOR180C
OG0000093	AN1839, AN5226	YCR010C, YNR002C
OG0000094	AN2047, AN6732	YBR109C, YGL106W
OG0000095	AN3029, AN5950	YJR005W, YKL135C
OG0000096	AN2941, AN5437, AN7727	YDR124W
OG0000097	AN10719, AN10966	YDR378C, YPR182W
OG0000098	AN11113, AN7465	YDL003W, YPR007C
OG0000099	AN10902	YLL052C, YLL053C, YPR192W
OG0000100	AN6571, AN6857	YBR015C, YJL186W
OG0000101	AN10042, AN12169, AN7282	YER080W
OG0000102	AN11221, AN1731, AN6026	YLR142W
OG0000103	AN8279	YEL063C, YNL268W, YNL270C
OG0000104	AN4355, AN6025, AN9279	YER023W
OG0000105	AN3378	YLL062C, YMR321C, YPL273W
OG0000106	AN5411, AN6421	YFL061W, YNL335W
OG0000107	AN4953, AN5740	YNL090W, YPR165W
OG0000108	AN10762	YOL055C, YPL258C, YPR121W
OG0000109	AN1212, AN4123, AN5691	YBR240C
OG0000110	AN6141	YFL060C, YMR095C, YNL334C
OG0000111	AN0351, AN6792	YDL022W, YOL059W
OG0000112	AN3494, AN4776	YMR222C, YOR280C
OG0000113	AN0734, AN2426	YBR009C, YNL030W
OG0000114	AN4248, AN4636	YAL018C, YOL048C
OG0000115	AN11016, AN12060, AN9133	YPL092W
OG0000116	AN2465, AN8912	YDR497C, YOL103W
OG0000117	AN0773, AN4906, AN7662	YLR214W
OG0000118	AN1274, AN7954	YDR368W, YOR120W
OG0000119	AN2421, AN8741	YPR013C, YPR015C
OG0000120	AN4390	YBR078W, YDR055W, YDR522C
OG0000121	AN0578, AN1997	YDR253C, YPL038W
OG0000122	AN4888	YGR087C, YLR044C, YLR134W
OG0000123	AN10273, AN5831	YKR076W, YMR251W
OG0000124	AN10078, AN1014	YKL188C, YPL147W
OG0000125	AN0890, AN1423, AN4019	YCR023C
OG0000126	AN11062, AN9080	YER057C, YIL051C
OG0000127	AN6120, AN6709	YDR170C, YPR095C
OG0000128	AN3265, AN4170	YFR022W, YOR018W
OG0000129	AN3598, AN8343	YDR519W, YNL135C
OG0000130	AN10986, AN4810	YJL172W, YOL153C
OG0000131	AN8041	YGR192C, YJL052W, YJR009C
OG0000132	AN8666, AN8694	YBR150C, YOL089C
OG0000133	AN0732, AN8122	YGR138C, YPR156C
OG0000134	AN10800, AN9461	YGL059W, YIL042C
OG0000135		YBL068W-A, YBL069W, YER101C, YMR152W
OG0000136		YCL069W, YGR224W, YKR105C, YPR198W
OG0000137		YGR109W-A, YGR109W-B, YIL082W, YIL082W-A
OG0000138		YKL222C, YLR266C, YOR162C, YOR172W
OG0000139	AN2801, AN7708	YJR096W
OG0000140	AN11994	YDR389W, YOR134W
OG0000141	AN10822	YDR409W, YOR156C
OG0000142	AN4615	YDL222C, YNL194C
OG0000143	AN10782, AN2977	YER053C
OG0000144	AN2464	YHL003C, YKL008C
OG0000145	AN0776	YJL177W, YKL180W
OG0000146	AN2877	YOR237W, YPL145C
OG0000147	AN1166	YLR448W, YML073C
OG0000148	AN8793	YKL141W, YMR118C
OG0000149	AN10631, AN5480	YHR087W
OG0000150	AN10960, AN2161	YGR111W
OG0000151	AN2856	YCL036W, YDR514C
OG0000152	AN0347	YER031C, YGL210W
OG0000153	AN2215	YDR326C, YHR080C
OG0000154	AN3255, AN4905	YNL229C
OG0000155	AN4189	YOR231W, YPL140C
OG0000156	AN4215	YCL035C, YDR513W
OG0000157	AN1047	YBR169C, YPL106C
OG0000158	AN5671	YIL105C, YNL047C
OG0000159	AN2132	YOR390W, YPL279C
OG0000160	AN5055, AN5199	YLR244C
OG0000161	AN9468	YDL083C, YMR143W
OG0000162	AN3493, AN5784	YBL041W
OG0000163	AN0681, AN11168	YHR112C
OG0000164	AN5800	YNL301C, YOL120C
OG0000165	AN0789, AN1876	YOL060C
OG0000166	AN11127	YCR067C, YNR026C
OG0000167	AN12120	YAL051W, YOR363C
OG0000168	AN0908	YNL108C, YOR110W
OG0000169	AN0095	YJL083W, YKR019C
OG0000170	AN11968, AN6979	YBR153W
OG0000171	AN10630, AN4932	YOL002C
OG0000172	AN10533	YML100W, YMR261C
OG0000173	AN5014	YFL034C-A, YLR061W
OG0000174	AN4522	YER056C-A, YIL052C
OG0000175	AN10338	YBL089W, YER119C
OG0000176	AN1089	YJL084C, YKR021W
OG0000177	AN7303	YGL133W, YPL216W
OG0000178	AN3916, AN5589	YHL032C
OG0000179	AN9464	YBR014C, YDL010W
OG0000180	AN1927	YBR033W, YKL038W
OG0000181	AN1857, AN5952	YLR231C
OG0000182	AN8080, AN8692	YLR109W
OG0000183	AN4135, AN6731	YGL055W
OG0000184	AN1568, AN6985	YDR109C
OG0000185	AN10779	YGR143W, YPR159W
OG0000186	AN0179, AN0618	YMR226C
OG0000187	AN12246	YJR094W-A, YPR043W
OG0000188	AN10740	YBL027W, YBR084C-A
OG0000189	AN0369, AN4404	YBL091C
OG0000190	AN10915, AN2557	YPL165C
OG0000191	AN6330	YDR385W, YOR133W
OG0000192	AN7149	YGR197C, YJR015W
OG0000193	AN3435	YCR018C, YPL021W
OG0000194	AN1218, AN4653	YKL128C
OG0000195	AN5224	YGR241C, YHR161C
OG0000196	AN5426, AN7564	YEL046C
OG0000197	AN4060	YNL302C, YOL121C
OG0000198	AN2020	YGL096W, YPL177C
OG0000199	AN10681	YDL075W, YLR406C
OG0000200	AN2425	YER054C, YIL045W
OG0000201	AN8067	YGL082W, YPL191C
OG0000202	AN6129, AN9013	YML099C
OG0000203	AN3035	YDR263C, YOR033C
OG0000204	AN4276, AN4289	YCL074W
OG0000205	AN8827	YER129W, YGL179C
OG0000206	AN3681, AN4990	YLR220W
OG0000207	AN4475	YGR085C, YPR102C
OG0000208	AN10158, AN7874	YBR096W
OG0000209	AN1288	YCL037C, YDR515W
OG0000210	AN1725, AN5027	YEL023C
OG0000211	AN0112	YEL022W, YJR031C
OG0000212	AN4957	YBR020W, YDR009W
OG0000213	AN4873	YDR146C, YLR131C
OG0000214	AN11032, AN5674	YDR523C
OG0000215	AN0193, AN7239	YJR142W
OG0000216	AN1933	YGR038W, YLR350W
OG0000217	AN10449	YDL042C, YOL068C
OG0000218	AN6060	YGL049C, YGR162W
OG0000219	AN11143, AN7402	YIL099W
OG0000220	AN4066	YHR155W, YNL257C
OG0000221	AN4988	YHR146W, YNL173C
OG0000222	AN6095, AN6703	YKL217W
OG0000223	AN11129, AN5191	YHR067W
OG0000224	AN11332	YPR169W-A, YPR170W-B
OG0000225	AN10976, AN7189	YHR178W
OG0000226	AN5708	YBR214W, YGL056C
OG0000227	AN4082	YJL137C, YKR058W
OG0000228	AN10648, AN2684	YGL012W
OG0000229	AN3910	YDR458C, YML034W
OG0000230	AN11197, AN6733	YPR022C
OG0000231	AN5167	YDR103W, YJL157C
OG0000232	AN7700	YDL224C, YNL197C
OG0000233	AN2492	YDR348C, YHR097C
OG0000234	AN2995	YGR136W, YPR154W
OG0000235	AN2885	YBR089C-A, YPR052C
OG0000236	AN0063	YHL017W, YKL039W
OG0000237	AN1867, AN8261	YPL031C
OG0000238	AN8762	YGR243W, YHR162W
OG0000239	AN8288	YNL106C, YOR109W
OG0000240	AN4446	YAR002C-A, YGL002W
OG0000241	AN1251	YBR066C, YDR043C
OG0000242	AN0830, AN3915	YFL054C
OG0000243	AN0229, AN8069	YMR266W
OG0000244	AN0454, AN1730	YGL159W
OG0000245	AN4655	YOR226C, YPL135W
OG0000246	AN6817, AN7199	YML131W
OG0000247	AN4387	YEL006W, YIL006W
OG0000248	AN4222	YDR471W, YHR010W
OG0000249	AN4802	YBR191W, YPL079W
OG0000250	AN5630	YHL039W, YPL208W
OG0000251	AN1244	YJL082W, YKR018C
OG0000252	AN1345	YGR118W, YPR132W
OG0000253	AN11956	YDR107C, YLR083C
OG0000254	AN4052	YLR300W, YOR190W
OG0000255	AN4916	YNL096C, YOR096W
OG0000256	AN1697	YMR180C, YPL228W
OG0000257	AN10071	YGL014W, YGL178W
OG0000258	AN7661	YOR032C, YOR344C
OG0000259	AN12102, AN6337	YNL015W
OG0000260	AN0069	YKL121W, YMR102C
OG0000261	AN3817	YLR450W, YML075C
OG0000262	AN6632	YLR264W, YOR167C
OG0000263	AN6548, AN7925	YJL055W
OG0000264	AN1383	YHR132W-A, YNL157W
OG0000265	AN11705, AN12426	YDR276C
OG0000266	AN10153	YCR073C, YNR031C
OG0000267	AN4232	YDR312W, YHR066W
OG0000268	AN12431, AN8000	YHR099W
OG0000269	AN10343, AN11011	YBR296C
OG0000270	AN10452	YBR183W, YPL087W
OG0000271	AN7725	YFL059W, YNL333W
OG0000272	AN7107	YGL076C, YPL198W
OG0000273	AN4574	YOR389W, YPL277C
OG0000274	AN0465	YBL072C, YER102W
OG0000275	AN5692	YGR004W, YLR324W
OG0000276	AN3808, AN6365	YPL067C
OG0000277	AN10524	YCR052W, YNR023W
OG0000278	AN1858, AN2509	YJR078W
OG0000279	AN0262	YDR418W, YEL054C
OG0000280	AN0257, AN5269	YPR128C
OG0000281	AN12254, AN9179	YPR127W
OG0000282	AN8531	YER175C, YHR209W
OG0000283	AN10130	YGR027C, YLR333C
OG0000284	AN1176	YLR260W, YOR171C
OG0000285	AN10529, AN1102	YDR062W
OG0000286	AN10905, AN2287	YDL210W
OG0000287	AN3122	YMR237W, YOR299W
OG0000288	AN2663, AN3232	YCR028C
OG0000289	AN6435, AN8117	YCR034W
OG0000290	AN3043, AN8206	YHR176W
OG0000291	AN5979	YDR447C, YML024W
OG0000292	AN1216	YER062C, YIL053W
OG0000293	AN7335	YBR216C, YGL060W
OG0000294	AN4780	YLR456W, YPR172W
OG0000295	AN0733	YBR010W, YNL031C
OG0000296	AN4218	YBR118W, YPR080W
OG0000297	AN2241, AN4118	YOR380W
OG0000298	AN4292	YGR008C, YLR327C
OG0000299	AN11942, AN4382	YFR007W
OG0000300	AN0822	YOR233W, YPL141C
OG0000301	AN5499	YIL149C, YKR095W
OG0000302	AN2145, AN8808	YDL237W
OG0000303	AN7687	YHR117W, YNL121C
OG0000304	AN5520	YHL033C, YLL045C
OG0000305	AN3469	YBL002W, YDR224C
OG0000306	AN0660	YBR021W, YIR028W
OG0000307	AN1498	YCL050C, YDR530C
OG0000308	AN4544	YIL113W, YNL053W
OG0000309	AN1745	YGR010W, YLR328W
OG0000310	AN7003	YDL082W, YMR142C
OG0000311	AN3209, AN3813	YLR411W
OG0000312	AN4794	YHR203C, YJR145C
OG0000313	AN11411	YDL061C, YLR388W
OG0000314	AN10463, AN6173	YLR278C
OG0000315	AN10008, AN3939	YGR003W
OG0000316	AN7550	YCR026C, YEL016C
OG0000317	AN2854	YIL131C, YNL068C
OG0000318	AN7459	YFR053C, YGL253W
OG0000319	AN2072	YDR069C, YER144C
OG0000320	AN4452	YMR194W, YPL249C-A
OG0000321	AN6696	YDR501W, YLR183C
OG0000322	AN12366	YBR241C, YGL104C
OG0000323	AN11097, AN8106	YJR154W
OG0000324	AN6228	YBR172C, YPL105C
OG0000325	AN5517	YER066W, YFL009W
OG0000326	AN6697	YJL116C, YKR042W
OG0000327	AN10706, AN6233	YJL073W
OG0000328	AN9149	YNL087W, YOR086C
OG0000329	AN4632	YDR200C, YLR238W
OG0000330	AN5222	YBR048W, YDR025W
OG0000331	AN8705	YLR287C-A, YOR182C
OG0000332	AN10011, AN3829	YBR006W
OG0000333	AN0417	YER019C-A, YER087C-B
OG0000334	AN10589, AN12172	YIL067C
OG0000335	AN10126, AN8494	YDL144C
OG0000336	AN4486, AN4744	YLR451W
OG0000337	AN10220, AN5440	YKR066C
OG0000338	AN4015	YEL034W, YJR047C
OG0000339	AN10257, AN4546	YBR233W
OG0000340	AN2846	YBR244W, YIR037W
OG0000341	AN2477, AN7165	YBR086C
OG0000342	AN4406	YBL091C-A, YER120W
OG0000343	AN8404	YLR178C, YLR179C
OG0000344	AN10700, AN11951	YER010C
OG0000345	AN1355	YMR253C, YPL264C
OG0000346	AN8791	YMR177W, YPL224C
OG0000347	AN1805, AN5611	YNL036W
OG0000348	AN0551, AN5748	YJR131W
OG0000349	AN3172	YGR214W, YLR048W
OG0000350	AN5891	YJL105W, YKR029C
OG0000351	AN2980	YOR234C, YPL143W
OG0000352	AN5973	YKL126W, YMR104C
OG0000353	AN1182, AN6838	YFL037W
OG0000354	AN10395, AN12339	YOR251C
OG0000355	AN0030, AN1184	YJL213W
OG0000356	AN3648	YGR108W, YPR119W
OG0000357	AN0570	YGR034W, YLR344W
OG0000358	AN10978	YAL015C, YOL043C
OG0000359	AN3522, AN7169	YGR234W
OG0000360	AN6181	YHR141C, YNL162W
OG0000361	AN7302	YFL048C, YLR080W
OG0000362	AN0360	YMR233W, YOR295W
OG0000363	AN1901, AN8283	YHR007C
OG0000364	AN3661, AN8025	YOR084W
OG0000365	AN5447, AN7278	YMR250W
OG0000366	AN4208	YCR048W, YNR019W
OG0000367	AN2503, AN5712	YOR197W
OG0000368	AN4536	YAL017W, YOL045W
OG0000369	AN10936	YDL036C, YOL066C
OG0000370	AN1186, AN4526	YGL186C
OG0000371	AN10527, AN7568	YHL021C
OG0000372	AN5083, AN5606	YOR270C
OG0000373	AN7621, AN9457	YMR041C
OG0000374	AN7567	YDR098C, YER174C
OG0000375	AN0775, AN5534	YNL274C
OG0000376	AN11873, AN7461	YPL015C
OG0000377	AN5099	YAL034C, YOR338W
OG0000378	AN4250	YBR104W, YPR058W
OG0000379	AN11702, AN5581	YBR151W
OG0000380	AN4372, AN8327	YJR153W
OG0000381	AN4792, AN9066	YDL174C
OG0000382	AN7188, AN7597	YJL212C
OG0000383	AN0218, AN4904	YNL275W
OG0000384	AN4039	YOR285W, YOR286W
OG0000385	AN7492	YLR270W, YOR173W
OG0000386	AN6534	YBR161W, YPL057C
OG0000387	AN2275	YFR031C-A, YIL018W
OG0000388	AN0285	YGR248W, YHR163W
OG0000389	AN4998, AN9463	YPL242C
OG0000390	AN5048	YDR451C, YML027W
OG0000391	AN2479	YEL066W, YPR193C
OG0000392	AN4501, AN5744	YER177W
OG0000393	AN5041, AN6338	YGL202W
OG0000394	AN11897, AN4874	YPL123C
OG0000395	AN10355	YNL293W, YOL112W
OG0000396	AN5694	YNL299W, YOL115W
OG0000397	AN7714	YIL151C, YKR096W
OG0000398	AN9097	YER074W, YIL069C
OG0000399	AN1136	YDR287W, YHR046C
OG0000400	AN0624	YDR132C, YLR108C
OG0000401	AN2815	YEL070W, YNR073C
OG0000402	AN8176	YBR031W, YDR012W
OG0000403	AN5631	YJL098W, YKR028W
OG0000404	AN1795	YMR243C, YOR316C
OG0000405	AN0929	YDR147W, YLR133W
OG0000406	AN4564	YGR238C, YHR158C
OG0000407	AN6752, AN6765	YGL205W
OG0000408	AN3696	YDL161W, YLR206W
OG0000409	AN6570	YER027C, YGL208W
OG0000410	AN4216	YHR198C, YHR199C
OG0000411	AN3964, AN8861	YJR069C
OG0000412	AN10057	YJL079C, YKR013W
OG0000413	AN10637	YFL004W, YPL019C
OG0000414	AN8751	YGR092W, YPR111W
OG0000415	AN1122	YGL135W, YPL220W
OG0000416	AN7683	YGR131W, YPR149W
OG0000417	AN7666	YEL041W, YJR049C
OG0000418	AN0433	YMR242C, YOR312C
OG0000419	AN8269	YMR186W, YPL240C
OG0000420	AN4785, AN8111	YPL248C
OG0000421	AN4494	YBL087C, YER117W
OG0000422	AN8689	YCL040W, YDR516C
OG0000423	AN11101	YCL024W, YDR507C
OG0000424	AN8704	YGL031C, YGR148C
OG0000425	AN10296	YEL047C, YJR051W
OG0000426	AN1358	YBL056W, YER089C
OG0000427	AN5441	YDR450W, YML026C
OG0000428	AN1228	YDL136W, YDL191W
OG0000429	AN5715	YER131W, YGL189C
OG0000430	AN3823	YJL136C, YKR057W
OG0000431	AN2442	YMR119W, YNL008C
OG0000432	AN7463	YGR121C, YPR138C
OG0000433	AN6840	YDR272W, YOR040W
OG0000434	AN5884	YML106W, YMR271C
OG0000435	AN4425, AN4964	YBL055C
OG0000436	AN10110, AN8417	YIR030C
OG0000437	AN9357	YIR035C, YIR036C
OG0000438	AN4496	YBL085W, YER114C
OG0000439	AN9410	YDL109C, YGL144C
OG0000440	AN6908	YHR115C, YNL116W
OG0000441	AN4016	YIL148W, YKR094C
OG0000442	AN3739	YCL011C, YNL004W
OG0000443	AN10223, AN3973	YBL064C
OG0000444	AN3755	YER059W, YIL050W
OG0000445	AN2316	YIL111W, YNL052W
OG0000446	AN12206	YBR147W, YOL092W
OG0000447	AN3690	YJL133W, YKR052C
OG0000448	AN6188	YBR242W, YGL101W
OG0000449	AN2979	YGR273C, YMR295C
OG0000450	AN3448	YGR056W, YLR357W
OG0000451	AN3807	YHR001W, YKR003W
OG0000452	AN4618	YBR049C, YDR026C
OG0000453	AN2730	YBR294W, YLR092W
OG0000454	AN0840	YNL104C, YOR108W
OG0000455	AN7474	YJR091C, YPR042C
OG0000456	AN1964	YBR181C, YPL090C
OG0000457	AN4777	YHR021C, YKL156W
OG0000458	AN3727	YGR279C, YMR305C
OG0000459	AN1039	YIR033W, YKL020C
OG0000460	AN2749	YLR187W, YNL278W
OG0000461	AN9465	YGL147C, YNL067W
OG0000462	AN0896	YDR178W, YLR164W
OG0000463	AN3587	YBL067C, YER098W
OG0000464	AN3456	YJR130C, YML082W
OG0000465	AN0446	YDR505C, YLR177W
OG0000466	AN4890	YBL106C, YPR032W
OG0000467	AN4169	YML109W, YMR273C
OG0000468	AN1025	YDR379W, YOR127W
OG0000469	AN7437, AN7591	YCL038C
OG0000470	AN3152	YIR013C, YLR013W
OG0000471	AN0430	YKL072W, YMR053C
OG0000472	AN10489	YLR449W, YML074C
OG0000473	AN4778	YHR123W, YNL130C
OG0000474	AN10235	YJR054W, YML047C
OG0000475	AN6629	YHL001W, YKL006W
OG0000476	AN1798	YLL012W, YLR020C
OG0000477	AN2688	YJL134W, YKR053C
OG0000478	AN6738	YBL079W, YER105C
OG0000479	AN3706	YMR230W, YOR293W
OG0000480	AN5824	YDR264C, YOR034C
OG0000481	AN1171	YDR122W, YLR096W
OG0000482	AN4465	YHR133C, YNL156C
OG0000483	AN4295	YDR185C, YLR168C
OG0000484	AN3940	YDR489W
OG0000485	AN10087	YBR088C
OG0000486	AN6878	YBR098W
OG0000487	AN5632	YDR486C
OG0000488	AN11125	YBR121C
OG0000489	AN4875	YDR282C
OG0000490	AN0819	YDL072C
OG0000491	AN2293	YIL020C
OG0000492	AN8860	YDL166C
OG0000493	AN9517	YGL131C
OG0000494	AN10205	YHR038W
OG0000495	AN4080	YAL036C
OG0000496	AN6576	YMR009W
OG0000497	AN6136	YIL030C
OG0000498	AN6510	YMR203W
OG0000499	AN10879	YAL039C
OG0000500	AN12171	YDR468C
OG0000501	AN3098	YBR080C
OG0000502	AN4530	YNL001W
OG0000503	AN0476	YBR282W
OG0000504	AN3188	YGR170W
OG0000505	AN3749	YCR092C
OG0000506	AN10717	YDR379C-A
OG0000507	AN5981	YJL020C
OG0000508	AN4984	YGL215W
OG0000509	AN8488	YKL196C
OG0000510	AN5676	YJL194W
OG0000511	AN5105	YAL023C
OG0000512	AN1800	YIL147C
OG0000513	AN1297	YBL102W
OG0000514	AN0641	YKL056C
OG0000515	AN4236	YOR117W
OG0000516	AN4298	YJR002W
OG0000517	AN2418	YLR396C
OG0000518	AN6517	YOL094C
OG0000519	AN0316	YML085C
OG0000520	AN7625	YJL153C
OG0000521	AN6126	YNR016C
OG0000522	AN2104	YDR140W
OG0000523	AN7579	YHR200W
OG0000524	AN4525	YGL187C
OG0000525	AN5711	YOR006C
OG0000526	AN3031	YCR053W
OG0000527	AN2742	YJR086W
OG0000528	AN8647	YHL008C
OG0000529	AN2285	YGL150C
OG0000530	AN2526	YLR355C
OG0000531	AN7609	YFL036W
OG0000532	AN4992	YNR008W
OG0000533	AN5607	YFL007W
OG0000534	AN0090	YMR159C
OG0000535	AN3026	YDL145C
OG0000536	AN3909	YOR346W
OG0000537	AN2137	YDL155W
OG0000538	AN1319	YEL026W
OG0000539	AN5188	YMR234W
OG0000540	AN6526	YLR382C
OG0000541	AN6006	YJR132W
OG0000542	AN1194	YKL001C
OG0000543	AN7472	YJL002C
OG0000544	AN2482	YGR271W
OG0000545	AN2314	YEL011W
OG0000546	AN2496	YMR212C
OG0000547	AN3827	YGR103W
OG0000548	AN4561	YOR281C
OG0000549	AN5122	YDR226W
OG0000550	AN12233	YPL046C
OG0000551	AN4584	YDL219W
OG0000552	AN8213	YJR057W
OG0000553	AN1984	YLR399C
OG0000554	AN4814	YBR187W
OG0000555	AN4594	YHL015W
OG0000556	AN5726	YNL027W
OG0000557	AN3834	YAL011W
OG0000558	AN0944	YGL171W
OG0000559	AN8742	YOL034W
OG0000560	AN7286	YMR034C
OG0000561	AN2080	YDR172W
OG0000562	AN7566	YGR276C
OG0000563	AN9168	YDR536W
OG0000564	AN2689	YPL020C
OG0000565	AN4788	YDR088C
OG0000566	AN1770	YHR147C
OG0000567	AN5203	YMR158W
OG0000568	AN4477	YKL146W
OG0000569	AN3761	YNL023C
OG0000570	AN4240	YLR025W
OG0000571	AN6491	YLR051C
OG0000572	AN11054	YBR229C
OG0000573	AN2068	YJL080C
OG0000574	AN11045	YDL178W
OG0000575	AN0719	YDR392W
OG0000576	AN3947	YKL114C
OG0000577	AN6145	YJR017C
OG0000578	AN5529	YNL161W
OG0000579	AN3176	YFL002C
OG0000580	AN4770	YPR167C
OG0000581	AN8825	YJL168C
OG0000582	AN1683	YMR149W
OG0000583	AN9504	YAR018C
OG0000584	AN10315	YLR289W
OG0000585	AN10336	YFR027W
OG0000586	AN3729	YGR032W
OG0000587	AN5155	YLR316C
OG0000588	AN0836	YML086C
OG0000589	AN7041	YGR014W
OG0000590	AN0872	YLR103C
OG0000591	AN1913	YDR037W
OG0000592	AN6728	YDR076W
OG0000593	AN3649	YEL050C
OG0000594	AN2332	YLL041C
OG0000595	AN9063	YAR042W
OG0000596	AN7697	YLR006C
OG0000597	AN0953	YGR163W
OG0000598	AN5915	YCL001W
OG0000599	AN1348	YJL063C
OG0000600	AN0653	YPL199C
OG0000601	AN7028	YOR074C
OG0000602	AN0252	YBR039W
OG0000603	AN6913	YDL122W
OG0000604	AN1635	YML046W
OG0000605	AN7348	YPR117W
OG0000606	AN11568	YML009C
OG0000607	AN4472	YDR359C
OG0000608	AN3462	YGL143C
OG0000609	AN1354	YIL091C
OG0000610	AN11231	YJR117W
OG0000611	AN2733	YDR047W
OG0000612	AN2053	YAL022C
OG0000613	AN2925	YNL329C
OG0000614	AN4793	YDR158W
OG0000615	AN1290	YJL094C
OG0000616	AN4415	YKL087C
OG0000617	AN9397	YFL031W
OG0000618	AN10434	YHR154W
OG0000619	AN0110	YEL051W
OG0000620	AN6895	YML061C
OG0000621	AN7182	YGL247W
OG0000622	AN8783	YGR098C
OG0000623	AN5904	YGR037C
OG0000624	AN10173	YDR496C
OG0000625	AN10574	YMR268C
OG0000626	AN5931	YNL112W
OG0000627	AN2077	YGR145W
OG0000628	AN4426	YNL032W
OG0000629	AN4458	YFR005C
OG0000630	AN4683	YEL002C
OG0000631	AN10515	YNL020C
OG0000632	AN4270	YIR006C
OG0000633	AN0247	YNL132W
OG0000634	AN0889	YHR168W
OG0000635	AN4328	YBR132C
OG0000636	AN3890	YER162C
OG0000637	AN3735	YKL092C
OG0000638	AN0984	YOR243C
OG0000639	AN3468	YDR225W
OG0000640	AN8201	YIL143C
OG0000641	AN1523	YBL099W
OG0000642	AN10283	YPR048W
OG0000643	AN0842	YOR093C
OG0000644	AN1976	YPR023C
OG0000645	AN4775	YDL147W
OG0000646	AN8881	YOR130C
OG0000647	AN8013	YHR166C
OG0000648	AN0065	YKL018W
OG0000649	AN3423	YGR116W
OG0000650	AN10304	YPL083C
OG0000651	AN3449	YFL044C
OG0000652	AN6216	YOR079C
OG0000653	AN7600	YJR137C
OG0000654	AN3666	YDR013W
OG0000655	AN6865	YDR361C
OG0000656	AN3677	YML096W
OG0000657	AN6556	YFR001W
OG0000658	AN2229	YNL277W
OG0000659	AN5451	YMR276W
OG0000660	AN7146	YML008C
OG0000661	AN4402	YNL055C
OG0000662	AN10444	YLR299W
OG0000663	AN3154	YDL056W
OG0000664	AN10348	YLR059C
OG0000665	AN5662	YIL078W
OG0000666	AN0797	YCL030C
OG0000667	AN10472	YPL214C
OG0000668	AN2433	YJR093C
OG0000669	AN8794	YLR312W-A
OG0000670	AN8864	YOR291W
OG0000671	AN0688	YPR074C
OG0000672	AN3013	YIR007W
OG0000673	AN10535	YOL023W
OG0000674	AN6032	YNL256W
OG0000675	AN1385	YDR267C
OG0000676	AN8698	YKL013C
OG0000677	AN4959	YIL150C
OG0000678	AN7017	YBL036C
OG0000679	AN2738	YAL042W
OG0000680	AN10546	YGL019W
OG0000681	AN5960	YCR031C
OG0000682	AN2295	YOR142W
OG0000683	AN6283	YIL103W
OG0000684	AN3375	YIR004W
OG0000685	AN4434	YIL093C
OG0000686	AN4036	YFL027C
OG0000687	AN1154	YGL200C
OG0000688	AN5528	YMR301C
OG0000689	AN0204	YKR024C
OG0000690	AN1970	YMR193W
OG0000691	AN2917	YKL145W
OG0000692	AN7296	YMR076C
OG0000693	AN4293	YKR082W
OG0000694	AN10855	YBL035C
OG0000695	AN10942	YMR092C
OG0000696	AN1494	YCR042C
OG0000697	AN6176	YOR265W
OG0000698	AN3095	YKL189W
OG0000699	AN5819	YKL154W
OG0000700	AN8268	YNR051C
OG0000701	AN1467	YHR076W
OG0000702	AN11164	YGL227W
OG0000703	AN4730	YNR036C
OG0000704	AN4463	YGL206C
OG0000705	AN6844	YDR036C
OG0000706	AN7435	YML021C
OG0000707	AN6675	YPR031W
OG0000708	AN0862	YNL153C
OG0000709	AN0354	YDR035W
OG0000710	AN7731	YGL016W
OG0000711	AN1021	YDL133W
OG0000712	AN10970	YJR063W
OG0000713	AN2997	YMR146C
OG0000714	AN5934	YAL020C
OG0000715	AN9065	YLR203C
OG0000716	AN10753	YDR408C
OG0000717	AN5568	YLR352W
OG0000718	AN1413	YDR301W
OG0000719	AN1500	YGR044C
OG0000720	AN8002	YKL022C
OG0000721	AN10396	YHR190W
OG0000722	AN1082	YEL042W
OG0000723	AN5195	YGL054C
OG0000724	AN0979	YNL233W
OG0000725	AN1357	YGR202C
OG0000726	AN6549	YHR058C
OG0000727	AN0893	YNL220W
OG0000728	AN1750	YBR142W
OG0000729	AN8676	YMR043W
OG0000730	AN5100	YCR094W
OG0000731	AN2007	YLR147C
OG0000732	AN6366	YIL043C
OG0000733	AN10436	YBL093C
OG0000734	AN2902	YMR277W
OG0000735	AN9437	YMR247C
OG0000736	AN1092	YNL191W
OG0000737	AN1328	YHR013C
OG0000738	AN1688	YBR053C
OG0000739	AN11631	YCR046C
OG0000740	AN2909	YDL100C
OG0000741	AN0910	YNL169C
OG0000742	AN0038	YBL088C
OG0000743	AN2988	YER163C
OG0000744	AN4042	YMR015C
OG0000745	AN3779	YHR201C
OG0000746	AN1215	YER006W
OG0000747	AN4639	YHR186C
OG0000748	AN5110	YPL222W
OG0000749	AN3450	YDL017W
OG0000750	AN5164	YNL137C
OG0000751	AN11803	YNL129W
OG0000752	AN11278	YCL057C-A
OG0000753	AN7044	YFR025C
OG0000754	AN20017	Q0130
OG0000755	AN1850	YKR087C
OG0000756	AN1455	YGL022W
OG0000757	AN1038	YMR218C
OG0000758	AN5997	YOL040C
OG0000759	AN12316	YPR062W
OG0000760	AN8707	YPL262W
OG0000761	AN5873	YHR172W
OG0000762	AN8233	YJL145W
OG0000763	AN6711	YKL181W
OG0000764	AN5179	YKL191W
OG0000765	AN10362	YJL140W
OG0000766	AN3624	YDR270W
OG0000767	AN5491	YNL242W
OG0000768	AN6138	YBL084C
OG0000769	AN6067	YPR041W
OG0000770	AN4101	YPR201W
OG0000771	AN0271	YBR252W
OG0000772	AN8859	YER052C
OG0000773	AN20009	Q0080
OG0000774	AN1150	YOL140W
OG0000775	AN6220	YMR155W
OG0000776	AN0717	YIL116W
OG0000777	AN4919	YIL062C
OG0000778	AN4071	YIL049W
OG0000779	AN6199	YJL124C
OG0000780	AN6580	YDL142C
OG0000781	AN2936	YGL156W
OG0000782	AN3061	YPR173C
OG0000783	AN4724	YDR164C
OG0000784	AN11722	YJR102C
OG0000785	AN0278	YFR032C-A
OG0000786	AN2635, AN5227	
OG0000787	AN6569	YKR038C
OG0000788	AN4889	YGL232W
OG0000789	AN3088	YEL027W
OG0000790	AN4974	YDR316W
OG0000791	AN12403	YDL117W
OG0000792	AN2222	YDL226C
OG0000793	AN11081	YGL001C
OG0000794	AN4342	YGL020C
OG0000795	AN10551	YLR384C
OG0000796	AN0130	YML005W
OG0000797	AN2949	YBR268W
OG0000798	AN1225	YDR121W
OG0000799	AN6901	YAL010C
OG0000800	AN7250	YLR138W
OG0000801	AN3173	YDR337W
OG0000802	AN1778	YBR176W
OG0000803	AN7140	YGL196W
OG0000804	AN8253	YOR056C
OG0000805	AN2480	YLR309C
OG0000806	AN6533	YDR407C
OG0000807	AN0726	YMR244W
OG0000808	AN0576	YBR097W
OG0000809	AN11691	YJL096W
OG0000810	AN3411	YOL139C
OG0000811	AN4219	YDR045C
OG0000812	AN0135	YOR035C
OG0000813	AN7572	YFL033C
OG0000814	AN3110	YDR490C
OG0000815	AN2002	YDL090C
OG0000816	AN8203	YHR074W
OG0000817	AN2049	YDR289C
OG0000818	AN10140	YJL042W
OG0000819	AN10567	YOL102C
OG0000820	AN6892	YDL006W
OG0000821	AN6544	YOL129W
OG0000822	AN1546	YOL004W
OG0000823	AN3933	YPR010C
OG0000824	AN4388	YDR529C
OG0000825	AN1442	YBR171W
OG0000826	AN0912	YCL018W
OG0000827	AN0930	YBR287W
OG0000828	AN3688	YHR206W
OG0000829	AN4678	YDR419W
OG0000830	AN2484	YOR122C
OG0000831	AN5953	YPR067W
OG0000832	AN10610	YGL153W
OG0000833	AN7741	YOL062C
OG0000834	AN3641	YDR248C
OG0000835	AN6231	YGL026C
OG0000836	AN6250	YGL017W
OG0000837	AN2298	YPR180W
OG0000838	AN5124	YDR228C
OG0000839	AN7425	YBL020W
OG0000840	AN4553	YPR098C
OG0000841	AN8225	YDR116C
OG0000842	AN10634	YMR302C
OG0000843	AN0078	YMR100W
OG0000844	AN5705	YDR372C
OG0000845	AN6087	YGR257C
OG0000846	AN6111	YDR280W
OG0000847	AN3466	YDR148C
OG0000848	AN6933	YKL029C
OG0000849	AN10829	YNL063W
OG0000850	AN6329	YLR087C
OG0000851	AN10077	YLR019W
OG0000852	AN4493	YNL330C
OG0000853	AN0728	YNL124W
OG0000854	AN6290	YNL213C
OG0000855	AN0258	YGL085W
OG0000856	AN6514	YGL246C
OG0000857	AN0281	YMR055C
OG0000858	AN2164	YGL241W
OG0000859	AN5008	YMR244C-A
OG0000860	AN1013	YPL131W
OG0000861	AN4903	YHR169W
OG0000862	AN6289	YDR137W
OG0000863	AN0349	YBR227C
OG0000864	AN5786	YHR194W
OG0000865	AN1282	YOR007C
OG0000866	AN11755	YPL011C
OG0000867	AN3758	YNL315C
OG0000868	AN4613	YKL155C
OG0000869	AN8862	YOR326W
OG0000870	AN6867	YKR036C
OG0000871	AN2521	YCL008C
OG0000872	AN7695	YDR477W
OG0000873	AN5774	YHL030W
OG0000874	AN1201	YER087W
OG0000875	AN6921	YKL117W
OG0000876	AN6108	YOR236W
OG0000877	AN5601	YNR050C
OG0000878	AN3695	YER090W
OG0000879	AN1632	YGL180W
OG0000880	AN1796	YDR182W
OG0000881	AN0156	YDR173C
OG0000882	AN3594	YOR069W
OG0000883	AN7353	YMR315W
OG0000884	AN0432	YKL150W
OG0000885	AN7729	YDR135C
OG0000886	AN1362	YOR042W
OG0000887	AN0647	YNL075W
OG0000888	AN10377	YOR161C
OG0000889	AN10466	YJR080C
OG0000890	AN3747	YPR176C
OG0000891	AN0643	YML105C
OG0000892	AN6996	YPL109C
OG0000893	AN2142	YNL189W
OG0000894	AN2235	YNL151C
OG0000895	AN0634	YPL051W
OG0000896	AN0703	YJR033C
OG0000897	AN9407	YPL231W
OG0000898	AN5713	YJL111W
OG0000899	AN4714	YKL027W
OG0000900	AN3692	YOL107W
OG0000901	AN0297	YDR032C
OG0000902	AN4862	YMR235C
OG0000903	AN2185	YJL208C
OG0000904	AN0167	YKR026C
OG0000905	AN1055	YPR129W
OG0000906	AN0814	YGL116W
OG0000907	AN2150	YHR020W
OG0000908	AN6611	YNL127W
OG0000909	AN4736	YBL019W
OG0000910	AN3033	YIR008C
OG0000911	AN1168	YGR217W
OG0000912	AN12407	YGR215W
OG0000913	AN2927	YDL028C
OG0000914	AN6630	YHR193C
OG0000915	AN3156	YJR007W
OG0000916	AN4182	YBR160W
OG0000917	AN1480	YIR032C
OG0000918	AN2149	YDR212W
OG0000919	AN6359	YIL046W
OG0000920	AN0998	YCR019W
OG0000921	AN10112	YML103C
OG0000922	AN8038	YBL051C
OG0000923	AN6606	YGL027C
OG0000924	AN8055	YDL167C
OG0000925	AN9151	YMR287C
OG0000926	AN10526	YBR034C
OG0000927	AN10061	YJL204C
OG0000928	AN8491	YPL211W
OG0000929	AN5813	YPL215W
OG0000930	AN4238	YHR205W
OG0000931	AN0997	YMR024W
OG0000932	AN0887	YBR208C
OG0000933	AN10175	YER007C-A
OG0000934	AN11843	YDR286C
OG0000935	AN6547	YMR314W
OG0000936	AN1237	YER095W
OG0000937	AN7260	YLR002C
OG0000938	AN7750	YNL201C
OG0000939	AN4278	YLR305C
OG0000940	AN0088	YML018C
OG0000941	AN11961	YDR079C-A
OG0000942	AN8883	YJR014W
OG0000943	AN6903	YIL061C
OG0000944	AN0855	YBR073W
OG0000945	AN5857	YNL054W
OG0000946	AN1908	YCR054C
OG0000947	AN5340	YER127W
OG0000948	AN8015	YDL030W
OG0000949	AN6528	YMR274C
OG0000950	AN12122	YBR201W
OG0000951	AN8275	YNR001C
OG0000952	AN0127	YFR021W
OG0000953	AN6594	YLR215C
OG0000954	AN4685	YGR152C
OG0000955	AN4739	YAR015W
OG0000956	AN10108	YKL070W
OG0000957	AN6165	YPL212C
OG0000958	AN4323	YJR148W
OG0000959	AN2415	YPR110C
OG0000960	AN8192	YIL031W
OG0000961	AN4548	YDR306C
OG0000962	AN6558	YNL113W
OG0000963	AN10556	YDL190C
OG0000964	AN1226	YDR191W
OG0000965	AN3447	YPL054W
OG0000966	AN8867	YDR023W
OG0000967	AN12305	YCL034W
OG0000968	AN4581	YLR336C
OG0000969	AN6714	YNL313C
OG0000970	AN4239	YMR091C
OG0000971	AN10056	YLR241W
OG0000972	AN11684	YPL072W
OG0000973	AN5760	YGL155W
OG0000974	AN2066	YHL002W
OG0000975	AN6507	YMR125W
OG0000976	AN7588	YJL121C
OG0000977	AN11175	YER058W
OG0000978	AN4428	YEL064C
OG0000979	AN2272	YJR105W
OG0000980	AN4781	YLR239C
OG0000981	AN0305	YLR129W
OG0000982	AN8604	YIR042C
OG0000983	AN0946	YOR206W
OG0000984	AN6726	YML092C
OG0000985	AN6578	YEL007W
OG0000986	AN4272	YBR114W
OG0000987	AN7995	YCR036W
OG0000988	AN3865	YGR171C
OG0000989	AN10769	YPL009C
OG0000990	AN5889	YGL100W
OG0000991	AN0834	YOR254C
OG0000992	AN3710	YGR113W
OG0000993	AN8844	YOL133W
OG0000994	AN11001	YNL200C
OG0000995	AN7479	YHR019C
OG0000996	AN11066	YGR280C
OG0000997	AN5129	YAL005C
OG0000998	AN5403	YBR156C
OG0000999	AN0471	YDL128W
OG0001000	AN4470	YER025W
OG0001001	AN5494	YBR274W
OG0001002	AN6279	YML042W
OG0001003	AN2240	YCL052C
OG0001004	AN7502	YNR012W
OG0001005	AN1281	YIL022W
OG0001006	AN1810	YLR438W
OG0001007	AN0126	YMR167W
OG0001008	AN0141	YKR056W
OG0001009	AN8681	YKL100C
OG0001010	AN12059	YJL035C
OG0001011	AN3819	YDR162C
OG0001012	AN9360	YOR077W
OG0001013	AN3812	YGR195W
OG0001014	AN10222	YMR099C
OG0001015	AN2906	YCR071C
OG0001016	AN9124	YOR027W
OG0001017	AN10780	YNL128W
OG0001018	AN9358	YDR397C
OG0001019	AN6489	YDR041W
OG0001020	AN5871	YDR083W
OG0001021	AN0143	YBR233W-A
OG0001022	AN8076	YCR033W
OG0001023	AN1334	YER072W
OG0001024	AN4461	YOR148C
OG0001025	AN2511	YJL030W
OG0001026	AN2916	YKL148C
OG0001027	AN7305	YNR054C
OG0001028	AN8870	YLR441C
OG0001029	AN5810	YFR006W
OG0001030	AN7733	YJR062C
OG0001031	AN6040	YGR203W
OG0001032	AN4864	YOR002W
OG0001033	AN10477	YPL183W-A
OG0001034	AN2770	YBR215W
OG0001035	AN8029	YKR050W
OG0001036	AN5536	YJR072C
OG0001037	AN3621	YGR252W
OG0001038	AN2311	YMR220W
OG0001039	AN1761	YEL012W
OG0001040	AN0753	YOR198C
OG0001041	AN11747	YGL066W
OG0001042	AN5566	YMR217W
OG0001043	AN3797	YJL092W
OG0001044	AN1359	YIL140W
OG0001045	AN5820	YGR155W
OG0001046	AN0932	YPL091W
OG0001047	AN5999	YJR109C
OG0001048	AN1752	YFR030W
OG0001049	AN7010	YHR029C
OG0001050	AN5892	YPR162C
OG0001051	AN11010	YGR100W
OG0001052	AN3634	YDR354W
OG0001053	AN1710	YPL104W
OG0001054	AN1376	YJR073C
OG0001055	AN10537	YDR374C
OG0001056	AN4721	YER013W
OG0001057	AN10181	YOR023C
OG0001058	AN1469	YGL018C
OG0001059	AN5899	YFR031C
OG0001060	AN11406	YHR143W-A
OG0001061	AN1163	YDR258C
OG0001062	AN0081	YOR212W
OG0001063	AN7491	YJR099W
OG0001064	AN1534	YPL078C
OG0001065	AN8820	YLR433C
OG0001066	AN3427	YNL175C
OG0001067	AN4360	YDR254W
OG0001068	AN8040	YBR106W
OG0001069	AN4038	YAL035W
OG0001070	AN1706	YFR018C
OG0001071	AN0686	YGR132C
OG0001072	AN6363	YOR119C
OG0001073	AN10417	YDL160C
OG0001074	AN2992	YPL237W
OG0001075	AN6073	YGR231C
OG0001076	AN1065	YPR133C
OG0001077	AN0294	YNL115C
OG0001078	AN2321	YAL067C
OG0001079	AN0670	YBL033C
OG0001080	AN10558	YDR006C
OG0001081	AN3626	YOR128C
OG0001082	AN10901	YMR189W
OG0001083	AN0677	YOR052C
OG0001084	AN5883	YGL125W
OG0001085	AN12473	YNL209W
OG0001086	AN1382	YIL090W
OG0001087	AN11444	YML081C-A
OG0001088	AN1446	YAL012W
OG0001089	AN2766	YDR208W
OG0001090	AN9060	YNL227C
OG0001091	AN8696	YGL050W
OG0001092	AN8281	YFL010C
OG0001093	AN4923	YML126C
OG0001094	AN2105	YGR074W
OG0001095	AN11303	YDR322C-A
OG0001096	AN20010	Q0085
OG0001097	AN1811	YGL142C
OG0001098	AN5116	YCL029C
OG0001099	AN8273	YPR191W
OG0001100	AN6587	YLL013C
OG0001101	AN4726	YNL181W
OG0001102	AN2079	YLR435W
OG0001103	AN6178	YNL230C
OG0001104	AN7311	YDR108W
OG0001105	AN8796	YML121W
OG0001106	AN10247	YER140W
OG0001107	AN0906	YLR347C
OG0001108	AN6880	YDR017C
OG0001109	AN10194	YER172C
OG0001110	AN5443	YLR022C
OG0001111	AN0808	YAR003W
OG0001112	AN1969	YJL183W
OG0001113	AN4550	YLL018C
OG0001114	AN20003	Q0060
OG0001115	AN12045	YGL070C
OG0001116	AN6171	YHR148W
OG0001117	AN2735	YDR165W
OG0001118	AN7290	YPR094W
OG0001119	AN6345	YPR139C
OG0001120	AN1266	YBR237W
OG0001121	AN4887	YJL095W
OG0001122	AN1945	YOR131C
OG0001123	AN10832	YGR200C
OG0001124	AN0158	YBR046C
OG0001125	AN0632	YGR006W
OG0001126	AN2269	YLR362W
OG0001127	AN0117	YDR346C
OG0001128	AN0210	YER005W
OG0001129	AN10708	YFR050C
OG0001130	AN4880	YIL108W
OG0001131	AN0810	YLR207W
OG0001132	AN11070	YKL103C
OG0001133	AN4207	YPR029C
OG0001134	AN6150	YJR092W
OG0001135	AN8866	YER081W
OG0001136	AN0182	YNL098C
OG0001137	AN8259	YHL022C
OG0001138	AN5790	YNL037C
OG0001139	AN1325	YGR178C
OG0001140	AN11060	YIL003W
OG0001141	AN10010	YNL118C
OG0001142	AN1695	YPL247C
OG0001143	AN5959	YBR166C
OG0001144	AN5731	YGL148W
OG0001145	AN0134	YBR133C
OG0001146	AN4665	YIR005W
OG0001147	AN7469	YDR236C
OG0001148	AN8248	YDR470C
OG0001149	AN8853	YBR143C
OG0001150	AN1094	YMR145C
OG0001151	AN0421	YPR112C
OG0001152	AN0093	YML020W
OG0001153	AN5901	YJL072C
OG0001154	AN1479	YHR120W
OG0001155	AN2261	YCL004W
OG0001156	AN1391	YBL014C
OG0001157	AN4000	YER165W
OG0001158	AN1732	YOR348C
OG0001159	AN4939	YPL170W
OG0001160	AN3451	YLR272C
OG0001161	AN2051	YDR168W
OG0001162	AN4377	YGL151W
OG0001163	AN10253	YHR191C
OG0001164	AN20019	Q0250
OG0001165	AN2516	YDR388W
OG0001166	AN10757	YDR291W
OG0001167	AN0720	YLR172C
OG0001168	AN12204	YDR217C
OG0001169	AN4748	YDL213C
OG0001170	AN7447	YBR055C
OG0001171	AN8850	YIL097W
OG0001172	AN10415	YLR383W
OG0001173	AN4062	YDR169C
OG0001174	AN6080	YPL010W
OG0001175	AN11153	YLR004C
OG0001176	AN1084	YOR187W
OG0001177	AN1365	YMR077C
OG0001178	AN2934	YHR175W
OG0001179	AN10956	YOR244W
OG0001180	AN3955	YHR121W
OG0001181	AN4024	YJL123C
OG0001182	AN10161	YKL003C
OG0001183	AN4741	YCR081W
OG0001184	AN8183	YCR057C
OG0001185	AN3923	YGR184C
OG0001186	AN10129	YPL065W
OG0001187	AN2005	YDL235C
OG0001188	AN2224	YOR132W
OG0001189	AN8843	YHR025W
OG0001190	AN8869	YHR128W
OG0001191	AN7032	YBR038W
OG0001192	AN4734	YPR065W
OG0001193	AN8021	YDL185W
OG0001194	AN11250	YNL232W
OG0001195	AN10763	YDR448W
OG0001196	AN3134	YJL014W
OG0001197	AN8702	YDR092W
OG0001198	AN7289	YGR080W
OG0001199	AN1495	YFL017W-A
OG0001200	AN11853	YNL082W
OG0001201	AN5682	YDR414C
OG0001202	AN5991	YKL197C
OG0001203	AN2243	YOR303W
OG0001204	AN4454	YHR116W
OG0001205	AN10394	YDL008W
OG0001206	AN6628	YNL263C
OG0001207	AN1743	YML110C
OG0001208	AN10111	YPL152W
OG0001209	AN6118	YPL265W
OG0001210	AN0829	YGL248W
OG0001211	AN6687	YML069W
OG0001212	AN0844	YGR245C
OG0001213	AN5578	YLR424W
OG0001214	AN4411	YIR011C
OG0001215	AN5626	YLR153C
OG0001216	AN6248	YOR232W
OG0001217	AN8039	YOL012C
OG0001218	AN0705	YBL076C
OG0001219	AN5919	YCR068W
OG0001220	AN10232	YMR014W
OG0001221	AN0559	YGR082W
OG0001222	AN8683	YOL152W
OG0001223	AN6523	YNL271C
OG0001224	AN3584	YJL036W
OG0001225	AN6542	YFL039C
OG0001226	AN6305	YPL203W
OG0001227	AN8872	YML035C
OG0001228	AN3010	YOL093W
OG0001229	AN3732	YDL146W
OG0001230	AN0306	YNR035C
OG0001231	AN12491	YDR381W
OG0001232	AN6045	YMR038C
OG0001233	AN4309	YGR147C
OG0001234	AN2147	YMR229C
OG0001235	AN3686	YGL220W
OG0001236	AN11183	YOR210W
OG0001237	AN9400	YMR293C
OG0001238	AN10240	YEL019C
OG0001239	AN1401	YGR218W
OG0001240	AN0154	YDR167W
OG0001241	AN8710	YLR330W
OG0001242	AN0858	YLL026W
OG0001243	AN10118	YNL219C
OG0001244	AN6252	YIL021W
OG0001245	AN5614	YNL279W
OG0001246	AN4495	YIL039W
OG0001247	AN10170	YBR025C
OG0001248	AN3894	YJL200C
OG0001249	AN10991	YMR289W
OG0001250	AN4599	YLL035W
OG0001251	AN6978	YGL097W
OG0001252	AN2736	YJL029C
OG0001253	AN6170	YMR214W
OG0001254	AN2116	YLL056C
OG0001255	AN6160	YNL317W
OG0001256	AN1922	YPR108W
OG0001257	AN0121	YDL205C
OG0001258	AN6682	YML060W
OG0001259	AN6841	YMR150C
OG0001260	AN10803	YPR010C-A
OG0001261	AN5178	YGL256W
OG0001262	AN0640	YDR297W
OG0001263	AN6287	YDR298C
OG0001264	AN0897	YOR111W
OG0001265	AN10826	YOR115C
OG0001266	AN0434	YJR084W
OG0001267	AN2128	YOR058C
OG0001268	AN4891	YJL115W
OG0001269	AN2450	YDR390C
OG0001270	AN6998	YOR140W
OG0001271	AN4872	YLR167W
OG0001272	AN10353	YHR011W
OG0001273	AN2457	YKL149C
OG0001274	AN10017	YOL087C
OG0001275	AN5109	YDL124W
OG0001276	AN7562	YDR245W
OG0001277	AN5721	YDR333C
OG0001278	AN3592	YAL058W
OG0001279	AN0046	YPR033C
OG0001280	AN1892	YJL143W
OG0001281	AN6699	YPR004C
OG0001282	AN1951	YLR298C
OG0001283	AN6146	YKL170W
OG0001284	AN8182	YHR107C
OG0001285	AN11500	YBR254C
OG0001286	AN4611	YPR166C
OG0001287	AN5519	YJL024C
OG0001288	AN4445	YGR002C
OG0001289	AN0124	YNL207W
OG0001290	AN4997	YMR079W
OG0001291	AN2468	YFL055W
OG0001292	AN7001	YPL107W
OG0001293	AN5000	YJL097W
OG0001294	AN1095	YNL284C
OG0001295	AN1932	YCL033C
OG0001296	AN6347	YKL116C
OG0001297	AN4951	YJL154C
OG0001298	AN7206	YML064C
OG0001299	AN1060	YER169W
OG0001300	AN2123	YOL135C
OG0001301	AN0327	YPL235W
OG0001302	AN2968	YBR011C
OG0001303	AN10068	YDR266C
OG0001304	AN3810	YNL222W
OG0001305	AN4017	YGL161C
OG0001306	AN2500	YLR285W
OG0001307	AN3070	YDR188W
OG0001308	AN2973	YAL019W
OG0001309	AN3972	YKL215C
OG0001310	AN2211	YPR025C
OG0001311	AN3787	YPL096W
OG0001312	AN0406	YOR359W
OG0001313	AN3643	YNL297C
OG0001314	AN5788	YHR181W
OG0001315	AN1929	YML127W
OG0001316	AN11041	YKL084W
OG0001317	AN4563	YPL204W
OG0001318	AN8044	YLR389C
OG0001319	AN4560	YLR009W
OG0001320	AN10562	YER042W
OG0001321	AN2246	YDR283C
OG0001322	AN5119	YML014W
OG0001323	AN4468	YNL081C
OG0001324	AN12147	YDR538W
OG0001325	AN0057	YGR185C
OG0001326	AN4602	YGR078C
OG0001327	AN2155	YGL091C
OG0001328	AN8878	YDL193W
OG0001329	AN3223	YGR240C
OG0001330	AN1286	YBL008W
OG0001331	AN2510	YOR238W
OG0001332	AN6986	YNL321W
OG0001333	AN3841	YKL212W
OG0001334	AN3846	YKL184W
OG0001335	AN0595	YHR042W
OG0001336	AN3905	YIL153W
OG0001337	AN6189	YDR305C
OG0001338	AN4068	YPL244C
OG0001339	AN1198	YDR019C
OG0001340	AN3853	YDR430C
OG0001341	AN6376	YKL138C
OG0001342	AN5817	YDR300C
OG0001343	AN1558	YMR109W
OG0001344	AN6512	YFL028C
OG0001345	AN0359	YOR361C
OG0001346	AN1191	YDR510W
OG0001347	AN6139	YDL052C
OG0001348	AN1612	YML123C
OG0001349	AN4753	YGR112W
OG0001350	AN0722	YJR058C
OG0001351	AN6690	YMR166C
OG0001352	AN1528	YIL128W
OG0001353	AN8755	YPR006C
OG0001354	AN5675	YDR330W
OG0001355	AN0767	YNL147W
OG0001356	AN6822	YKR063C
OG0001357	AN3711	YMR223W
OG0001358	AN1394	YCR002C
OG0001359	AN4937	YLR262C-A
OG0001360	AN1708	YDR097C
OG0001361	AN8855	YBR141C
OG0001362	AN10980	YHR114W
OG0001363	AN5585	YLR100W
OG0001364	AN3058	YLR058C
OG0001365	AN7468	YBR239C
OG0001366	AN0706	YDL058W
OG0001367	AN5211	YFR019W
OG0001368	AN6391	YDL134C
OG0001369	AN8722	YDL084W
OG0001370	AN1211	YPR036W
OG0001371	AN5758	YNL206C
OG0001372	AN4031	YOR103C
OG0001373	AN9062	YJL180C
OG0001374	AN11136	YJR135W-A
OG0001375	AN8807	YLL002W
OG0001376	AN6735	YOR159C
OG0001377	AN5406	YNL088W
OG0001378	AN10844	YJL155C
OG0001379	AN5994	YKL151C
OG0001380	AN2278	YIL126W
OG0001381	AN8858	YCR065W
OG0001382	AN2263	YGL099W
OG0001383	AN7019	YPL116W
OG0001384	AN10413	YKR031C
OG0001385	AN9424	YBR135W
OG0001386	AN4456	YPR137W
OG0001387	AN5442	YMR297W
OG0001388	AN5732	YJL046W
OG0001389	AN7144	YDR493W
OG0001390	AN8246	YPR088C
OG0001391	AN7742	YCR028C-A
OG0001392	AN8188	YGR267C
OG0001393	AN1230	YLR393W
OG0001394	AN6225	YIL065C
OG0001395	AN1246	YCR012W
OG0001396	AN6267	YBL050W
OG0001397	AN6054	YJR144W
OG0001398	AN0289	YGR278W
OG0001399	AN12324	YBL086C
OG0001400	AN2302	YDR328C
OG0001401	AN6651	YPL226W
OG0001402	AN5098	YMR240C
OG0001403	AN0357	YOR065W
OG0001404	AN8671	YLR430W
OG0001405	AN0131	YLR250W
OG0001406	AN10354	YIR022W
OG0001407	AN7657	YOL030W
OG0001408	AN10324	YLR306W
OG0001409	AN10721	YNR046W
OG0001410	AN6195	YGL035C
OG0001411	AN2190	YOR239W
OG0001412	AN6874	YGL065C
OG0001413	AN4886	YER157W
OG0001414	AN5865	YPL093W
OG0001415	AN2495	YGL127C
OG0001416	AN2772	YNL172W
OG0001417	AN4401	YGR124W
OG0001418	AN6209	YLR359W
OG0001419	AN1229	YHL031C
OG0001420	AN5115	YKL089W
OG0001421	AN11892	YKR079C
OG0001422	AN4709	YLR240W
OG0001423	AN6210	YJL085W
OG0001424	AN7498	YJR070C
OG0001425	AN5812	YNL045W
OG0001426	AN9401	YBR026C
OG0001427	AN6200	YPL012W
OG0001428	AN8070	YDR437W
OG0001429	AN10519	YDL097C
OG0001430	AN1456	YAL043C
OG0001431	AN0184	YDR063W
OG0001432	AN0956	YML080W
OG0001433	AN8805	YMR068W
OG0001434	AN11773	YOR001W
OG0001435	AN4163	YMR116C
OG0001436	AN2014	YPL210C
OG0001437	AN7297	YBR289W
OG0001438	AN4490	YPL063W
OG0001439	AN6304	YOL078W
OG0001440	AN2940	YGR149W
OG0001441	AN4716	YJR075W
OG0001442	AN12476	YOL049W
OG0001443	AN9098	YJR129C
OG0001444	AN5903	YBR223C
OG0001445	AN10652	YDL086W
OG0001446	AN6886	YNL294C
OG0001447	AN0226	YDR054C
OG0001448	AN4331	YML095C
OG0001449	AN0696	YGL086W
OG0001450	AN4430	YCL009C
OG0001451	AN10642	YOL008W
OG0001452	AN0561	YDR061W
OG0001453	AN5666	YHR030C
OG0001454	AN5894	YLR418C
OG0001455	AN3784	YMR201C
OG0001456	AN12343	YPL041C
OG0001457	AN10249	YBL057C
OG0001458	AN10172	YOR222W
OG0001459	AN4046	YGR110W
OG0001460	AN8286	YPL155C
OG0001461	AN0714	YDL098C
OG0001462	AN0463	YLR422W
OG0001463	AN4742	YNL244C
OG0001464	AN1845	YDL212W
OG0001465	AN3824	YFL022C
OG0001466	AN8798	YDR320C
OG0001467	AN10854	YGL115W
OG0001468	AN6082	YGL030W
OG0001469	AN8042	YNL021W
OG0001470	AN10788	YPL084W
OG0001471	AN0447	YKL040C
OG0001472	AN10560	YFL013C
OG0001473	AN1104	YHR024C
OG0001474	AN8272	YPR190C
OG0001475	AN7431	YKL059C
OG0001476	AN0318	YGL008C
OG0001477	AN20005	Q0105
OG0001478	AN0248	YOR288C
OG0001479	AN10213	YPL120W
OG0001480	AN1802	YLR275W
OG0001481	AN1474	YOL010W
OG0001482	AN6520	YOR037W
OG0001483	AN5822	YJL187C
OG0001484	AN2487	YNL059C
OG0001485	AN6089	YLR259C
OG0001486	AN4389	YER142C
OG0001487	AN9460	YLR066W
OG0001488	AN10188	YDR454C
OG0001489	AN6593	YDR079W
OG0001490	AN5644	YMR110C
OG0001491	AN4380	YER070W
OG0001492	AN0440	YDR176W
OG0001493	AN2999	YDL066W
OG0001494	AN1851	YJL008C
OG0001495	AN10367	YEL031W
OG0001496	AN4265	YBL097W
OG0001497	AN1468	YPR178W
OG0001498	AN5131	YBL078C
OG0001499	AN2939	YPR125W
OG0001500	AN1342	YFL030W
OG0001501	AN7457	YPL162C
OG0001502	AN1565	YOL003C
OG0001503	AN4365	YPL164C
OG0001504	AN0914	YCR079W
OG0001505	AN9102	YOR340C
OG0001506	AN6679	YDR064W
OG0001507	AN1074	YAL044C
OG0001508	AN7602	YLR262C
OG0001509	AN7668	YKL069W
OG0001510	AN3019	YFR052W
OG0001511	AN2706	YDR402C
OG0001512	AN1126	YDL137W
OG0001513	AN0140	YJR065C
OG0001514	AN7462	YPR105C
OG0001515	AN10673	YNL123W
OG0001516	AN5483	YOR191W
OG0001517	AN11347	YDL067C
OG0001518	AN1059	YAR035W
OG0001519	AN10965	YCR090C
OG0001520	AN12235	YMR231W
OG0001521	AN1353	YML098W
OG0001522	AN1521	YDR404C
OG0001523	AN5616	YJL060W
OG0001524	AN7559	YMR227C
OG0001525	AN0241	YJR104C
OG0001526	AN1989	YDR294C
OG0001527	AN10280	YGR063C
OG0001528	AN10925	YMR026C
OG0001529	AN10446	YLR361C
OG0001530	AN7287	YJR095W
OG0001531	AN11687	YPR061C
OG0001532	AN6708	YNL071W
OG0001533	AN10132	YOL108C
OG0001534	AN3148	YDR104C
OG0001535	AN1223	YLR243W
OG0001536	AN11140	YDR028C
OG0001537	AN6741	YER143W
OG0001538	AN6340	YPR141C
OG0001539	AN7682	YLR170C
OG0001540	AN0062	YNL119W
OG0001541	AN1149	YBR269C
OG0001542	AN6048	YLR027C
OG0001543	AN2304	YEL037C
OG0001544	AN4597	YLR086W
OG0001545	AN4028	YFL034W
OG0001546	AN2245	YDL209C
OG0001547	AN10351	YHR113W
OG0001548	AN0410	YER133W
OG0001549	AN1918	YKR097W
OG0001550	AN6254	YLR348C
OG0001551	AN6639	YPR002W
OG0001552	AN6589	YLL031C
OG0001553	AN0436	YDR255C
OG0001554	AN6541	YGL234W
OG0001555	AN3455	YGR090W
OG0001556	AN7143	YGR285C
OG0001557	AN1045	YDL051W
OG0001558	AN10765	YDR429C
OG0001559	AN0865	YNL092W
OG0001560	AN7051	YGL184C
OG0001561	AN4759	YNL272C
OG0001562	AN10943	YPL146C
OG0001563	AN0067	YJL026W
OG0001564	AN11072	YOR245C
OG0001565	AN0676	YLR212C
OG0001566	AN1367	YMR049C
OG0001567	AN6112	YAL026C
OG0001568	AN6443	YGR281W
OG0001569	AN4086	YLR060W
OG0001570	AN8863	YKR048C
OG0001571	AN6555	YMR210W
OG0001572	AN3012	YDR335W
OG0001573	AN11244	YDR105C
OG0001574	AN10615	YLR116W
OG0001575	AN0083	YPL129W
OG0001576	AN10230	YLR017W
OG0001577	AN2416	YPR066W
OG0001578	AN3815	YLR313C
OG0001579	AN10922	YNL252C
OG0001580	AN8691	YNL221C
OG0001581	AN4258	YKL024C
OG0001582	AN6525	YOR388C
OG0001583	AN10033	YDR100W
OG0001584	AN2751	YCR077C
OG0001585	AN4539	YBL049W
OG0001586	AN8780	YDL104C
OG0001587	AN0848	YMR211W
OG0001588	AN0796	YKL099C
OG0001589	AN0461	YKR092C
OG0001590	AN2248	YGR019W
OG0001591	AN2213	YDL007W
OG0001592	AN0926	YBR017C
OG0001593	AN2903	YPL154C
OG0001594	AN3657	YOL021C
OG0001595	AN11975	YJR034W
OG0001596	AN3789	YJR008W
OG0001597	AN1205	YML094W
OG0001598	AN3178	YIL084C
OG0001599	AN1018	YLR114C
OG0001600	AN3422	YDL159W
OG0001601	AN12054	YBR112C
OG0001602	AN3907	YGR274C
OG0001603	AN6083	YLR075W
OG0001604	AN5678	YKR039W
OG0001605	AN10874	YER100W
OG0001606	AN7111	YKR009C
OG0001607	AN5128	YER030W
OG0001608	AN3843	YKR016W
OG0001609	AN4226	YLL011W
OG0001610	AN8712	YMR260C
OG0001611	AN1105	YNL131W
OG0001612	AN3005	YNL212W
OG0001613	AN3689	YKR017C
OG0001614	AN0091	YDR440W
OG0001615	AN0708	YDR127W
OG0001616	AN2743	YBR079C
OG0001617	AN2441	YPL003W
OG0001618	AN11886	YMR013C
OG0001619	AN5571	YIL125W
OG0001620	AN2119	YPL006W
OG0001621	AN2317	YLL050C
OG0001622	AN0667	YER003C
OG0001623	AN0747	YLR163C
OG0001624	AN2740	YOR360C
OG0001625	AN10278	YGR207C
OG0001626	AN0605	YNL094W
OG0001627	AN1949	YMR290C
OG0001628	AN5634	YER065C
OG0001629	AN7569	YGR096W
OG0001630	AN10639	YDR434W
OG0001631	AN0260	YKL045W
OG0001632	AN4094	YNL280C
OG0001633	AN4478	YBR235W
OG0001634	AN3928	YGR144W
OG0001635	AN7449	YER050C
OG0001636	AN0817	YLR403W
OG0001637	AN4617	YOL142W
OG0001638	AN5778	YBR234C
OG0001639	AN10824	YLR345W
OG0001640	AN7699	YGR165W
OG0001641	AN1924	YGL166W
OG0001642	AN11107	YPL060W
OG0001643	AN7587	YFR016C
OG0001644	AN6566	YKL190W
OG0001645	AN7105	YMR309C
OG0001646	AN8848	YGL225W
OG0001647	AN3169	YOL061W
OG0001648	AN5867	YJL071W
OG0001649	AN2126	YKL007W
OG0001650	AN6354	YJL197W
OG0001651	AN3658	YKL221W
OG0001652	AN4443	YER091C
OG0001653	AN3644	YGL087C
OG0001654	AN4234	YEL058W
OG0001655	AN0780	YER152C
OG0001656	AN3756	YJL001W
OG0001657	AN2731	YNL064C
OG0001658	AN3937	YGR093W
OG0001659	AN20014	Q0045
OG0001660	AN5574	YOL146W
OG0001661	AN2864	YCR098C
OG0001662	AN6897	YBR179C
OG0001663	AN6922	YOR091W
OG0001664	AN6531	YGL095C
OG0001665	AN0292	YBR198C
OG0001666	AN10593	YGR208W
OG0001667	AN6157	YEL021W
OG0001668	AN5530	YDL043C
OG0001669	AN10361	YHR070W
OG0001670	AN3132	YPL103C
OG0001671	AN7031	YPR045C
OG0001672	AN9403	YBR221C
OG0001673	AN1554	YBL061C
OG0001674	AN7252	YCL032W
OG0001675	AN11162	YPL126W
OG0001676	AN3901	YML054C
OG0001677	AN0943	YPR020W
OG0001678	AN0445	YMR121C
OG0001679	AN11902	YER183C
OG0001680	AN8229	YER154W
OG0001681	AN10251	YHL010C
OG0001682	AN10522	YBR074W
OG0001683	AN8800	YNL247W
OG0001684	AN4760	YJL203W
OG0001685	AN1954	YDR175C
OG0001686	AN4178	YER156C
OG0001687	AN6368	YDR341C
OG0001688	AN5827	YNR011C
OG0001689	AN2930	YNL168C
OG0001690	AN1965	YER099C
OG0001691	AN4307	YIL157C
OG0001692	AN2000	YLL039C
OG0001693	AN2420	YMR288W
OG0001694	AN6302	YBL038W
OG0001695	AN2862	YER016W
OG0001696	AN0137	YPL110C
OG0001697	AN2769	YDR145W
OG0001698	AN5972	YGL137W
OG0001699	AN6202	YOR063W
OG0001700	AN4583	YLR216C
OG0001701	AN10258	YLR127C
OG0001702	AN2090	YPL263C
OG0001703	AN1099	YAR014C
OG0001704	AN4861	YGL043W
OG0001705	AN7444	YOR070C
OG0001706	AN0871	YDR331W
OG0001707	AN1526	YKL207W
OG0001708	AN12478	YML056C
OG0001709	AN10501	YJL025W
OG0001710	AN8231	YOL052C
OG0001711	AN10125	YLL008W
OG0001712	AN8720	YKR043C
OG0001713	AN1513	YGR012W
OG0001714	AN3116	YGR246C
OG0001715	AN5162	YER178W
OG0001716	AN5718	YPL260W
OG0001717	AN7723	YBR060C
OG0001718	AN6272	YDR376W
OG0001719	AN4771	YNL182C
OG0001720	AN7429	YHR144C
OG0001721	AN1510	YML130C
OG0001722	AN8824	YPR016C
OG0001723	AN1666	YNR053C
OG0001724	AN10839	YHR009C
OG0001725	AN0475	YML093W
OG0001726	AN3913	YJL005W
OG0001727	AN9086	YKR068C
OG0001728	AN11102	YFR010W
OG0001729	AN0976	YOL148C
OG0001730	AN4064	YBR085W
OG0001731	AN12465	YFL018C
OG0001732	AN10459	YDR211W
OG0001733	AN5875	YCL059C
OG0001734	AN2981	YNL241C
OG0001735	AN0106	YBL105C
OG0001736	AN5996	YDR382W
OG0001737	AN5569	YDR311W
OG0001738	AN0591	YDL045C
OG0001739	AN1339	YER125W
OG0001740	AN3586	YGR255C
OG0001741	AN6492	YOR358W
OG0001742	AN4032	YKR086W
OG0001743	AN10941	YOL123W
OG0001744	AN7301	YOR067C
OG0001745	AN4167	YAL048C
OG0001746	AN1340	YIR001C
OG0001747	AN5151	YLR023C
OG0001748	AN10756	YER093C
OG0001749	AN4161	YMR114C
OG0001750	AN6014	YOR317W
OG0001751	AN5144	YIL107C
OG0001752	AN10186	YOR216C
OG0001753	AN8769	YOR327C
OG0001754	AN8215	YPL023C
OG0001755	AN3619	YNL250W
OG0001756	AN6689	YLL023C
OG0001757	AN10474	YGL105W
OG0001758	AN5724	YGR062C
OG0001759	AN9399	YLR015W
OG0001760	AN7464	YGL167C
OG0001761	AN5186	YER151C
OG0001762	AN4718	YPL234C
OG0001763	AN5134	YDL171C
OG0001764	AN7367	YIL164C
OG0001765	AN10215	YDR244W
OG0001766	AN1024	YFR038W
OG0001767	AN8284	YHR059W
OG0001768	AN10701	YER026C
OG0001769	AN6182	YBR018C
OG0001770	AN7704	YKL213C
OG0001771	AN1026	YKL052C
OG0001772	AN5814	YPR040W
OG0001773	AN3413	YGL123W
OG0001774	AN0166	YOL069W
OG0001775	AN10020	YHR027C
OG0001776	AN2882	YJR139C
OG0001777	AN5057	YFR028C
OG0001778	AN6975	YBR136W
OG0001779	AN2489	YPL042C
OG0001780	AN1076	YNR039C
OG0001781	AN9140	YMR221C
OG0001782	AN0581	YHR032W
OG0001783	AN4928	YPR086W
OG0001784	AN2986	YGR058W
OG0001785	AN4666	YGR223C
OG0001786	AN4441	YMR161W
OG0001787	AN4315	YFR009W
OG0001788	AN1349	YDL189W
OG0001789	AN1486	YHR062C
OG0001790	AN10675	YLR351C
OG0001791	AN7438	YLR071C
OG0001792	AN0298	YPR107C
OG0001793	AN2065	YGL094C
OG0001794	AN6297	YPL132W
OG0001795	AN3424	YHR073W
OG0001796	AN2996	YOR298C-A
OG0001797	AN8748	YLR118C
OG0001798	AN1255	YER164W
OG0001799	AN10433	YDR161W
OG0001800	AN1069	YHR142W
OG0001801	AN6618	YDL234C
OG0001802	AN10586	YHR063C
OG0001803	AN12336	YGR230W
OG0001804	AN2430	YNL187W
OG0001805	AN3431	YFR047C
OG0001806	AN4439	YCL047C
OG0001807	AN1263	YER043C
OG0001808	AN1843	YGL183C
OG0001809	AN2455	YGR211W
OG0001810	AN1407	YHR122W
OG0001811	AN5668	YBR290W
OG0001812	AN5910	YBR279W
OG0001813	AN1434	YDL148C
OG0001814	AN5525	YLR304C
OG0001815	AN1453	YAL013W
OG0001816	AN11774	YNL051W
OG0001817	AN7737	YOR351C
OG0001818	AN2975	YGR105W
OG0001819	AN8277	YLR303W
OG0001820	AN10856	YNL163C
OG0001821	AN5618	YOR257W
OG0001822	AN5702	YKL082C
OG0001823	AN5887	YNL331C
OG0001824	AN8874	YLL001W
OG0001825	AN0439	YEL062W
OG0001826	AN3628	YDL040C
OG0001827	AN8065	YLR370C
OG0001828	AN3622	YOR301W
OG0001829	AN2294	YPL086C
OG0001830	AN10193	YPL236C
OG0001831	AN1447	YKL144C
OG0001832	AN2775	YGR054W
OG0001833	AN0450	YGL211W
OG0001834	AN5880	YGR020C
OG0001835	AN6010	YJR045C
OG0001836	AN0205	YIL145C
OG0001837	AN4518	YOL138C
OG0001838	AN1452	YOL041C
OG0001839	AN3441	YDR074W
OG0001840	AN1971	YDR190C
OG0001841	AN6300	YBR087W
OG0001842	AN10337	YER021W
OG0001843	AN8834	YHR088W
OG0001844	AN7480	YPL184C
OG0001845	AN5888	YBR243C
OG0001846	AN4616	YHR064C
OG0001847	AN8073	YNL061W
OG0001848	AN10340	YBR003W
OG0001849	AN0444	YJR036C
OG0001850	AN11715	YER074W-A
OG0001851	AN6033	YER122C
OG0001852	AN8865	YPR161C
OG0001853	AN4940	YML128C
OG0001854	AN0295	YBR170C
OG0001855	AN2432	YOR020C
OG0001856	AN7489	YER061C
OG0001857	AN11900	YLR078C
OG0001858	AN7652	YKL017C
OG0001859	AN1751	YBR061C
OG0001860	AN2901	YPL111W
OG0001861	AN1162	YAL003W
OG0001862	AN4896	YDL230W
OG0001863	AN9396	YKR035W-A
OG0001864	AN1379	YER107C
OG0001865	AN4397	YBR222C
OG0001866	AN6085	YKL078W
OG0001867	AN2094	YDR141C
OG0001868	AN10063	YIR002C
OG0001869	AN4174	YML004C
OG0001870	AN0039	YNL011C
OG0001871	AN8795	YPL259C
OG0001872	AN0161	YOR250C
OG0001873	AN1461	YDR057W
OG0001874	AN7030	YBR200W
OG0001875	AN3581	YDR353W
OG0001876	AN6843	YML025C
OG0001877	AN5898	YDL165W
OG0001878	AN5011	YCR017C
OG0001879	AN6694	YMR078C
OG0001880	AN7649	YEL020W-A
OG0001881	AN4464	YMR120C
OG0001882	AN11052	YGL173C
OG0001883	AN4727	YBR019C
OG0001884	AN3157	YPR003C
OG0001885	AN10191	YGR270W
OG0001886	AN4731	YBR173C
OG0001887	AN3408	YKR093W
OG0001888	AN9370	YOR378W
OG0001889	AN5196	YDR364C
OG0001890	AN2491	YBL023C
OG0001891	AN1256	YDR091C
OG0001892	AN10707	YLR247C
OG0001893	AN0583	YDL031W
OG0001894	AN11419	YLR325C
OG0001895	AN0966	YBR231C
OG0001896	AN8001	YKL095W
OG0001897	AN0752	YBR154C
OG0001898	AN3454	YMR129W
OG0001899	AN0116	YNL185C
OG0001900	AN6193	YBL022C
OG0001901	AN4763	YLR246W
OG0001902	AN5795	YHR119W
OG0001903	AN1326	YOR112W
OG0001904	AN6221	YKR034W
OG0001905	AN4303	YGR007W
OG0001906	AN5719	YDL081C
OG0001907	AN6280	YDL076C
OG0001908	AN12201	YPL252C
OG0001909	AN2101	YPL269W
OG0001910	AN3027	YGR029W
OG0001911	AN2963	YFL008W
OG0001912	AN5926	YGL198W
OG0001913	AN1390	YNL259C
OG0001914	AN3060	YLR200W
OG0001915	AN11721	YHR164C
OG0001916	AN0422	YBR083W
OG0001917	AN8224	YGL245W
OG0001918	AN10453	YJL054W
OG0001919	AN5346	YBR110W
OG0001920	AN10497	YEL032W
OG0001921	AN4449	YER094C
OG0001922	AN1560	YMR001C
OG0001923	AN0270	YEL029C
OG0001924	AN3118	YDR386W
OG0001925	AN5497	YDR487C
OG0001926	AN11802	YGL047W
OG0001927	AN0665	YIL076W
OG0001928	AN9406	YDR120C
OG0001929	AN5872	YGR253C
OG0001930	AN10778	YFL016C
OG0001931	AN0727	YDR473C
OG0001932	AN11699	YOR252W
OG0001933	AN10806	YDL001W
OG0001934	AN4386	YLR253W
OG0001935	AN2499	YKL110C
OG0001936	AN1999	YOL096C
OG0001937	AN11071	YOR057W
OG0001938	AN10718	YOL143C
OG0001939	AN0429	YHR005C-A
OG0001940	AN10568	YGL080W
OG0001941	AN10030	YEL060C
OG0001942	AN4947	YPR183W
OG0001943	AN7487	YLR229C
OG0001944	AN9486	YOR196C
OG0001945	AN4159	YPR035W
OG0001946	AN4499	YJL041W
OG0001947	AN0138	YPR056W
OG0001948	AN2266	YLR148W
OG0001949	AN7108	YGR205W
OG0001950	AN4832	YPL166W
OG0001951	AN6568	YDR257C
OG0001952	AN5738	YBL013W
OG0001953	AN4014	YDR484W
OG0001954	AN3003	YLR073C
OG0001955	AN5861	YBR159W
OG0001956	AN4652	YNL177C
OG0001957	AN0329	YGR048W
OG0001958	AN2860	YMR318C
OG0001959	AN7743	YKL178C
OG0001960	AN7436	YCL043C
OG0001961	AN2306	YEL024W
OG0001962	AN8293	YLR409C
OG0001963	AN4956	YMR108W
OG0001964	AN0809	YDL140C
OG0001965	AN4235	YCR044C
OG0001966	AN3728	YMR296C
OG0001967	AN0259	YER170W
OG0001968	AN6598	YJL207C
OG0001969	AN4863	YLL009C
OG0001970	AN6610	YGR036C
OG0001971	AN6270	YHR151C
OG0001972	AN4603	YIR027C
OG0001973	AN3034	YIL070C
OG0001974	AN1296	YJL087C
OG0001975	AN3691	YER047C
OG0001976	AN7681	YDR005C
OG0001977	AN3167	YOR310C
OG0001978	AN0084	YDR002W
OG0001979	AN1935	YOR367W
OG0001980	AN5982	YKL203C
OG0001981	AN4670	YLR055C
OG0001982	AN7626	YKR090W
OG0001983	AN0237	YKL014C
OG0001984	AN2965	YGL003C
OG0001985	AN5804	YOR022C
OG0001986	AN10781	YER112W
OG0001987	AN6351	YDL113C
OG0001988	AN10350	YPR097W
OG0001989	AN6506	YLR056W
OG0001990	AN4927	YLR295C
OG0001991	AN2223	YJL102W
OG0001992	AN0317	YBL047C
OG0001993	AN8831	YCR009C
OG0001994	AN3001	YPR106W
OG0001995	AN0646	YMR080C
OG0001996	AN3080	YHR098C
OG0001997	AN0960	YAL034W-A
OG0001998	AN3941	YMR036C
OG0001999	AN4648	YMR093W
OG0002000	AN3745	YOR294W
OG0002001	AN3104	YIR029W
OG0002002	AN4376	YOR375C
OG0002003	AN5797	YLR410W
OG0002004	AN7424	YGL078C
OG0002005	AN11859	YPR140W
OG0002006	AN5516	YIL072W
OG0002007	AN10281	YGR123C
OG0002008	AN0818	YLR401C
OG0002009	AN1983	YDR398W
OG0002010	AN2299	YNL237W
OG0002011	AN9497	YKL033W-A
OG0002012	AN4876	YDR080W
OG0002013	AN1771	YMR065W
OG0002014	AN0346	YBR192W
OG0002015	AN2120	YER110C
OG0002016	AN4789	YPL167C
OG0002017	AN0874	YKR002W
OG0002018	AN11055	YBL058W
OG0002019	AN3646	YDR152W
OG0002020	AN2081	YGL164C
OG0002021	AN6490	YLR209C
OG0002022	AN4034	YBL021C
OG0002023	AN4087	YNL178W
OG0002024	AN0192	YOR224C
OG0002025	AN10465	YPL246C
OG0002026	AN4894	YBR081C
OG0002027	AN7674	YER002W
OG0002028	AN5121	YOR261C
OG0002029	AN0502	YPL207W
OG0002030	AN3224	YER022W
OG0002031	AN10837	YMR300C
OG0002032	AN3708	YDL125C
OG0002033	AN4290	YPR118W
OG0002034	AN1181	YNL142W
OG0002035	AN10865	YDR339C
OG0002036	AN5633	YOL122C
OG0002037	AN10316	YOR116C
OG0002038	AN3177	YOR311C
OG0002039	AN6988	YGL048C
OG0002040	AN11126	YBR042C
OG0002041	AN7103	YJR035W
OG0002042	AN3999	YGL141W
OG0002043	AN0589	YJL033W
OG0002044	AN6896	YJL090C
OG0002045	AN8173	YCR059C
OG0002046	AN1420	YMR140W
OG0002047	AN2284	YDR232W
OG0002048	AN6503	YOR113W
OG0002049	AN5656	YBR043C
OG0002050	AN5216	YGR258C
OG0002051	AN2315	YJR121W
OG0002052	AN5592	YAL041W
OG0002053	AN8056	YDR325W
OG0002054	AN1165	YBR265W
OG0002055	AN2871	YKL054C
OG0002056	AN1757	YGR135W
OG0002057	AN7757	YDR150W
OG0002058	AN4713	YNL217W
OG0002059	AN0911	YGL240W
OG0002060	AN4585	YIL038C
OG0002061	AN3869	YMR208W
OG0002062	AN1488	YOL013C
OG0002063	AN4733	YIL047C
OG0002064	AN8785	YPR021C
OG0002065	AN0594	YIL129C
OG0002066	AN6243	YJL106W
OG0002067	AN1179	YBR105C
OG0002068	AN5912	YBR164C
OG0002069	AN0689	YMR280C
OG0002070	AN1393	YCR003W
OG0002071	AN1636	YGR076C
OG0002072	AN7029	YEL052W
OG0002073	AN4065	YNL308C
OG0002074	AN0629	YIR038C
OG0002075	AN11230	YDR115W
OG0002076	AN5495	YOR339C
OG0002077	AN1117	YGR284C
OG0002078	AN4965	YCR093W
OG0002079	AN8180	YAL032C
OG0002080	AN2052	YLR188W
OG0002081	AN1668	YDR460W
OG0002082	AN2069	YNL111C
OG0002083	AN1207	YML065W
OG0002084	AN5452	YML049C
OG0002085	AN5174	YPL149W
OG0002086	AN10237	YLL027W
OG0002087	AN4414	YNR043W
OG0002088	AN7184	YGL174W
OG0002089	AN5521	YLR045C
OG0002090	AN6334	YPL217C
OG0002091	AN11131	YKL160W
OG0002092	AN0104	YBL082C
OG0002093	AN2693	YHR040W
OG0002094	AN7325	YDL102W
OG0002095	AN10871	YJL003W
OG0002096	AN4559	YLR008C
OG0002097	AN3014	YPR189W
OG0002098	AN5770	YFR041C
OG0002099	AN1986	YDL120W
OG0002100	AN6643	YGR286C
OG0002101	AN10055	YOL077C
OG0002102	AN8035	YGL073W
OG0002103	AN9467	YOR014W
OG0002104	AN0302	YBR007C
OG0002105	AN4457	YER012W
OG0002106	AN2071	YNR006W
OG0002107	AN0762	YKL179C
OG0002108	AN1017	YLR113W
OG0002109	AN4769	YJR010W
OG0002110	AN4202	YIL133C
OG0002111	AN8782	YJL068C
OG0002112	AN0066	YKL120W
OG0002113	AN4492	YFR004W
OG0002114	AN5717	YMR308C
OG0002115	AN8847	YDR183W
OG0002116	AN3716	YDR427W
OG0002117	AN2301	YJL189W
OG0002118	AN11065	YHR072W
OG0002119	AN10823	YIL134W
OG0002120	AN6702	YFL025C
OG0002121	AN4483	YLR248W
OG0002122	AN10266	YKL210W
OG0002123	AN10298	YOR184W
OG0002124	AN1915	YER141W
OG0002125	AN7632	YDL168W
OG0002126	AN4977	YOR356W
OG0002127	AN2412	YOL016C
OG0002128	AN6864	YGR083C
OG0002129	AN0827	YJL091C
OG0002130	AN5803	YDR129C
OG0002131	AN10002	YJL039C
OG0002132	AN11776	YOL114C
OG0002133	AN0891	YLR014C
OG0002134	AN3155	YOR087W
OG0002135	AN6707	YDR332W
OG0002136	AN6257	YDL195W
OG0002137	AN2525	YKL218C
OG0002138	AN11910	YML036W
OG0002139	AN3757	YNL320W
OG0002140	AN11128	YOL145C
OG0002141	AN1064	YGR119C
OG0002142	AN6162	YDR410C
OG0002143	AN2918	YDL143W
OG0002144	AN8075	YHR068W
OG0002145	AN4757	YDR204W
OG0002146	AN3918	YBR286W
OG0002147	AN11978	YPR063C
OG0002148	AN0089	YML001W
OG0002149	AN2076	YPR185W
OG0002150	AN10516	YJR090C
OG0002151	AN5679	YER146W
OG0002152	AN6973	YGR060W
OG0002153	AN4305	YKL088W
OG0002154	AN5768	YKL051W
OG0002155	AN7361	YOL033W
OG0002156	AN10282	YMR027W
OG0002157	AN1522	YGL010W
OG0002158	AN7734	YJR060W
OG0002159	AN9077	YDR334W
OG0002160	AN3920	YER014W
OG0002161	AN1753	YER004W
OG0002162	AN10618	YJL010C
OG0002163	AN0164	YNR032W
OG0002164	AN4271	YJR052W
OG0002165	AN4570	YGL244W
OG0002166	AN2752	YOR099W
OG0002167	AN10963	YBL026W
OG0002168	AN4993	YPR051W
OG0002169	AN3412	YLR251W
OG0002170	AN0918	YMR272C
OG0002171	AN1164	YDL153C
OG0002172	AN0794	YMR236W
OG0002173	AN0692	YGR210C
OG0002174	AN7630	YIR012W
OG0002175	AN1377	YML104C
OG0002176	AN7715	YPL227C
OG0002177	AN11932	YDR313C
OG0002178	AN3459	YFR044C
OG0002179	AN3675	YEL009C
OG0002180	AN11770	YMR071C
OG0002181	AN2181	YKL058W
OG0002182	AN2850	YPL138C
OG0002183	AN5136	YDR512C
OG0002184	AN1711	YHR170W
OG0002185	AN7304	YHR002W
OG0002186	AN4462	YBR218C
OG0002187	AN6223	YDR308C
OG0002188	AN3384	YLL063C
OG0002189	AN5013	YLR107W
OG0002190	AN5341	YDR373W
OG0002191	AN1508	YLR132C
OG0002192	AN1231	YCR014C
OG0002193	AN11059	YLR286C
OG0002194	AN10584	YER048W-A
OG0002195	AN5166	YBR029C
OG0002196	AN10184	YGL203C
OG0002197	AN7554	YER049W
OG0002198	AN3370	YJR013W
OG0002199	AN1272	YOR039W
OG0002200	AN4865	YGR159C
OG0002201	AN1335	YNL006W
OG0002202	AN1775	YHR188C
OG0002203	AN3583	YNL238W
OG0002204	AN1148	YDR452W
OG0002205	AN4697	YDR459C
OG0002206	AN2011	YMR162C
OG0002207	AN10557	YOR204W
OG0002208	AN5893	YLR452C
OG0002209	AN1973	YMR197C
OG0002210	AN0312	YKL125W
OG0002211	AN4987	YIL033C
OG0002212	AN1445	YIL110W
OG0002213	AN4043	YPL243W
OG0002214	AN6346	YJR016C
OG0002215	AN9526	YLR026C
OG0002216	AN11135	YNL316C
OG0002217	AN4346	YNL110C
OG0002218	AN0637	YNR038W
OG0002219	AN6074	YGL044C
OG0002220	AN2296	YLR176C
OG0002221	AN10934	YNL326C
OG0002222	AN2848	YPR082C
OG0002223	AN1950	YAL053W
OG0002224	AN4165	YML012W
OG0002225	AN12017	YJL012C
OG0002226	AN8247	YPR143W
OG0002227	AN5512	YER134C
OG0002228	AN5156	YOL001W
OG0002229	AN3944	YEL055C
OG0002230	AN4469	YOR272W
OG0002231	AN7659	YOR046C
OG0002232	AN6364	YJL074C
OG0002233	AN1002	YDR166C
OG0002234	AN4310	YGR233C
OG0002235	AN1022	YDL183C
OG0002236	AN4399	YDL064W
OG0002237	AN1066	YNR018W
OG0002238	AN9106	YDR058C
OG0002239	AN10754	YIL063C
OG0002240	AN0931	YJL128C
OG0002241	AN2048	YOL018C
OG0002242	AN5868	YLR242C
OG0002243	AN4830	YIL083C
OG0002244	AN7499	YDR180W
OG0002245	AN1883	YOL058W
OG0002246	AN3470	YNL223W
OG0002247	AN4842	YBR037C
OG0002248	AN8258	YMR022W
OG0002249	AN6614	YIL048W
OG0002250	AN0978	YOR260W
OG0002251	AN7747	YPR147C
OG0002252	AN6893	YEL015W
OG0002253	AN5759	YPL150W
OG0002254	AN8876	YER173W
OG0002255	AN9340	YPR026W
OG0002256	AN3751	YJR098C
OG0002257	AN0133	YGL120C
OG0002258	AN10677	YGL163C
OG0002259	AN10804	YJL059W
OG0002260	AN2520	YFL026W
OG0002261	AN4803	YBR189W
OG0002262	AN9469	YOR150W
OG0002263	AN2734	YLR340W
OG0002264	AN9090	YHR086W
OG0002265	AN0239	YCR032W
OG0002266	AN1093	YOR211C
OG0002267	AN2946	YHR028C
OG0002268	AN6179	YDR139C
OG0002269	AN3588	YNR030W
OG0002270	AN2867	YMR105C
OG0002271	AN2327	YHR111W
OG0002272	AN8836	YNL298W
OG0002273	AN2268	YDR237W
OG0002274	AN10724	YNL044W
OG0002275	AN1700	YIL075C
OG0002276	AN5998	YHR207C
OG0002277	AN1694	YGR277C
OG0002278	AN9408	YKL182W
OG0002279	AN3170	YFL001W
OG0002280	AN10709	YKL104C
OG0002281	AN12205	YLR104W
OG0002282	AN10195	YGR094W
OG0002283	AN6374	YLR276C
OG0002284	AN5677	YFL047W
OG0002285	AN4983	YDR051C
OG0002286	AN5194	YCR011C
OG0002287	AN1177	YDR238C
OG0002288	AN12344	YOL026C
OG0002289	AN10711	YFL046W
OG0002290	AN1990	YDL131W
OG0002291	AN10164	YNL016W
OG0002292	AN7047	YGR028W
OG0002293	AN3954	YHR183W
OG0002294	AN3922	YGR183C
OG0002295	AN6853	YNL231C
OG0002296	AN8828	YML077W
OG0002297	AN1324	YLR319C
OG0002298	AN11778	YIL162W
OG0002299	AN1968	YDL015C
OG0002300	AN4853	YMR063W
OG0002301	AN6825	YDR472W
OG0002302	AN1733	YHR037W
OG0002303	AN1662	YPL225W
OG0002304	AN7007	YNL273W
OG0002305	AN0453	YNL289W
OG0002306	AN10455	YOR278W
OG0002307	AN3067	YNL262W
OG0002308	AN8854	YJR001W
OG0002309	AN12437	YBR261C
OG0002310	AN2961	YJR141W
OG0002311	AN7766	YDR090C
OG0002312	AN1779	YDR052C
OG0002313	AN10416	YGL103W
OG0002314	AN6982	YER075C
OG0002315	AN0990	YLR277C
OG0002316	AN6369	YOL075C
OG0002317	AN7701	YPL013C
OG0002318	AN6677	YDR469W
OG0002319	AN0490	YBL039C
OG0002320	AN6119	YHR132C
OG0002321	AN5725	YNL048W
OG0002322	AN0072	YNL292W
OG0002323	AN2757	YPR091C
OG0002324	AN6636	YHR039C
OG0002325	AN6900	YDR050C
OG0002326	AN3760	YCR087C-A
OG0002327	AN7422	YBR058C
OG0002328	AN6288	YIL106W
OG0002329	AN4908	YMR012W
OG0002330	AN0579	YPL117C
OG0002331	AN7755	YLR323C
OG0002332	AN1271	YDR428C
OG0002333	AN7679	YML067C
OG0002334	AN4416	YOR036W
OG0002335	AN0648	YKL211C
OG0002336	AN5009	YPL190C
OG0002337	AN6142	YPL178W
OG0002338	AN6515	YOR164C
OG0002339	AN0407	YGR047C
OG0002340	AN5785	YOR145C
OG0002341	AN10828	YNL070W
OG0002342	AN6685	YLR084C
OG0002343	AN3946	YGR188C
OG0002344	AN4351	YOR275C
OG0002345	AN4707	YJR050W
OG0002346	AN2313	YDR393W
OG0002347	AN3932	YPR103W
OG0002348	AN11730	YJR074W
OG0002349	AN0913	YPR113W
OG0002350	AN4991	YKL004W
OG0002351	AN6920	YKL041W
OG0002352	AN3702	YPL160W
OG0002353	AN10150	YGR282C
OG0002354	AN5600	YBR002C
OG0002355	AN5102	YGL207W
OG0002356	AN12304	YNR032C-A
OG0002357	AN2087	YMR190C
OG0002358	AN0469	YNR013C
OG0002359	AN10611	YGR216C
OG0002360	AN12203	YLR105C
OG0002361	AN6631	YKL016C
OG0002362	AN7455	YER051W
OG0002363	AN4569	YOR125C
OG0002364	AN6505	YCR084C
OG0002365	AN1634	YDR243C
OG0002366	AN3867	YKL019W
OG0002367	AN10437	YGL221C
OG0002368	AN3806	YGL194C
OG0002369	AN9125	YNR003C
OG0002370	AN4572	YMR130W
OG0002371	AN3363	YBL063W
OG0002372	AN8690	YFR011C
OG0002373	AN11995	YDR302W
OG0002374	AN2983	YOR188W
OG0002375	AN3794	YDR324C
OG0002376	AN1019	YDL132W
OG0002377	AN6612	YAL025C
OG0002378	AN0565	YJL130C
OG0002379	AN10441	YNL041C
OG0002380	AN0123	YDR405W
OG0002381	AN3771	YMR132C
OG0002382	AN11862	YBR137W
OG0002383	AN1209	YGR232W
OG0002384	AN0244	YAL002W
OG0002385	AN3663	YDL119C
OG0002386	AN12167	YNL310C
OG0002387	AN1188	YNL286W
OG0002388	AN10450	YOL124C
OG0002389	AN6508	YMR139W
OG0002390	AN10918	YMR004W
OG0002391	AN10261	YMR123W
OG0002392	AN10564	YBL104C
OG0002393	AN8849	YIL096C
OG0002394	AN2138	YLR419W
OG0002395	AN0044	YLR032W
OG0002396	AN3092	YAL024C
OG0002397	AN6293	YPL133C
OG0002398	AN5951	YGL231C
OG0002399	AN2485	YEL044W
OG0002400	AN6575	YNL039W
OG0002401	AN6325	YGL224C
OG0002402	AN2745	YPR131C
OG0002403	AN5514	YGL251C
OG0002404	AN10088	YKL193C
OG0002405	AN6068	YKL033W
OG0002406	AN1200	YDR060W
OG0002407	AN5215	YPL183C
OG0002408	AN6265	YER082C
OG0002409	AN11224	YMR239C
OG0002410	AN0325	YGR031W
OG0002411	AN3826	YLR459W
OG0002412	AN10139	YDR117C
OG0002413	AN2226	YNL139C
OG0002414	AN2308	YJR040W
OG0002415	AN10622	YKL053C-A
OG0002416	AN4593	YGL110C
OG0002417	AN0472	YLR144C
OG0002418	AN1832	YOL154W
OG0002419	AN12322	YJR110W
OG0002420	AN8605	YDR155C
OG0002421	AN1004	YNL136W
OG0002422	AN6866	YPR060C
OG0002423	AN4547	YNL287W
OG0002424	AN0907	YJL190C
OG0002425	AN2944	YIR023W
OG0002426	AN0128	YOL141W
OG0002427	AN4220	YGL242C
OG0002428	AN7770	YNL202W
OG0002429	AN8276	YNL251C
OG0002430	AN6700	YNL014W
OG0002431	AN6591	YGL238W
OG0002432	AN2926	YER126C
OG0002433	AN9438	YDR435C
OG0002434	AN0118	YKR054C
OG0002435	AN1875	YBR267W
OG0002436	AN6341	YLR429W
OG0002437	AN0745	YDL014W
OG0002438	AN1524	YKR080W
OG0002439	AN2765	YPL127C
OG0002440	AN4684	YKL140W
OG0002441	AN3438	YBL060W
OG0002442	AN6906	YLL036C
OG0002443	AN2852	YIL130W
OG0002444	AN2900	YBL080C
OG0002445	AN5638	YHL013C
OG0002446	AN2303	YOR149C
OG0002447	AN10060	YPR184W
OG0002448	AN4774	YKR069W
OG0002449	AN0999	YNL138W
OG0002450	AN7698	YER118C
OG0002451	AN10429	YNL010W
OG0002452	AN4587	YDL200C
OG0002453	AN5879	YDL046W
OG0002454	AN7721	YLR378C
OG0002455	AN8787	YKL205W
OG0002456	AN7016	YBL037W
OG0002457	AN10944	YMR213W
OG0002458	AN6546	YJR044C
OG0002459	AN1746	YKL010C
OG0002460	AN3576	YDR084C
OG0002461	AN9359	YMR033W
OG0002462	AN7000	YGR244C
OG0002463	AN8842	YNL291C
OG0002464	AN11008	YGR175C
OG0002465	AN3678	YML097C
OG0002466	AN12237	YCR088W
OG0002467	AN7503	YDR365C
OG0002468	AN5378	YEL065W
OG0002469	AN4967	YBR094W
OG0002470	AN8212	YBR228W
OG0002471	AN6734	YOR160W
OG0002472	AN12121	YIL008W
OG0002473	AN0142	YBR251W
OG0002474	AN0664	YPL268W
OG0002475	AN0144	YNR047W
OG0002476	AN10743	YIL041W
OG0002477	AN0111	YDR416W
OG0002478	AN6488	YDR268W
OG0002479	AN0922	YFR051C
OG0002480	AN1403	YGL040C
OG0002481	AN8817	YHL020C
OG0002482	AN2067	YHL007C
OG0002483	AN4892	YMR061W
OG0002484	AN0831	YMR171C
OG0002485	AN10545	YOR043W
OG0002486	AN10239	YBR236C
OG0002487	AN5523	YBR126C
OG0002488	AN1860	YLR290C
OG0002489	AN2143	YIL026C
OG0002490	AN5801	YPR011C
OG0002491	AN7672	YPL050C
OG0002492	AN8810	YHR045W
OG0002493	AN4279	YDL101C
OG0002494	AN4073	YOR369C
OG0002495	AN5597	YFR033C
OG0002496	AN0056	YOR322C
OG0002497	AN3461	YBR291C
OG0002498	AN7994	YLR274W
OG0002499	AN10791	YJL100W
OG0002500	AN6251	YOR163W
OG0002501	AN0687	YPR069C
OG0002502	AN5206	YIL094C
OG0002503	AN0304	YHR134W
OG0002504	AN0423	YHR104W
OG0002505	AN0451	YMR202W
OG0002506	AN1175	YDR087C
OG0002507	AN8194	YDL018C
OG0002508	AN5148	YJR101W
OG0002509	AN8118	YHR051W
OG0002510	AN5746	YGR254W
OG0002511	AN5114	YNL072W
OG0002512	AN5405	YIL101C
OG0002513	AN8121	YGR061C
OG0002514	AN8851	YLR175W
OG0002515	AN1344	YLR291C
OG0002516	AN11252	YJR025C
OG0002517	AN10313	YMR292W
OG0002518	AN7722	YMR062C
OG0002519	AN8274	YMR241W
OG0002520	AN11837	YAL044W-A
OG0002521	AN9393	YJR124C
OG0002522	AN10414	YPL008W
OG0002523	AN4045	YAL009W
OG0002524	AN4233	YHR065C
OG0002525	AN3719	YBL016W
OG0002526	AN2279	YPR028W
OG0002527	AN1295	YCR051W
OG0002528	AN1859	YNL107W
OG0002529	AN5787	YPL115C
OG0002530	AN0183	YMR178W
OG0002531	AN8856	YOL127W
OG0002532	AN4552	YMR106C
OG0002533	AN4915	YOR089C
OG0002534	AN4976	YER148W
OG0002535	AN0685	YLR063W
OG0002536	AN2513	YGR262C
OG0002537	AN5210	YAL038W
OG0002538	AN2262	YKL143W
OG0002539	AN3064	YOR289W
OG0002540	AN1511	YLR191W
OG0002541	AN3712	YAL049C
OG0002542	AN3038	YMR265C
OG0002543	AN1709	YPL097W
OG0002544	AN6191	YNR029C
OG0002545	AN4836	YBR220C
OG0002546	AN0868	YJR019C
OG0002547	AN12485	YGR266W
OG0002548	AN12389	YKL134C
OG0002549	AN5221	YGL093W
OG0002550	AN4719	YLR371W
OG0002551	AN7423	YAR007C
OG0002552	AN3673	YJL179W
OG0002553	AN7049	YKL165C
OG0002554	AN4667	YJR076C
OG0002555	AN6122	YKL175W
OG0002556	AN10722	YOR124C
OG0002557	AN1075	YKL034W
OG0002558	AN1247	YOR292C
OG0002559	AN1652	YER130C
OG0002560	AN4555	YLR234W
OG0002561	AN2938	YLR151C
OG0002562	AN9402	YHR202W
OG0002563	AN5482	YLR293C
OG0002564	AN8256	YNL005C
OG0002565	AN5978	YPL118W
OG0002566	AN1158	YDR293C
OG0002567	AN7145	YBR065C
OG0002568	AN6266	YDL060W
OG0002569	AN8257	YJR100C
OG0002570	AN10849	YDL077C
OG0002571	AN4274	YDR524C
OG0002572	AN2756	YNL243W
OG0002573	AN6269	YPL094C
OG0002574	AN0211	YPL213W
OG0002575	AN4706	YHR023W
OG0002576	AN8672	YER166W
OG0002577	AN1208	YPL151C
OG0002578	AN4745	YBR260C
OG0002579	AN0034	YML070W
OG0002580	AN2771	YDR527W
OG0002581	AN10248	YBL071W-A
OG0002582	AN0200	YLR126C
OG0002583	AN6585	YMR128W
OG0002584	AN1980	YPL249C
OG0002585	AN4409	YJL088W
OG0002586	AN5895	YER136W
OG0002587	AN4723	YPL029W
OG0002588	AN10058	YCR072C
OG0002589	AN11746	YGL130W
OG0002590	AN2062	YJL034W
OG0002591	AN10563	YDR481C
OG0002592	AN2290	YHR084W
OG0002593	AN6977	YMR048W
OG0002594	AN5192	YBR041W
OG0002595	AN12474	YER068W
OG0002596	AN10609	YLR077W
OG0002597	AN6536	YOR202W
OG0002598	AN3123	YJR140C
OG0002599	AN9126	YOR064C
OG0002600	AN6710	YBR213W
OG0002601	AN4980	YBR028C
OG0002602	AN11007	YPR055W
OG0002603	AN8790	YGR194C
OG0002604	AN0806	YNL035C
OG0002605	AN2893	YLR016C
OG0002606	AN7736	YDR049W
OG0002607	AN2686	YDR016C
OG0002608	AN4694	YPL181W
OG0002609	AN8211	YJR119C
OG0002610	AN2057	YGL068W
OG0002611	AN1409	YPL028W
OG0002612	AN8232	YGL112C
OG0002613	AN6521	YDR234W
OG0002614	AN11930	YER179W
OG0002615	AN10171	YHL023C
OG0002616	AN11232	YPL076W
OG0002617	AN7628	YNR052C
OG0002618	AN12057	YPR155C
OG0002619	AN0225	YLL048C
OG0002620	AN6306	YGR181W
OG0002621	AN4330	YPL043W
OG0002622	AN5010	YDR449C
OG0002623	AN7458	YJL069C
OG0002624	AN0582	YNL312W
OG0002625	AN0715	YJR089W
OG0002626	AN10212	YKL162C
OG0002627	AN11775	YJL004C
OG0002628	AN8059	YDL217C
OG0002629	AN6310	YLR106C
OG0002630	AN1462	YBL007C
OG0002631	AN5815	YPL209C
OG0002632	AN1343	YHR004C
OG0002633	AN5757	YNL154C
OG0002634	AN5588	YPR024W
OG0002635	AN2998	YGR204W
OG0002636	AN10470	YJR006W
OG0002637	AN1085	YOR165W
OG0002638	AN0165	YGR261C
OG0002639	AN1698	YML010W
OG0002640	AN12011	YLR281C
OG0002641	AN8799	YJL125C
OG0002642	AN8064	YNL290W
OG0002643	AN4513	YGL216W
OG0002644	AN0310	YLR196W
OG0002645	AN0695	YDL208W
OG0002646	AN8337	YGL255W
OG0002647	AN1760	YBR217W
OG0002648	AN10393	YPL040C
OG0002649	AN9528	YLL006W
OG0002650	AN11813	YIL007C
OG0002651	AN3458	YKR085C
OG0002652	AN2887	YPR049C
OG0002653	AN5347	YDR205W
OG0002654	AN6072	YDR465C
OG0002655	AN2085	YOR157C
OG0002656	AN10189	YOR021C
OG0002657	AN8285	YDL108W
OG0002658	AN2093	YGL124C
OG0002659	AN10119	YKL025C
OG0002660	AN2518	YDR189W
OG0002661	AN6149	YGL064C
OG0002662	AN0470	YJR113C
OG0002663	AN20006	Q0115
OG0002664	AN1780	YER078C
OG0002665	AN10178	YLL018C-A
OG0002666	AN1280	YML002W
OG0002667	AN1120	YLR337C
OG0002668	AN5130	YDR044W
OG0002669	AN0843	YJR123W
OG0002670	AN0411	YPL218W
OG0002671	AN5627	YGL092W
OG0002672	AN2417	YGR099W
OG0002673	AN2210	YER036C
OG0002674	AN5701	YBR249C
OG0002675	AN6564	YBR146W
OG0002676	AN6627	YDR292C
OG0002677	AN8868	YCR027C
OG0002678	AN8701	YDR128W
OG0002679	AN4053	YPL125W
OG0002680	AN0235	YHR079C
OG0002681	AN0275	YCR075C
OG0002682	AN3799	YLR130C
OG0002683	AN10134	YBR271W
OG0002684	AN6522	YMR023C
OG0002685	AN6688	YLR314C
OG0002686	AN6577	YGL236C
OG0002687	AN5992	YBR202W
OG0002688	AN0554	YOR374W
OG0002689	AN12213	YJL166W
OG0002690	AN4453	YOL076W
OG0002691	AN4899	YDL065C
OG0002692	AN0625	YNL022C
OG0002693	AN10734	YGL195W
OG0002694	AN4419	YIR026C
OG0002695	AN10878	YGR172C
OG0002696	AN6980	YFR002W
OG0002697	AN6993	YJR133W
OG0002698	AN1380	YGR264C
OG0002699	AN4728	YCL045C
OG0002700	AN5577	YHR008C
OG0002701	AN3150	YJL101C
OG0002702	AN1222	YDR502C
OG0002703	AN2914	YHR018C
OG0002704	AN7354	YBL092W
OG0002705	AN1003	YOR136W
OG0002706	AN6253	YPR047W
OG0002707	AN9436	YER171W
OG0002708	AN2737	YPL169C
OG0002709	AN4187	YPL082C
OG0002710	AN4287	YOR307C
OG0002711	AN11141	YOR320C
OG0002712	AN4301	YIL010W
OG0002713	AN6842	YDR322W
OG0002714	AN7309	YCR066W
OG0002715	AN3821	YJR125C
OG0002716	AN3084	YOR059C
OG0002717	AN0802	YMR165C
OG0002718	AN12299	YOL073C
OG0002719	AN4952	YNL091W
OG0002720	AN7526	YDR299W
OG0002721	AN6166	YKL028W
OG0002722	AN0598	YOL086W-A
OG0002723	AN4308	YGR220C
OG0002724	AN0387	YOR386W
OG0002725	AN2135	YDL150W
OG0002726	AN10539	YNL024C
OG0002727	AN2707	YBR180W
OG0002728	AN8010	YFR015C
OG0002729	AN8216	YKL067W
OG0002730	AN1631	YGR055W
OG0002731	AN6599	YGR021W
OG0002732	AN3748	YER055C
OG0002733	AN9419	YOR335C
OG0002734	AN1545	YGL190C
OG0002735	AN2970	YDL236W
OG0002736	AN10570	YPR073C
OG0002737	AN7576	YDL240W
OG0002738	AN20012	Q0275
OG0002739	AN1966	YDR457W
OG0002740	AN6572	YGL119W
OG0002741	AN1921	YOL147C
OG0002742	AN3144	YDR323C
OG0002743	AN0770	YDL091C
OG0002744	AN5599	YBL011W
OG0002745	AN2124	YDR284C
OG0002746	AN4460	YLR222C
OG0002747	AN1931	YIL044C
OG0002748	AN7603	YHR026W
OG0002749	AN5779	YIR009W
OG0002750	AN10712	YHR089C
OG0002751	AN11706	YPR089W
OG0002752	AN7205	YMR131C
OG0002753	AN6328	YKR051W
OG0002754	AN3071	YMR127C
OG0002755	AN12152	YNR041C
OG0002756	AN2969	YJR068W
OG0002757	AN10903	YDL238C
OG0002758	AN6513	YOR274W
OG0002759	AN2905	YPL016W
OG0002760	AN0381	YIL142W
OG0002761	AN3313	YPL266W
OG0002762	AN3832	YLR069C
OG0002763	AN0659	YJR041C
OG0002764	AN3439	YKR030W
OG0002765	AN6286	YMR196W
OG0002766	AN5602	YDR214W
OG0002767	AN3927	YER019W
OG0002768	AN6550	YNR033W
OG0002769	AN1555	YBR023C
OG0002770	AN3593	YJR024C
OG0002771	AN10451	YDL201W
OG0002772	AN5862	YER044C
OG0002773	AN4048	YMR262W
OG0002774	AN4867	YNL126W
OG0002775	AN10200	YKR081C
OG0002776	AN7106	YPL002C
OG0002777	AN4623	YOR336W
OG0002778	AN3168	YLR447C
OG0002779	AN2747	YPR187W
OG0002780	AN11226	YBL040C
OG0002781	AN7009	YLR085C
OG0002782	AN10635	YPR135W
OG0002783	AN6417	YNR055C
OG0002784	AN2984	YBR182C
OG0002785	AN8713	YPL022W
OG0002786	AN10439	YLR088W
OG0002787	AN6902	YKL009W
OG0002788	AN12358	YOR305W
OG0002789	AN2875	YKL060C
OG0002790	AN4231	YBR256C
OG0002791	AN4269	YOL005C
OG0002792	AN12319	YMR286W
OG0002793	AN7677	YDR479C
OG0002794	AN7752	YOR176W
OG0002795	AN7441	YJL081C
OG0002796	AN6911	YPL045W
OG0002797	AN11885	YLR143W
OG0002798	AN11040	YDR196C
OG0002799	AN0321	YOR207C
OG0002800	AN3879	YJL127C
OG0002801	AN4093	YGL243W
OG0002802	AN4322	YGL083W
OG0002803	AN10827	YCL012C
OG0002804	AN1260	YGR091W
OG0002805	AN5722	YOR090C
OG0002806	AN2508	YCL017C
OG0002807	AN6037	YBR196C
OG0002808	AN5531	YER007W
OG0002809	AN5200	YBL098W
OG0002810	AN4224	YJR116W
OG0002811	AN7035	YDR415C
OG0002812	AN3642	YJL053W
OG0002813	AN10018	YNL003C
OG0002814	AN0074	YKL172W
OG0002815	AN0707	YOR048C
OG0002816	AN7709	YMR283C
OG0002817	AN4566	YNL192W
OG0002818	AN4589	YDR086C
OG0002819	AN5438	YBR155W
OG0002820	AN8254	YHR072W-A
OG0002821	AN1665	YJL057C
OG0002822	AN6349	YMR259C
OG0002823	AN1459	YJR143C
OG0002824	AN5747	YOR259C
OG0002825	AN3665	YGR125W
OG0002826	AN5610	YBR115C
OG0002827	AN4949	YDR362C
OG0002828	AN3602	YAL021C
OG0002829	AN4304	YPL059W
OG0002830	AN2008	YHR100C
OG0002831	AN6736	YMR200W
OG0002832	AN6232	YBR127C
OG0002833	AN1996	YFR048W
OG0002834	AN10682	YLR386W
OG0002835	AN4633	YPL098C
OG0002836	AN3131	YDR375C
OG0002837	AN0163	YDL135C
OG0002838	AN10007	YLR438C-A
OG0002839	AN4755	YMR002W
OG0002840	AN6530	YOR175C
OG0002841	AN9094	YDL103C
OG0002842	AN8066	YNL062C
OG0002843	AN1249	YKL012W
OG0002844	AN7673	YIL023C
OG0002845	AN2761	YBR082C
OG0002846	AN10955	YOL080C
OG0002847	AN4650	YNL152W
OG0002848	AN8857	YCR063W
OG0002849	AN8879	YLR166C
OG0002850	AN1538	YGR005C
OG0002851	AN11163	YHR204W
OG0002852	AN4075	YDR400W
OG0002853	AN5736	YBR070C
OG0002854	AN5217	YGR086C
OG0002855	AN10809	YER159C
OG0002856	AN5643	YOR304W
OG0002857	AN8291	YPL195W
OG0002858	AN0097	YOR005C
OG0002859	AN5866	YDR071C
OG0002860	AN1904	YJR064W
OG0002861	AN8187	YEL056W
OG0002862	AN8674	YOR332W
OG0002863	AN1210	YJR134C
OG0002864	AN0668	YCL010C
OG0002865	AN6574	YDL074C
OG0002866	AN3720	YNL049C
OG0002867	AN0228	YGL201C
OG0002868	AN8023	YKR001C
OG0002869	AN8280	YER015W
OG0002870	AN3004	YPL196W
OG0002871	AN9079	YOR296W
OG0002872	AN11104	YOR181W
OG0002873	AN4251	YHL004W
OG0002874	AN10067	YKR065C
OG0002875	AN6069	YDL164C
OG0002876	AN1133	YNL305C
OG0002877	AN0261	YPR181C
OG0002878	AN11894	YBR022W
OG0002879	AN0189	YBR257W
OG0002880	AN2567	YJR085C
OG0002881	AN1769	YOL064C
OG0002882	AN0418	YHL016C
OG0002883	AN7513	YML007W
OG0002884	AN1533	YPR144C
OG0002885	AN1527	YDR262W
OG0002886	AN11005	YLL029W
OG0002887	AN8706	YFL017C
OG0002888	AN0804	YGR024C
OG0002889	AN10614	YLR150W
OG0002890	AN3714	YCR061W
OG0002891	AN8721	YPL030W
OG0002892	AN10145	YDR004W
OG0002893	AN0725	YNL265C
OG0002894	AN4942	YER009W
OG0002895	AN7428	YHR171W
OG0002896	AN4085	YAL016W
OG0002897	AN9398	YBR247C
OG0002898	AN7015	YPL122C
OG0002899	AN0936	YKL194C
OG0002900	AN1023	YNL084C
OG0002901	AN0870	YJR077C
OG0002902	AN4384	YMR113W
OG0002903	AN10651	YIL156W-B
OG0002904	AN2096	YGL084C
OG0002905	AN0716	YGR046W
OG0002906	AN11344	YDR320C-A
OG0002907	AN2283	YNL248C
OG0002908	AN10032	YDL004W
OG0002909	AN9446	YDR531W
OG0002910	AN6399	YNL239W
OG0002911	AN10962	YMR137C
OG0002912	AN6493	YGL233W
OG0002913	AN5185	YLR427W
OG0002914	AN0462	YER008C
OG0002915	AN5356	YOR100C
OG0002916	AN0636	YPL175W
OG0002917	AN11056	YML015C
OG0002918	AN7430	YBR248C
OG0002919	AN6303	YOR217W
OG0002920	AN4515	YEL040W
OG0002921	AN0757	YBL024W
OG0002922	AN9148	YKL035W
OG0002923	AN6070	YPR019W
OG0002924	AN7254	YDL126C
OG0002925	AN1366	YLL034C
OG0002926	AN7300	YMR075W
OG0002927	AN5132	YDL198C
OG0002928	AN2481	YML059C
OG0002929	AN10241	YOR223W
OG0002930	AN4266	YDL206W
OG0002931	AN1957	YOR201C
OG0002932	AN4708	YMR097C
OG0002933	AN4164	YOL071W
OG0002934	AN4869	YGL011C
OG0002935	AN0420	YDR424C
OG0002936	AN8485	YKR071C
OG0002937	AN2238	YNL007C
OG0002938	AN8264	YNL193W
OG0002939	AN2172	YNL025C
OG0002940	AN9474	YPL088W
OG0002941	AN0821	YOL009C
OG0002942	AN4168	YFR024C-A
OG0002943	AN10645	YGR053C
OG0002944	AN6015	YHR124W
OG0002945	AN7726	YDR159W
OG0002946	AN3785	YML102W
OG0002947	AN5526	YLR074C
OG0002948	AN1844	YGL045W
OG0002949	AN9061	YNL224C
OG0002950	AN12419	YOR341W
OG0002951	AN2438	YOR262W
OG0002952	AN3632	YNL240C
OG0002953	AN6055	YDL141W
OG0002954	AN2292	YIL019W
OG0002955	AN4283	YLR005W
OG0002956	AN4317	YLR208W
OG0002957	AN5793	YOR362C
OG0002958	AN8875	YEL004W
OG0002959	AN5886	YGL009C
OG0002960	AN10710	YFL045C
OG0002961	AN6078	YNL141W
OG0002962	AN10585	YGL191W
OG0002963	AN12408	YEL013W
OG0002964	AN3948	YML038C
OG0002965	AN4033	YEL003W
OG0002966	AN0988	YLL019C
OG0002967	AN2991	YLR099W-A
OG0002968	AN1722	YPL172C
OG0002969	AN1259	YLR117C
OG0002970	AN4978	YDR432W
OG0002971	AN10052	YOR004W
OG0002972	AN4710	YDL105W
OG0002973	AN11898	YKL195W
OG0002974	AN4523	YHR165C
OG0002975	AN5897	YLR439W
OG0002976	AN11110	YNL040W
OG0002977	AN7439	YPR175W
OG0002978	AN1352	YNL024C-A
OG0002979	AN10214	YEL020C
OG0002980	AN2139	YOR258W
OG0002981	AN9409	YGR187C
OG0002982	AN10475	YOL097C
OG0002983	AN0290	YIL034C
OG0002984	AN12337	YOR154W
OG0002985	AN0240	YLR354C
OG0002986	AN5586	YDL055C
OG0002987	AN0560	YBR102C
OG0002988	AN5902	YGR227W
OG0002989	AN10445	YOR271C
OG0002990	AN2855	YHL027W
OG0002991	AN5911	YOR141C
OG0002992	AN5579	YLL040C
OG0002993	AN3149	YMR035W
OG0002994	AN7993	YDR027C
OG0002995	AN6653	YIR031C
OG0002996	AN6064	YOR126C
OG0002997	AN10243	YBL001C
OG0002998	AN1638	YKL157W
OG0002999	AN4534	YGR271C-A
OG0003000	AN4543	YIL064W
OG0003001	AN8846	YGR229C
OG0003002	AN6567	YFL024C
OG0003003	AN10492	YGL252C
OG0003004	AN3888	YBR293W
OG0003005	AN0120	YMR028W
OG0003006	AN10807	YLL032C
OG0003007	AN1547	YBL015W
OG0003008	AN5455	YJL109C
OG0003009	AN5799	YOR323C
OG0003010	AN6255	YLR038C
OG0003011	AN7314	YNL325C
OG0003012	AN1485	YOR061W
OG0003013	AN7185	YMR216C
OG0003014	AN0697	YCR030C
OG0003015	AN8204	YGL067W
OG0003016	AN3759	YPR037C
OG0003017	AN6214	YPL001W
OG0003018	AN6543	YBR101C
OG0003019	AN5836	YKL043W
OG0003020	AN10924	YER168C
OG0003021	AN5617	YNL218W
OG0003022	AN10290	YBR035C
OG0003023	AN1879	YBR281C
OG0003024	AN0129	YBR276C
OG0003025	AN10940	YGL136C
OG0003026	AN4407	YML032C
OG0003027	AN3056	YOL022C
OG0003028	AN4412	YJL050W
OG0003029	AN0086	YIL085C
OG0003030	AN8374	YPR194C
OG0003031	AN5704	YKL192C
OG0003032	AN3809	YGL037C
OG0003033	AN3669	YNL288W
OG0003034	AN2103	YDR511W
OG0003035	AN5806	YMR039C
OG0003036	AN3073	YCR024C
OG0003037	AN7506	YJR138W
OG0003038	AN9120	YOR151C
OG0003039	AN0847	YKL073W
OG0003040	AN10621	YOL090W
OG0003041	AN5918	YDR256C
OG0003042	AN3737	YDL156W
OG0003043	AN7545	YGL237C
OG0003044	AN7164	YDR539W
OG0003045	AN6717	YKL085W
OG0003046	AN10771	YGL169W
OG0003047	AN6904	YPR100W
OG0003048	AN6540	YOR017W
OG0003049	AN10917	YOR144C
OG0003050	AN2244	YGR173W
OG0003051	AN0556	YMR224C
OG0003052	AN4758	YMR074C
OG0003053	AN10755	YNL102W
OG0003054	AN10702	YDR221W
OG0003055	AN8687	YKR023W
OG0003056	AN1195	YKL080W
OG0003057	AN3656	YJL126W
OG0003058	AN8017	YCL039W
OG0003059	AN2759	YLR186W
OG0003060	AN1341	YHR012W
OG0003061	AN6705	YFR037C
OG0003062	AN9116	YOR209C
OG0003063	AN11565	YDR377W
OG0003064	AN4557	YMR089C
OG0003065	AN0709	YDL020C
OG0003066	AN2154	YGR157W
OG0003067	AN0092	YCL054W
OG0003068	AN5025	YMR020W
OG0003069	AN2440	YOR095C
OG0003070	AN7711	YBR111C
OG0003071	AN8837	YPL188W
OG0003072	AN2873	YIR034C
OG0003073	AN4601	YLR189C
OG0003074	AN0504	YDL047W
OG0003075	AN11146	YLR245C
OG0003076	AN6348	YNR017W
OG0003077	AN7451	YDL215C
OG0003078	AN5635	YDR001C
OG0003079	AN8830	YCR008W
OG0003080	AN3222	YOR155C
OG0003081	AN4095	YPR079W
OG0003082	AN5789	YCR047C
OG0003083	AN11004	YNR007C
OG0003084	AN5693	YJL104W
OG0003085	AN10345	YKL046C
OG0003086	AN6007	YLR398C
OG0003087	AN6898	YKL002W
OG0003088	AN0673	YDL029W
OG0003089	AN5816	YNR020C
OG0003090	AN6244	YDL111C
OG0003091	AN2212	YDR177W
OG0003092	AN3839	YLR195C
OG0003093	AN2288	YDR456W
OG0003094	AN1776	YDL087C
OG0003095	AN0076	YNL085W
OG0003096	AN0153	YPL128C
OG0003097	AN6604	YHR187W
OG0003098	AN1396	YIL155C
OG0003099	AN3938	YBL004W
OG0003100	AN8054	YOL038W
OG0003101	AN2904	YDR394W
OG0003102	AN1909	YBR062C
OG0003103	AN10019	YDL025C
OG0003104	AN10561	YER029C
OG0003105	AN5498	YKR062W
OG0003106	AN0190	YAR008W
OG0003107	AN4591	YMR278W
OG0003108	AN6086	YLR097C
OG0003109	AN0850	YKL047W
OG0003110	AN2705	YDR403W
OG0003111	AN0816	YOR194C
OG0003112	AN0191	YPL101W
OG0003113	AN10873	YNL026W
OG0003114	AN10012	YJR122W
OG0003115	AN10265	YEL036C
OG0003116	AN3579	YKR088C
OG0003117	AN4761	YDL095W
OG0003118	AN5518	YDR336W
OG0003119	AN10131	YLR420W
OG0003120	AN0700	YGL114W
OG0003121	AN10406	YHR069C
OG0003122	AN9083	YML022W
OG0003123	AN2281	YDR329C
OG0003124	AN0253	YOL006C
OG0003125	AN8012	YJL167W
OG0003126	AN3840	YOR241W
OG0003127	AN0880	YDR142C
OG0003128	AN7037	YLR417W
OG0003129	AN5127	YIL004C
OG0003130	AN3082	YLR115W
OG0003131	AN10594	YOR357C
OG0003132	AN9434	YOL098C
OG0003133	AN0558	YOL132W
OG0003134	AN2419	YGR009C
OG0003135	AN6501	YOR319W
OG0003136	AN0040	YOR330C
OG0003137	AN6496	YJL062W
OG0003138	AN3753	YLR318W
OG0003139	AN10540	YOL057W
OG0003140	AN10352	YLR197W
OG0003141	AN6695	YHR077C
OG0003142	AN5177	YPR169W
OG0003143	AN1015	YPR160W
OG0003144	AN1981	YJL031C
OG0003145	AN1923	YLR089C
OG0003146	AN5604	YLR377C
OG0003147	AN0293	YHR075C
OG0003148	AN3830	YER086W
OG0003149	AN5710	YHR108W
OG0003150	AN7104	YJL141C
OG0003151	AN2967	YNR015W
OG0003152	AN8770	YER069W
OG0003153	AN4969	YIL144W
OG0003154	AN0049	YMR281W
OG0003155	AN10521	YPR168W
OG0003156	AN5777	YJR107W
OG0003157	AN9500	YHR071W
OG0003158	AN9157	YOR168W
OG0003159		YDR213W, YLR228C
OG0003160		YER160C, YLR035C-A
